<?xml version="1.0" encoding="UTF-8"?>
<COMT_IN000004GB01 xsi:schemaLocation="urn:hl7-org:v3 ../../../Schemas/COMT_IN000004GB01.xsd" xmlns:npfitlc="NPFIT:HL7:Localisation" xmlns:xsi="http://www.w3.org/2001/XMLSchema-instance" xmlns="urn:hl7-org:v3">
    <id root="EA6E95A8-321A-40A0-9493-679C8027C5F4"/>
	<creationTime value="20012172005+00"/>
	<versionCode code="v3GPS_DMSv1.0:RC1"/>
	<interactionId root="2.16.840.1.113883.2.1.3.2.4.12" extension="COMT_IN000004GB01"/>
	<processingCode code="P"/>
	<processingModeCode code="T"/>
	<acceptAckCode code="NE"/>
	<communicationFunctionRcv typeCode="RCV">
		<device classCode="DEV" determinerCode="INSTANCE">
			<id root="1.2.826.0.1285.0.2.0.107" extension="007000000901"/>
		</device>
	</communicationFunctionRcv>
	<communicationFunctionSnd typeCode="SND">
		<device classCode="DEV" determinerCode="INSTANCE">
			<id root="1.2.826.0.1285.0.2.0.107" extension="007000000902"/>
		</device>
	</communicationFunctionSnd>
	<ControlActEvent classCode="CACT" moodCode="EVN">
		<author1 typeCode="AUT">
			<AgentSystemSDS classCode="AGNT">
				<agentSystemSDS classCode="DEV" determinerCode="INSTANCE">
					<id root="1.2.826.0.1285.0.2.0.107" extension="007000000902"/>
				</agentSystemSDS>
			</AgentSystemSDS>
		</author1>
		<subject typeCode="SUBJ" contextConductionInd="false">
<GPES-E-Q-NT classCode="OBS" moodCode="EVN" xmlns:gpes="http://www.ic.nhs.uk/GPES-I/Schema" xmlns:xsi="http://www.w3.org/2001/XMLSchema-instance" xmlns="urn:hl7-org:v3">
	<value mediaType="text/xml" representation="TXT">
		<gpes:GPES-E-Q-NT_Message GPES-I-Version="3.1" E-Q-NT-Message-Version="0.2">
			<gpes:E-Q-Notification E-Q-NT-UUID="6517B539-95D7-4DBC-82BE-E02F75564CB6" Issue-Date-Time="2001-12-17T09:30:47">
		<gpes:E-Q-Notification-Type>Stage1-Notification-Response</gpes:E-Q-Notification-Type>
		<gpes:Q-E-NT-UUID>D982111D-729A-4620-BD6E-834427E1538A</gpes:Q-E-NT-UUID>
		<gpes:Practice-ID>A12345</gpes:Practice-ID>
		<gpes:GP-System-Identifier>002.015.531.001</gpes:GP-System-Identifier>
		<gpes:Terminology-Identifiers>
			<gpes:CodeSchemeID>2.16.840.1.113883.6.31</gpes:CodeSchemeID>
			<gpes:Terminology-Name>CV3</gpes:Terminology-Name>
			<gpes:Terminology-Release>12.0</gpes:Terminology-Release>
		</gpes:Terminology-Identifiers>
		<gpes:Terminology-Identifiers>
			<gpes:CodeSchemeID>2.16.840.1.113883.6.31</gpes:CodeSchemeID>
			<gpes:Terminology-Name>DM+D</gpes:Terminology-Name>
			<gpes:Terminology-Release>11.5</gpes:Terminology-Release>
		</gpes:Terminology-Identifiers>
		<gpes:Scheduled-Query-Identifier-ID>A00001-000000000001-R</gpes:Scheduled-Query-Identifier-ID>
		<gpes:Stage1-Notification-Response>
			<gpes:Notification-Response Notification-Question-ID="1" Answer-ID="1" Contains-Free-Text="N"/>
			<gpes:Notification-Response Notification-Question-ID="2" Answer-ID="1" Contains-Free-Text="N"/>
		</gpes:Stage1-Notification-Response>
	</gpes:E-Q-Notification>
		</gpes:GPES-E-Q-NT_Message>
	</value>
	<id root="19C2662F-1C6E-4F38-9B3F-5084F46CE3E4"/>
	<code codeSystem="2.16.840.1.113883.2.1.3.2.4.17.324" code="GPES-E-Q-NT"/>
</GPES-E-Q-NT>
</subject>
	</ControlActEvent>
</COMT_IN000004GB01>
