<?xml version="1.0" encoding="UTF-8"?>
<COMT_IN000003GB01 xsi:schemaLocation="urn:hl7-org:v3 ../../../Schemas/COMT_IN000003GB01.xsd" xmlns:npfitlc="NPFIT:HL7:Localisation" xmlns:xsi="http://www.w3.org/2001/XMLSchema-instance" xmlns="urn:hl7-org:v3">
	<id root="EA6E95A8-321A-40A0-9493-679C8027C5F4"/>
	<creationTime value="20012172003+00"/>
	<versionCode code="v3GPS_DMSv1.0:RC1"/>
	<interactionId root="2.16.840.1.113883.2.1.3.2.4.12" extension="COMT_IN000003GB01"/>
	<processingCode code="P"/>
	<processingModeCode code="T"/>
	<acceptAckCode code="NE"/>
	<communicationFunctionRcv typeCode="RCV">
		<device classCode="DEV" determinerCode="INSTANCE">
			<id root="1.2.826.0.1285.0.2.0.107" extension="007000000902"/>
		</device>
	</communicationFunctionRcv>
	<communicationFunctionSnd typeCode="SND">
		<device classCode="DEV" determinerCode="INSTANCE">
			<id root="1.2.826.0.1285.0.2.0.107" extension="007000000901"/>
		</device>
	</communicationFunctionSnd>
	<ControlActEvent classCode="CACT" moodCode="EVN">
		<author1 typeCode="AUT">
			<AgentSystemSDS classCode="AGNT">
				<agentSystemSDS classCode="DEV" determinerCode="INSTANCE">
					<id root="1.2.826.0.1285.0.2.0.107" extension="007000000901"/>
				</agentSystemSDS>
			</AgentSystemSDS>
		</author1>
		<subject typeCode="SUBJ" contextConductionInd="false">
			<GPES-Q-E-NT classCode="OBS" moodCode="EVN" xmlns:gpes="http://www.ic.nhs.uk/GPES-I/Schema" xmlns:xsi="http://www.w3.org/2001/XMLSchema-instance" xmlns="urn:hl7-org:v3">
				<value mediaType="text/xml" representation="TXT">
					<gpes:GPES-Q-E-NT_Message GPES-I-Version="3.1" Q-E-NT-Message-Version="0.2">
						<gpes:Q-E-Notification Q-E-NT-UUID="D982111D-729A-4620-BD6E-834427E1538A" Issue-Date-Time="2001-12-17T09:30:47">
		<gpes:Q-E-Notification-Type>Stage1-Notification</gpes:Q-E-Notification-Type>
		<gpes:Stage1-Notification>
			<gpes:Practice-ID>A12345</gpes:Practice-ID>
			<gpes:Scheduled-Query-Identifier-ID>A00001-000000000001-R</gpes:Scheduled-Query-Identifier-ID>
			<gpes:Notification-Payload>
				<gpes:Notification-Title Order="1" Data-Format="text/plain">Stage 1 Notification</gpes:Notification-Title>
				<gpes:Notification-Narrative Order="2" Data-Format="text/HTML"><![CDATA[
To [Practice Name for A12345]
<br />

[Extraction Name]
<br /> <br />


This is to notify you that the GP Extraction Service (GPES) wishes to extract data from your clinical system within the period [date] to [date].
<br /> <br />

The data to be extracted is summarised below and is described in detail on the <a href="http://www.ic.nhs.uk/gpes">GPES Website</a>
<br />
[Customer Requirement Short Description]
<br />

Your current default preference for allowing [Query Type] queries to run on your system is [preference]
<br />  <br />

Last time this query was scheduled to run you [allowed : did not allow] it to run on your system <br />  <br />
  ]]></gpes:Notification-Narrative>
				<gpes:Notification-Question Order="3" Notification-Question-ID="1">
					<gpes:Question-Text Data-Format="text/plain">Please indicate whether you will allow this instance of the query to run on your system</gpes:Question-Text>
					<gpes:Allowed-Values>
						<gpes:Value Answer-ID="1">Yes</gpes:Value>
						<gpes:Value Answer-ID="2">No</gpes:Value>
					</gpes:Allowed-Values>
				</gpes:Notification-Question>
				<gpes:Notification-Question Order="4" Notification-Question-ID="2">
					<gpes:Question-Text Data-Format="text/plain">Please also indicate whether you wish to continue receiving notifications prior to this query being run in the future</gpes:Question-Text>
					<gpes:Allowed-Values>
						<gpes:Value Answer-ID="1">Yes</gpes:Value>
						<gpes:Value Answer-ID="2">No</gpes:Value>
					</gpes:Allowed-Values>
					<gpes:Question-Post-Text Data-Format="text/plain">Some nice text to go here that separates it from the next question or narrative</gpes:Question-Post-Text>
				</gpes:Notification-Question>
				<gpes:Notification-Narrative Order="5" Data-Format="text/HTML"><![CDATA[
If you do not respond to this notification before <date based on Stage 1 Decision Lead Time>  
then the query [will : will not] be run on your system as per your [previously supplied  
decision :  current default preference for allowing queries of this type] <br />  <br />

 
Useful GPET-Q user functions: You will need your smartcard to access these on [link to GPET-Q]
<br><br>
"Set GP Practice Participation Defaults" allows you to change your default preference for allowing queries of various types to run on your system <br>

"Set GP Practice Participation Decisions" allows you to set or change decisions for specific instances of specific queries. i.e. to 
allow them to run and / or the extracted data to be sent to the GPES customer.
<br>					
]]></gpes:Notification-Narrative>
			</gpes:Notification-Payload>
		</gpes:Stage1-Notification>
	</gpes:Q-E-Notification>
</gpes:GPES-Q-E-NT_Message>
				</value>
				<id root="18C2662F-1C6E-4F38-9B3F-5084F46CE3E3"/>
				<code codeSystem="2.16.840.1.113883.2.1.3.2.4.17.324" code="GPES-Q-E-NT"/>
			</GPES-Q-E-NT>
		</subject>
	</ControlActEvent>
</COMT_IN000003GB01>
