<?xml version="1.0" encoding="UTF-8"?>
<COMT_IN000004GB01 xsi:schemaLocation="urn:hl7-org:v3 ../../../Schemas/COMT_IN000004GB01.xsd" xmlns:npfitlc="NPFIT:HL7:Localisation" xmlns:xsi="http://www.w3.org/2001/XMLSchema-instance" xmlns="urn:hl7-org:v3">
    <id root="EA6E95A8-321A-40A0-9493-679C8027C5F4"/>
	<creationTime value="20012172006+00"/>
	<versionCode code="v3GPS_DMSv1.0:RC1"/>
	<interactionId root="2.16.840.1.113883.2.1.3.2.4.12" extension="COMT_IN000004GB01"/>
	<processingCode code="P"/>
	<processingModeCode code="T"/>
	<acceptAckCode code="NE"/>
	<communicationFunctionRcv typeCode="RCV">
		<device classCode="DEV" determinerCode="INSTANCE">
			<id root="1.2.826.0.1285.0.2.0.107" extension="007000000901"/>
		</device>
	</communicationFunctionRcv>
	<communicationFunctionSnd typeCode="SND">
		<device classCode="DEV" determinerCode="INSTANCE">
			<id root="1.2.826.0.1285.0.2.0.107" extension="007000000902"/>
		</device>
	</communicationFunctionSnd>
	<ControlActEvent classCode="CACT" moodCode="EVN">
		<author1 typeCode="AUT">
			<AgentSystemSDS classCode="AGNT">
				<agentSystemSDS classCode="DEV" determinerCode="INSTANCE">
					<id root="1.2.826.0.1285.0.2.0.107" extension="007000000902"/>
				</agentSystemSDS>
			</AgentSystemSDS>
		</author1>
		<subject typeCode="SUBJ" contextConductionInd="false">
<GPES-E-Q-NT classCode="OBS" moodCode="EVN" xmlns:gpes="http://www.ic.nhs.uk/GPES-I/Schema" xmlns:xsi="http://www.w3.org/2001/XMLSchema-instance" xmlns="urn:hl7-org:v3">
	<value mediaType="text/xml" representation="TXT">
		<gpes:GPES-E-Q-NT_Message GPES-I-Version="3.1" E-Q-NT-Message-Version="0.2">
			<gpes:E-Q-Notification E-Q-NT-UUID="49AC94CE-4D2E-4101-BE57-33EC3C35E298" Issue-Date-Time="2001-12-17T09:30:47">
		<gpes:E-Q-Notification-Type>Event-Notification</gpes:E-Q-Notification-Type>
		<gpes:Q-E-NT-UUID>01A77D2B-D17D-49A6-8F8E-4BB91586FEBC</gpes:Q-E-NT-UUID>
		<gpes:Practice-ID>A12345</gpes:Practice-ID>
		<gpes:GP-System-Identifier>002.015.531.001</gpes:GP-System-Identifier>
		<gpes:Terminology-Identifiers>
			<gpes:CodeSchemeID>2.16.840.1.113883.6.31</gpes:CodeSchemeID>
			<gpes:Terminology-Name>CV3</gpes:Terminology-Name>
			<gpes:Terminology-Release>12.0</gpes:Terminology-Release>
		</gpes:Terminology-Identifiers>
		<gpes:Terminology-Identifiers>
			<gpes:CodeSchemeID>2.16.840.1.113883.6.31</gpes:CodeSchemeID>
			<gpes:Terminology-Name>DM+D</gpes:Terminology-Name>
			<gpes:Terminology-Release>11.5</gpes:Terminology-Release>
		</gpes:Terminology-Identifiers>
		<gpes:Event-Notification>
			<gpes:Event-Data>
				<gpes:Event-Code>40000</gpes:Event-Code>
				<gpes:Event-Description>Response to system ping request</gpes:Event-Description>
			</gpes:Event-Data>
			<gpes:System-Reference-Data>
				<gpes:Data-Model-Attribute-Support Data-Model-Reference-ID="T1A19">Y</gpes:Data-Model-Attribute-Support>
				<gpes:Data-Model-Attribute-Support Data-Model-Reference-ID="T1A26">N</gpes:Data-Model-Attribute-Support>
				<gpes:Data-Model-Attribute-Support Data-Model-Reference-ID="T1A27">Y</gpes:Data-Model-Attribute-Support>
				<gpes:Data-Model-Attribute-Support Data-Model-Reference-ID="T1A28">N</gpes:Data-Model-Attribute-Support>
				<gpes:Data-Model-Attribute-Support Data-Model-Reference-ID="T1A29">Y</gpes:Data-Model-Attribute-Support>
				<gpes:Data-Model-Attribute-Support Data-Model-Reference-ID="T2A14">N</gpes:Data-Model-Attribute-Support>
				<gpes:Data-Model-Attribute-Support Data-Model-Reference-ID="T2A15">Y</gpes:Data-Model-Attribute-Support>
				<gpes:Data-Model-Attribute-Support Data-Model-Reference-ID="T2A18">N</gpes:Data-Model-Attribute-Support>
				<gpes:Data-Model-Attribute-Support Data-Model-Reference-ID="T2A19">Y</gpes:Data-Model-Attribute-Support>
				<gpes:Data-Model-Attribute-Support Data-Model-Reference-ID="T2A20">N</gpes:Data-Model-Attribute-Support>
				<gpes:Data-Model-Attribute-Support Data-Model-Reference-ID="T2A21">Y</gpes:Data-Model-Attribute-Support>
				<gpes:Data-Model-Attribute-Support Data-Model-Reference-ID="T2A22">N</gpes:Data-Model-Attribute-Support>
				<gpes:Data-Model-Attribute-Support Data-Model-Reference-ID="T2A23">Y</gpes:Data-Model-Attribute-Support>
				<gpes:Data-Model-Attribute-Support Data-Model-Reference-ID="T2A24">N</gpes:Data-Model-Attribute-Support>
				<gpes:Data-Model-Attribute-Support Data-Model-Reference-ID="T2A25">Y</gpes:Data-Model-Attribute-Support>
				<gpes:Data-Model-Attribute-Support Data-Model-Reference-ID="T2A26">N</gpes:Data-Model-Attribute-Support>
				<gpes:Data-Model-Attribute-Support Data-Model-Reference-ID="T3A4">N</gpes:Data-Model-Attribute-Support>
				<gpes:Data-Model-Attribute-Support Data-Model-Reference-ID="T3A5">Y</gpes:Data-Model-Attribute-Support>
				<gpes:Data-Model-Attribute-Support Data-Model-Reference-ID="T3A6">N</gpes:Data-Model-Attribute-Support>
				<gpes:Data-Model-Attribute-Support Data-Model-Reference-ID="T3A7">Y</gpes:Data-Model-Attribute-Support>
				<gpes:Data-Model-Attribute-Support Data-Model-Reference-ID="T3A8">N</gpes:Data-Model-Attribute-Support>
				<gpes:Data-Model-Attribute-Support Data-Model-Reference-ID="T3A9">Y</gpes:Data-Model-Attribute-Support>
				<gpes:Data-Model-Attribute-Support Data-Model-Reference-ID="T3A10">N</gpes:Data-Model-Attribute-Support>
				<gpes:Data-Model-Attribute-Support Data-Model-Reference-ID="T3A11">Y</gpes:Data-Model-Attribute-Support>
				<gpes:Data-Model-Attribute-Support Data-Model-Reference-ID="T3A12">N</gpes:Data-Model-Attribute-Support>
				<gpes:Data-Model-Attribute-Support Data-Model-Reference-ID="T3A13">Y</gpes:Data-Model-Attribute-Support>
				<gpes:Data-Model-Attribute-Support Data-Model-Reference-ID="T3A14">N</gpes:Data-Model-Attribute-Support>
				<gpes:Data-Model-Attribute-Support Data-Model-Reference-ID="T4A9">Y</gpes:Data-Model-Attribute-Support>
				<gpes:Data-Model-Attribute-Support Data-Model-Reference-ID="T4A10">N</gpes:Data-Model-Attribute-Support>
				<gpes:Data-Model-Attribute-Support Data-Model-Reference-ID="T4A11">Y</gpes:Data-Model-Attribute-Support>
				<gpes:Data-Model-Attribute-Support Data-Model-Reference-ID="T4A12">N</gpes:Data-Model-Attribute-Support>
				<gpes:Data-Model-Attribute-Support Data-Model-Reference-ID="T4A13">Y</gpes:Data-Model-Attribute-Support>
			</gpes:System-Reference-Data>
		</gpes:Event-Notification>
	</gpes:E-Q-Notification>
	<gpes:E-Q-Notification E-Q-NT-UUID="E46FA358-085B-4B5B-B115-414520855448" Issue-Date-Time="2001-12-17T09:30:47">
		<gpes:E-Q-Notification-Type>Event-Notification</gpes:E-Q-Notification-Type>
		<gpes:Q-E-NT-UUID>70F16FED-01B4-4535-AB8F-287ED91EE90E</gpes:Q-E-NT-UUID>
		<gpes:Practice-ID>A12346</gpes:Practice-ID>
		<gpes:GP-System-Identifier>002.015.531.001</gpes:GP-System-Identifier>
		<gpes:Terminology-Identifiers>
			<gpes:CodeSchemeID>2.16.840.1.113883.6.31</gpes:CodeSchemeID>
			<gpes:Terminology-Name>CV3</gpes:Terminology-Name>
			<gpes:Terminology-Release>12.0</gpes:Terminology-Release>
		</gpes:Terminology-Identifiers>
		<gpes:Terminology-Identifiers>
			<gpes:CodeSchemeID>2.16.840.1.113883.6.31</gpes:CodeSchemeID>
			<gpes:Terminology-Name>DM+D</gpes:Terminology-Name>
			<gpes:Terminology-Release>11.5</gpes:Terminology-Release>
		</gpes:Terminology-Identifiers>
		<gpes:Event-Notification>
			<gpes:Event-Data>
				<gpes:Event-Code>40000</gpes:Event-Code>
				<gpes:Event-Description>Response to system ping request</gpes:Event-Description>
			</gpes:Event-Data>
			<gpes:System-Reference-Data>
				<gpes:Data-Model-Attribute-Support Data-Model-Reference-ID="T1A19">Y</gpes:Data-Model-Attribute-Support>
				<gpes:Data-Model-Attribute-Support Data-Model-Reference-ID="T1A26">N</gpes:Data-Model-Attribute-Support>
				<gpes:Data-Model-Attribute-Support Data-Model-Reference-ID="T1A27">Y</gpes:Data-Model-Attribute-Support>
				<gpes:Data-Model-Attribute-Support Data-Model-Reference-ID="T1A28">N</gpes:Data-Model-Attribute-Support>
				<gpes:Data-Model-Attribute-Support Data-Model-Reference-ID="T1A29">Y</gpes:Data-Model-Attribute-Support>
				<gpes:Data-Model-Attribute-Support Data-Model-Reference-ID="T2A14">N</gpes:Data-Model-Attribute-Support>
				<gpes:Data-Model-Attribute-Support Data-Model-Reference-ID="T2A15">Y</gpes:Data-Model-Attribute-Support>
				<gpes:Data-Model-Attribute-Support Data-Model-Reference-ID="T2A18">N</gpes:Data-Model-Attribute-Support>
				<gpes:Data-Model-Attribute-Support Data-Model-Reference-ID="T2A19">Y</gpes:Data-Model-Attribute-Support>
				<gpes:Data-Model-Attribute-Support Data-Model-Reference-ID="T2A20">N</gpes:Data-Model-Attribute-Support>
				<gpes:Data-Model-Attribute-Support Data-Model-Reference-ID="T2A21">Y</gpes:Data-Model-Attribute-Support>
				<gpes:Data-Model-Attribute-Support Data-Model-Reference-ID="T2A22">N</gpes:Data-Model-Attribute-Support>
				<gpes:Data-Model-Attribute-Support Data-Model-Reference-ID="T2A23">Y</gpes:Data-Model-Attribute-Support>
				<gpes:Data-Model-Attribute-Support Data-Model-Reference-ID="T2A24">N</gpes:Data-Model-Attribute-Support>
				<gpes:Data-Model-Attribute-Support Data-Model-Reference-ID="T2A25">Y</gpes:Data-Model-Attribute-Support>
				<gpes:Data-Model-Attribute-Support Data-Model-Reference-ID="T2A26">N</gpes:Data-Model-Attribute-Support>
				<gpes:Data-Model-Attribute-Support Data-Model-Reference-ID="T3A4">N</gpes:Data-Model-Attribute-Support>
				<gpes:Data-Model-Attribute-Support Data-Model-Reference-ID="T3A5">Y</gpes:Data-Model-Attribute-Support>
				<gpes:Data-Model-Attribute-Support Data-Model-Reference-ID="T3A6">N</gpes:Data-Model-Attribute-Support>
				<gpes:Data-Model-Attribute-Support Data-Model-Reference-ID="T3A7">Y</gpes:Data-Model-Attribute-Support>
				<gpes:Data-Model-Attribute-Support Data-Model-Reference-ID="T3A8">N</gpes:Data-Model-Attribute-Support>
				<gpes:Data-Model-Attribute-Support Data-Model-Reference-ID="T3A9">Y</gpes:Data-Model-Attribute-Support>
				<gpes:Data-Model-Attribute-Support Data-Model-Reference-ID="T3A10">N</gpes:Data-Model-Attribute-Support>
				<gpes:Data-Model-Attribute-Support Data-Model-Reference-ID="T3A11">Y</gpes:Data-Model-Attribute-Support>
				<gpes:Data-Model-Attribute-Support Data-Model-Reference-ID="T3A12">N</gpes:Data-Model-Attribute-Support>
				<gpes:Data-Model-Attribute-Support Data-Model-Reference-ID="T3A13">Y</gpes:Data-Model-Attribute-Support>
				<gpes:Data-Model-Attribute-Support Data-Model-Reference-ID="T3A14">N</gpes:Data-Model-Attribute-Support>
				<gpes:Data-Model-Attribute-Support Data-Model-Reference-ID="T4A9">Y</gpes:Data-Model-Attribute-Support>
				<gpes:Data-Model-Attribute-Support Data-Model-Reference-ID="T4A10">N</gpes:Data-Model-Attribute-Support>
				<gpes:Data-Model-Attribute-Support Data-Model-Reference-ID="T4A11">Y</gpes:Data-Model-Attribute-Support>
				<gpes:Data-Model-Attribute-Support Data-Model-Reference-ID="T4A12">N</gpes:Data-Model-Attribute-Support>
				<gpes:Data-Model-Attribute-Support Data-Model-Reference-ID="T4A13">Y</gpes:Data-Model-Attribute-Support>
			</gpes:System-Reference-Data>
		</gpes:Event-Notification>
	</gpes:E-Q-Notification>
		</gpes:GPES-E-Q-NT_Message>
	</value>
	<id root="19C2662F-1C6E-4F38-9B3F-5084F46CE3E4"/>
	<code codeSystem="2.16.840.1.113883.2.1.3.2.4.17.324" code="GPES-E-Q-NT"/>
</GPES-E-Q-NT>
</subject>
	</ControlActEvent>
</COMT_IN000004GB01>
