<?xml version="1.0" encoding="UTF-8"?>
<COMT_IN000003GB01 xsi:schemaLocation="urn:hl7-org:v3 ../../../Schemas/COMT_IN000003GB01.xsd" xmlns:npfitlc="NPFIT:HL7:Localisation" xmlns:xsi="http://www.w3.org/2001/XMLSchema-instance" xmlns="urn:hl7-org:v3">
	<id root="EA6E95A8-321A-40A0-9493-679C8027C5F4"/>
	<creationTime value="20012172004+00"/>
	<versionCode code="v3GPS_DMSv1.0:RC1"/>
	<interactionId root="2.16.840.1.113883.2.1.3.2.4.12" extension="COMT_IN000003GB01"/>
	<processingCode code="P"/>
	<processingModeCode code="T"/>
	<acceptAckCode code="NE"/>
	<communicationFunctionRcv typeCode="RCV">
		<device classCode="DEV" determinerCode="INSTANCE">
			<id root="1.2.826.0.1285.0.2.0.107" extension="007000000902"/>
		</device>
	</communicationFunctionRcv>
	<communicationFunctionSnd typeCode="SND">
		<device classCode="DEV" determinerCode="INSTANCE">
			<id root="1.2.826.0.1285.0.2.0.107" extension="007000000901"/>
		</device>
	</communicationFunctionSnd>
	<ControlActEvent classCode="CACT" moodCode="EVN">
		<author1 typeCode="AUT">
			<AgentSystemSDS classCode="AGNT">
				<agentSystemSDS classCode="DEV" determinerCode="INSTANCE">
					<id root="1.2.826.0.1285.0.2.0.107" extension="007000000901"/>
				</agentSystemSDS>
			</AgentSystemSDS>
		</author1>
		<subject typeCode="SUBJ" contextConductionInd="false">
			<GPES-Q-E-NT classCode="OBS" moodCode="EVN" xmlns:gpes="http://www.ic.nhs.uk/GPES-I/Schema" xmlns:xsi="http://www.w3.org/2001/XMLSchema-instance" xmlns="urn:hl7-org:v3">
				<value mediaType="text/xml" representation="TXT">
					<gpes:GPES-Q-E-NT_Message GPES-I-Version="3.1" Q-E-NT-Message-Version="0.2">
						<gpes:Q-E-Notification Q-E-NT-UUID="01A77D2B-D17D-49A6-8F8E-4BB91586FEBC" Issue-Date-Time="2001-12-17T09:30:47">
		<gpes:Q-E-Notification-Type>System-Ping-Request-Notification</gpes:Q-E-Notification-Type>
		<gpes:System-Ping-Request-Notification>
			<gpes:Practice-ID>A12345</gpes:Practice-ID>
		</gpes:System-Ping-Request-Notification>
	</gpes:Q-E-Notification>
	<gpes:Q-E-Notification Q-E-NT-UUID="70F16FED-01B4-4535-AB8F-287ED91EE90E" Issue-Date-Time="2001-12-17T09:30:47">
		<gpes:Q-E-Notification-Type>System-Ping-Request-Notification</gpes:Q-E-Notification-Type>
		<gpes:System-Ping-Request-Notification>
			<gpes:Practice-ID>A12346</gpes:Practice-ID>
		</gpes:System-Ping-Request-Notification>
	</gpes:Q-E-Notification>
</gpes:GPES-Q-E-NT_Message>
				</value>
				<id root="18C2662F-1C6E-4F38-9B3F-5084F46CE3E3"/>
				<code codeSystem="2.16.840.1.113883.2.1.3.2.4.17.324" code="GPES-Q-E-NT"/>
			</GPES-Q-E-NT>
		</subject>
	</ControlActEvent>
</COMT_IN000003GB01>
