<?xml version="1.0" encoding="utf-8"?>
<Templates version="16.0" title="Template configuration file for HSCI DMS 6.0 Draft A" xmlns:xsi="http://www.w3.org/2001/XMLSchema-instance" xsi:noNamespaceSchemaLocation="../dt/TemplateConfig.xsd">
	<ChangeHistory>
		<p>Version 16 - updated for Information Standards Data Set changes</p>
	</ChangeHistory>
	<ChangeHistory>
		<p>Version 15 - WithdrawalNoticeAcceptResponse (COMT_RM020000GB01) and Withdrawal Notice Reject Response (COMT_MT020001GB01) included</p>
	</ChangeHistory>
	<ChangeHistory>
		<p>Version 14 - Corrected NPFIT-000026#Role, as parent model:COCD_TP145215GB01 is not referenced within the template constraint and corrected NPFIT-000028#Role as parent model:COCD_TP145215GB01 is not referenced within the template constraint. New parent models (COMT_MT000013GB02, COMT_MT000014GB02 ) added to the constraints: NPFIT-100022#Role, NPFIT-F#Role, NPFIT-100030#Role and NPFIT-100021#Role. New parent model of COMT_MT000005UK03 added to NPFIT-000027#Role. See Template configuration file for nullification specific constraints and templates.  To support a complete uplift of the HDN/ HSCI messaging as impacted against the 2014 Care Act all SDS role templates MUST be removed from the HSCI DMS.</p>
	</ChangeHistory>
	<ChangeHistory>
		<p>Version 13 - Nullification constraints and templates removed from this version. See Template configuration file for nullification specific constraints and templates  </p>
	</ChangeHistory>
	<ChangeHistory>
		<p>Version 12 - Agreed updates added to this version post HSCI DMIM 3.0 DRAFT release supplier review and comments</p>
	</ChangeHistory>
	<ChangeHistory>
		<p>Version 11</p>
		<p>HSCI Phase 2 (HDN) and Phase 3 (CHC) artefacts assigned to own Domains</p>
		<p>Template parentModel cleaned up</p>
	</ChangeHistory>
	<ChangeHistory>
		<p>Version 10</p>
		<p>Universal templates added to HSCI domain</p>
		<p>Addition of Nullification Domain</p>
		<p>Addition of HSCI Phase 3 (CHC) artefacts to HSC Domain</p>
	</ChangeHistory>
	<ChangeHistory>
		<p>Version 9.1</p>
		<p>New version just for HSCI domain</p>
		<p>All other domain information removed</p>
	</ChangeHistory>
	<DomainList>
		<domain id="HSC">HSCI</domain>
		<domain id="TEM">Templates</domain>
	</DomainList>
	<StatusFlag>
		<value id="A">Active</value>
		<value id="D">Deprecated</value>
		<value id="P">Proposed</value>
	</StatusFlag>
	<Template id="NPFIT-000001#Role" version="5.0" status="A" derivedFrom="NPFIT-900000#A">
		<ChangeHistory>
			<p>Version 5.0 - Remove SDS Role Templates.  To support a complete uplift of the HDN/ HSCI messaging as impacted against the 2014 Care Act all SDS role templates MUST be removed from the HSCI DMS</p>
		</ChangeHistory>
		<ChangeHistory>
			<p>Version 4.0 added new universal template. </p>
			<p>Added COCD_TP145200GB01-AuthorPersonUniversal template to NPFIT-000001#Role AuthorChoice constraint used by "TEM" domain coded entry templates.</p>
		</ChangeHistory>
		<ChangeHistory>
			<p>Version 3.0 added new HSC templates. Added
      COCD_TP146077UK01 to list of domains using this template.</p>
		</ChangeHistory>
		<comments>
			<font color="black">Author Templates</font>
			<br/>
		</comments>
		<parentModel>
			<domain id="TEM">
				<id>COCD_TP146061UK02</id>
			</domain>
		</parentModel>
		<id>COCD_TP145200GB01</id>
		<id>COCD_TP145207GB01</id>
		<id>COCD_TP145208GB01</id>
		<id>COCD_TP145212GB02</id>
	</Template>
	<Template id="NPFIT-000007#Role" version="8.0" status="A" derivedFrom="NPFIT-900000#A">
		<ChangeHistory>
			<p>Version 8.0 - Remove SDS Role Templates.  To support a complete uplift of the HDN/ HSCI messaging as impacted against the 2014 Care Act all SDS role templates MUST be removed from the HSCI DMS</p>
		</ChangeHistory>
		<ChangeHistory>
			<p>Version 7.0</p>
			<p>Upversioned contact assessment,NotificationDocumentUnderTheCommunityCare(DelayedDischarge)Act2003</p>
		</ChangeHistory>
		<ChangeHistory>
			<p>Version 6.0</p>
			<p>Upversioned POCD_MT010007GB01 to POCD_MT010007GB03</p>
			<p>added Author Workgroup templates:WorkgroupUniversal (COCD_TP145212GB02) and WorkgroupSDS (COCD_TP145031GB02) to NPFIT-000007#Role constraint</p>
			<p>added Author Organisation  templates: AuthorNonNamedPersonUniversal (COCD_TP145208GB01) and NonNamedPersonAuthorSDS (COCD_TP145019UK03) to NPFIT-000007#Role constraint</p>
		</ChangeHistory>
		<ChangeHistory>
			<p>Version 5.0 - Added CHC CDA Documents to parentModel</p>
		</ChangeHistory>
		<ChangeHistory>
			<p>Version 4.0 added universal template.</p>
			<p>Added COCD_TP145200GB01-AuthorPersonUniversal template to NPFIT-000007#Role AuthorChoice constraint used by "HSC" domain CDA Messages.</p>
			<p>Added Nullification domain to this constraint</p>
		</ChangeHistory>
		<ChangeHistory>
			<p>Version 3.0 added ADM, HSC and DIG</p>
		</ChangeHistory>
		<comments>
			<font color="black">Author Templates</font>
			<br/>
		</comments>
		<parentModel>
			<domain id="HSC">
				<id>POCD_MT010006UK03</id>
			</domain>
		</parentModel>
		<id>COCD_TP145200GB01</id>
		<id>COCD_TP145207GB01</id>
		<id>COCD_TP145208GB01</id>
		<id>COCD_TP145212GB02</id>
	</Template>
	<Template id="NPFIT-000037#Role" version="7.0" status="A" derivedFrom="NPFIT-900000#A">
		<ChangeHistory>
			<p>Version 7.0	- Remove SDS Role Templates.  To support a complete uplift of the HDN/ HSCI messaging as impacted against the 2014 Care Act all SDS role templates MUST be removed from the HSCI DMS</p>
		</ChangeHistory>
		<ChangeHistory>
			<p>Version 6.0 - Upversioned contact assessment, NotificationDocumentUnderTheCommunityCare(DelayedDischarge)Act2003</p>
		</ChangeHistory>
		<ChangeHistory>
			<p>Version 5.0 - Upversioned POCD_MT010007GB01 to POCD_MT010007GB03</p>
		</ChangeHistory>
		<ChangeHistory>
			<p>Version 4.0 - Added 'HDN' NotificationDocumentUnderTheCommunityCare(DelayedDischarge)Act2003 (POCD_RM010006UK01) to constraint NPFIT-000037#Role parentModel  </p>
		</ChangeHistory>
		<ChangeHistory>
			<p>Version 3.0 - Added CHC CDA Documents to parentModel</p>
		</ChangeHistory>
		<ChangeHistory>
			<p>Version 2.0 added new universal templates. </p>
			<p>Added COCD_TP145202GB01-RecipientEntityUniversal, COCD_TP145203GB01-RecipientOrganizationUniversal
      and COCD_TP145204GB01-RecipientWorkgroupUniversal templates to NPFIT-000037#Role RecipientChoice constraint used by "HSC" domain CDA Messages.</p>
		</ChangeHistory>
		<ChangeHistory>
			<p>Version 1.0 - created</p>
		</ChangeHistory>
		<comments>
			<font color="black">Recipient Templates</font>
			<br/>
		</comments>
		<parentModel>
			<domain id="HSC">
				<id>POCD_MT010006UK03</id>
			</domain>
		</parentModel>
		<id>COCD_TP145202GB01</id>
		<id>COCD_TP145203GB02</id>
		<id>COCD_TP145204GB02</id>
	</Template>
	<Template id="NPFIT-000014#Role" version="7.0" status="A" derivedFrom="NPFIT-900000#A">
		<ChangeHistory>
			<p>Version 7.0 - Upversioned contact assessment, NotificationDocumentUnderTheCommunityCare(DelayedDischarge)Act2003</p>
		</ChangeHistory>
		<ChangeHistory>
			<p>Version 6.0 - Upversioned POCD_MT010007GB01 to POCD_MT010007GB03</p>
		</ChangeHistory>
		<ChangeHistory>
			<p>Version 5.0 - Added CHC CDA Documents to parentModel</p>
		</ChangeHistory>
		<ChangeHistory>
			<p>Version 4.0 added new universal templates. </p>
			<p>Added COCD_TP145200GB01-AuthorPersonUniversal 
      template to NPFIT-000014#Role CustodianChoice constraint used by "HSC" domain CDA Messages.</p>
			<p>Added Nullification domain to parent model</p>
		</ChangeHistory>
		<ChangeHistory>
			<p>Version 3.0 added ADM, HSC and DIG</p>
		</ChangeHistory>
		<comments>
			<font color="black">Custodian Organisation Templates</font>
			<br/>
		</comments>
		<parentModel>
			<domain id="HSC">
				<id>POCD_MT010006UK03</id>
			</domain>
		</parentModel>
		<id>COCD_TP145018UK03</id>
	</Template>
	<Template id="NPFIT-000016#Role" version="8.0" status="A" derivedFrom="NPFIT-900000#A">
		<ChangeHistory>
			<p>Version 8.0 - Remove SDS Role Templates.  To support a complete uplift of the HDN/ HSCI messaging as impacted against the 2014 Care Act all SDS role templates MUST be removed from the HSCI DMS</p>
		</ChangeHistory>
		<ChangeHistory>
			<p>Version 7.0 - Upversioned contact assessment, NotificationDocumentUnderTheCommunityCare(DelayedDischarge)Act2003</p>
		</ChangeHistory>
		<ChangeHistory>
			<p>Version 6.0 - Upversioned POCD_MT010007GB01 to POCD_MT010007GB03</p>
		</ChangeHistory>
		<ChangeHistory>
			<p>Version 5.0 - Added CHC CDA Documents to parentModel</p>
		</ChangeHistory>
		<ChangeHistory>
			<p>Version 4.0 added new universal templates. </p>
			<p>Added COCD_TP145205GB01-EntityUniversal template to NPFIT-000016#Role DataEntererChoice constraint used by "HSC" domain CDA Messages.</p>
			<p>Added Nullification domain to parent model</p>
		</ChangeHistory>
		<ChangeHistory>
			<p>Version 3.0</p>
			<p>Removed all templates except COCD_TP145004 UK02 as this
      can only be an SDS person</p>
			<p>added ADM, HSC and DIG</p>
		</ChangeHistory>
		<comments>
			<font color="black">DataEnterer Templates</font>
			<br/>
		</comments>
		<parentModel>
			<domain id="HSC">
				<id>POCD_MT010006UK03</id>
			</domain>
		</parentModel>
		<id>COCD_TP145205GB01</id>
	</Template>
	<Template id="NPFIT-000019#Role" version="8.0" status="A" derivedFrom="NPFIT-900000#A">
		<ChangeHistory>
			<p>Version 8.0 - Remove SDS Role Template, Patient (COCD_TP145020UK03).  To support a complete uplift of the HDN/ HSCI messaging as impacted against the 2014 Care Act all SDS role templates MUST be removed from the HSCI DMS</p>
		</ChangeHistory>
		<ChangeHistory>
			<p>Version 7.0 - Upversioned contact assessment,NotificationDocumentUnderTheCommunityCare(DelayedDischarge)Act2003</p>
		</ChangeHistory>
		<ChangeHistory>
			<p>Version 6.0 - Upversioned POCD_MT010007GB01 to POCD_MT010007GB03</p>
		</ChangeHistory>
		<ChangeHistory>
			<p>Version 5.0 - Added CHC CDA Documents to parentModel </p>
		</ChangeHistory>
		<ChangeHistory>
			<p>Version 4.0 added new universal template. </p>
			<p>Added COCD_TP145201GB01-PatientUniversal template to NPFIT-000019#Role Patient constraint used by "HSC" domain CDA Messages.</p>
			<p>Added Nullification domain to parent model</p>
		</ChangeHistory>
		<comments>
			<font color="black">Patient Templates</font>
			<br/>
		</comments>
		<parentModel>
			<domain id="HSC">
				<id>POCD_MT010006UK03</id>
			</domain>
		</parentModel>
		<id>COCD_TP145201GB02</id>
	</Template>
	<Template id="NPFIT-000024#Role" version="9.0" status="A" derivedFrom="NPFIT-900000#A">
		<ChangeHistory>
			<p>Version 9.0 - Remove SDS Role Templates.  To support a complete uplift of the HDN/ HSCI messaging as impacted against the 2014 Care Act all SDS role templates MUST be removed from the HSCI DMS</p>
		</ChangeHistory>
		<ChangeHistory>
			<p>Version 8.0 - upversioned contact assessment,NotificationDocumentUnderTheCommunityCare(DelayedDischarge)Act2003</p>
		</ChangeHistory>
		<ChangeHistory>
			<p>Version 7.0 - updated for domain OOH messages</p>
		</ChangeHistory>
		<ChangeHistory>
			<p>Version 6.0 - Split HSC domain into (1) HSC and (2) CHC</p>
		</ChangeHistory>
		<ChangeHistory>
			<p>Version 5.0 - Added PersonUniversal (COCD_TP145205GB01) template to NPFIT-000024#Role constraint.</p>
		</ChangeHistory>
		<ChangeHistory>
			<p>Version 4.0 - Added CHC CDA Documents to parentModel</p>
		</ChangeHistory>
		<ChangeHistory>
			<p>Version 3.0 Added Nullification domain to parent model</p>
		</ChangeHistory>
		<ChangeHistory>
			<p>Version 2.0 up-versioned
      COCD_TP145022UK01-EntitySDSwithReqRoleProfile template after
      additional of organisation</p>
		</ChangeHistory>
		<comments>
			<font color="black">Authenticator Templates</font>
			<br/>
		</comments>
		<parentModel>
			<domain id="HSC">
				<id>POCD_MT010006UK03</id>
			</domain>
		</parentModel>
		<id>COCD_TP145205GB01</id>
	</Template>
	<Template id="NPFIT-000026#Role" version="4.0" status="A" derivedFrom="NPFIT-900000#A">
		<ChangeHistory>
			<p>Version 4.0 - Remove SDS Role Templates.  To support a complete uplift of the HDN/ HSCI messaging as impacted against the 2014 Care Act all SDS role templates MUST be removed from the HSCI DMS</p>
		</ChangeHistory>
		<ChangeHistory>
			<p>Version 3.0 - Added COCD_TP145210GB01 to universalize the constraint and added EncompassingEncounter (COCD_TP145215GB01) to the parent model</p>
		</ChangeHistory>
		<ChangeHistory>
			<p>Version 2.0 up-versioned COCD_TP145022UK01-EntitySDSwithReqRoleProfile template after additional of organisation</p>
		</ChangeHistory>
		<comments>
			<font color="black">Encompassing Encounter Participant Templates</font>
			<br/>
		</comments>
		<parentModel>
			<domain id="TEM">
				<id>COCD_TP145215GB01</id>
			</domain>
		</parentModel>
		<id>COCD_TP145210GB01</id>
	</Template>
	<Template id="NPFIT-000027#Role" version="3.0" status="A" derivedFrom="NPFIT-900000#A">
		<ChangeHistory>
			<p>Version 3.0 - Remove HealthCareFacility (COCD_TP145024UK01).  To support a complete uplift of the HDN/ HSCI messaging as impacted against the 2014 Care Act all SDS role templates MUST be removed from the HSCI DMS</p>
		</ChangeHistory>
		<ChangeHistory>
			<p>version 2.0 up versioned for added template COCD_TP145211GB01</p>
		</ChangeHistory>
		<comments>
			<font color="black">Encompassing Encounter location templates</font>
			<br/>
		</comments>
		<parentModel>
			<domain id="TEM">
				<id>COMT_MT000005UK03</id>
			</domain>
		</parentModel>
		<id>COCD_TP145211GB01</id>
	</Template>
	<Template id="NPFIT-000028#Role" version="7.0" status="A" derivedFrom="NPFIT-900000#A">
		<ChangeHistory>
			<p>Version 7.0 - Remove SDS Role Templates.  To support a complete uplift of the HDN/ HSCI messaging as impacted against the 2014 Care Act all SDS role templates MUST be removed from the HSCI DMS</p>
		</ChangeHistory>
		<ChangeHistory>
			<p>Version 6.0 - Added COCD_TP145210GB01 to universalize the constraint and added EncompassingEncounter (COCD_TP145215GB01) to parentModel</p>
		</ChangeHistory>
		<ChangeHistory>
			<p>Version 5.0 - Removed EntityNonSDSWithOrgNonSDS (COCD_TP145006UK03) and EntityNonSDSWithOrgSDS (COCD_TP145005UK03) templates</p>
		</ChangeHistory>
		<ChangeHistory>
			<p>Version 4.0 - added COCD_TP146200GB01 to parentModel</p>
		</ChangeHistory>
		<ChangeHistory>
			<p>Version 3.0 added new universal templates. </p>
			<p>Added COCD_TP145210GB01-EntityWithOrgUniversal template to NPFIT-000028#Role Encompassing Encounter Participant  constraint used by "TEM" domain coded entry templates.</p>
		</ChangeHistory>
		<ChangeHistory>
			<p>Version 2.0 up-versioned
      COCD_TP145022UK01-EntitySDSwithReqRoleProfile template after
      additional of organisation</p>
		</ChangeHistory>
		<comments>
			<font color="black">Encompassing Encounter Participant Templates</font>
			<br/>
		</comments>
		<parentModel>
			<domain id="TEM">
				<id>COCD_TP145215GB01</id>
			</domain>
		</parentModel>
		<id>COCD_TP145210GB01</id>
	</Template>
	<Template id="NPFIT-000040#Section" version="5.0" status="A" derivedFrom="NPFIT-900000#A">
		<ChangeHistory>
			<p>Version 5.0 - Upversioned contact assessment,NotificationDocumentUnderTheCommunityCare(DelayedDischarge)Act2003</p>
		</ChangeHistory>
		<ChangeHistory>
			<p>Version 4.0 - Upversioned POCD_MT010007GB01 to POCD_MT010007GB03</p>
		</ChangeHistory>
		<ChangeHistory>
			<p>Version 2.0 - Added CHC CDA Documents to parentModel</p>
		</ChangeHistory>
		<comments>
			<p>Text Section Templates</p>
		</comments>
		<parentModel>
			<domain id="HSC">
				<id>POCD_MT010006UK03</id>
			</domain>
		</parentModel>
		<id>COCD_TP146061UK02</id>
	</Template>
	<Template id="NPFIT-100020#Role" version="3.0" status="A" derivedFrom="NPFIT-900000#A">
		<ChangeHistory>
			<p>Version 3.0 - Remove SDS Role Templates.  To support a complete uplift of the HDN/ HSCI messaging as impacted against the 2014 Care Act all SDS role templates MUST be removed from the HSCI DMS</p>
		</ChangeHistory>
		<ChangeHistory>
			<p>Version 2.0 - Added universal templates</p>
		</ChangeHistory>
		<comments>
			<font color="black">Reply To Templates</font>
			<br/>
		</comments>
		<parentModel>
			<domain id="HSC">
				<id>COMT_MT000002UK03</id>
				<id>COMT_MT000008UK03</id>
			</domain>
		</parentModel>
		<id>COCD_TP145205GB01</id>
	</Template>
	<Template id="NPFIT-100022#Role" version="5.0" status="A" derivedFrom="NPFIT-900000#A">
		<ChangeHistory>
			<p>Version 5.0 - Remove SDS Role Templates.  To support a complete uplift of the HDN/ HSCI messaging as impacted against the 2014 Care Act all SDS role templates MUST be removed from the HSCI DMS</p>
		</ChangeHistory>
		<ChangeHistory>
			<p>Version 4.0 - added RecipientEntitySDS (COCD_TP145021UK05) and RecipientPersonUniversal (COCD_TP145202GB01)</p>
		</ChangeHistory>
		<ChangeHistory>
			<p>Version 3.0 - added CHC non CDA messages to parentModel</p>
		</ChangeHistory>
		<ChangeHistory>
			<p>Version 2.0 added new universal templates. </p>
			<p>Added COCD_TP145203GB01-RecipientOrganizationUniversal and COCD_TP145204GB01-RecipientWorkgroupUniversal template to NPFIT-100022#Role Non-CDA Recipient Templates constraint used by "HSC" domain Non-CDA Message.
</p>
		</ChangeHistory>
		<comments>
			<font color="black">Recipient Templates</font>
			<br/>
		</comments>
		<parentModel>
			<domain id="HSC">
				<id>COMT_MT000002UK03</id>
				<id>COMT_MT000005UK03</id>
				<id>COMT_MT000008UK03</id>
				<id>COMT_MT020001GB01</id>
				<id>COMT_MT020000GB01</id>
			</domain>
		</parentModel>
		<id>COCD_TP145203GB02</id>
		<id>COCD_TP145204GB02</id>
	</Template>
	<Template id="NPFIT-100040#Role" version="1.0" status="A" derivedFrom="NPFIT-900000#A">
		<ChangeHistory>
			<auto-generated_for_wildcard/>
		</ChangeHistory>
		<comments>
			<font color="black">Recipient Templates</font>
			<br/>
		</comments>
		<parentModel>
			<domain id="HSC">
				<id>COMT_MT000007UK03</id>
				<id>COMT_MT000006UK03</id>
				<id>COMT_MT000004UK03</id>
				<id>COMT_MT000003UK03</id>
			</domain>
		</parentModel>
		<id>COCD_TP145202GB01</id>
	</Template>
	<Template id="NPFIT-100023#Role" version="2.0" status="A" derivedFrom="NPFIT-900000#A">
		<ChangeHistory>
			<p>Version 2.0 added new universal template. </p>
			<p>Added COCD_TP145211GB01-HealthCareFacilityUniversal template to NPFIT-100023#Role Location constraint used by "HSC" domain Non-CDA Message.
</p>
		</ChangeHistory>
		<comments>
			<font color="black">Location templates</font>
			<br/>
		</comments>
		<parentModel>
			<domain id="HSC">
				<id>COMT_MT000002UK03</id>
				<id>COMT_MT000008UK03</id>
				<id>COMT_MT000007UK03</id>
				<id>COMT_MT000006UK03</id>
				<id>COMT_MT000004UK03</id>
				<id>COMT_MT000003UK03</id>
			</domain>
		</parentModel>
		<id>COCD_TP145211GB01</id>
	</Template>
	<Template id="NPFIT-100024#Role" version="3.0" status="A" derivedFrom="NPFIT-900000#A">
		<ChangeHistory>
			<p>Version 3.0 - Remove SDS Role Templates.  To support a complete uplift of the HDN/ HSCI messaging as impacted against the 2014 Care Act all SDS role templates MUST be removed from the HSCI DMS</p>
		</ChangeHistory>
		<comments>
			<font color="black">Responsible Party Templates</font>
			<br/>
		</comments>
		<parentModel>
			<domain id="HSC">
				<id>COMT_MT000002UK03</id>
				<id>COMT_MT000005UK03</id>
				<id>COMT_MT000008UK03</id>
			</domain>
		</parentModel>
		<id>COCD_TP145205GB01</id>
	</Template>
	<Template id="NPFIT-100025#Role" version="4.0" status="A" derivedFrom="NPFIT-900000#A">
		<comments>
			<p>Performer Templates</p>
		</comments>
		<parentModel>
			<domain id="TEM">
				<id>COCT_TP146001UK02</id>
			</domain>
		</parentModel>
		<id>COCD_TP145013UK03</id>
		<id>COCD_TP145007UK03</id>
		<id>COCD_TP145210GB01</id>
		<id>COCD_TP145212GB02</id>
	</Template>
	<Template id="NPFIT-100027#Role" version="4.0" status="A" derivedFrom="NPFIT-900000#A">
		<comments>
			<p>Carer Templates</p>
		</comments>
		<parentModel>
			<domain id="TEM">
				<id>COMT_MT000002UK03</id>
			</domain>
		</parentModel>
		<id>COCD_TP145007UK03</id>
	</Template>
	<Template id="NPFIT-100026#Role" version="2.0" status="A" derivedFrom="NPFIT-900000#A">
		<comments>
			<p>Responsible Party Templates</p>
		</comments>
		<parentModel>
			<domain id="TEM">
				<id>COCT_TP146001UK02</id>
				<id>COMT_RM020001GB01</id>
				<id>COMT_RM020000GB01</id>
			</domain>
		</parentModel>
		<id>COCD_TP145013UK03</id>
		<id>COCD_TP145212GB02</id>
	</Template>
	<Template id="NPFIT-100028#Role" version="6.0" status="A" derivedFrom="NPFIT-900000#A">
		<ChangeHistory>
			<p>Version 6.0 - Remove SDS Role Templates.  To support a complete uplift of the HDN/ HSCI messaging as impacted against the 2014 Care Act all SDS role templates MUST be removed from the HSCI DMS</p>
		</ChangeHistory>
		<ChangeHistory>
			<p>Version 5.0 - Upversioned POCD_MT010007GB01 to POCD_MT010007GB03</p>
			<p>Version 7.0 - added Author Workgroup templates:WorkgroupUniversal (COCD_TP145212GB02) and WorkgroupSDS (COCD_TP145031GB02) to NPFIT-100028#Role constraint</p>
			<p>Version 5.0 - added Author Organisation  templates: AuthorNonNamedPersonUniversal (COCD_TP145208GB01) and NonNamedPersonAuthorSDS (COCD_TP145019UK03) to NPFIT-100028#Role constraint</p>
		</ChangeHistory>
		<ChangeHistory>
			<p>Version 3.0 added new non CDA message to parentModel</p>
		</ChangeHistory>
		<ChangeHistory>
			<p>Version 2.0 added new universal template. </p>
			<p>Added COCD_TP145200GB01-AuthorPersonUniversal template to NPFIT-100028#Role Non-CDA Author Templates constraint used by "HSC" domain non-CDA Messages.</p>
		</ChangeHistory>
		<comments>
			<font color="black">Author Templates</font>
			<br/>
		</comments>
		<parentModel>
			<domain id="HSC">
				<id>COMT_MT000002UK03</id>
				<id>COMT_MT000008UK03</id>
				<id>COMT_MT000005UK03</id>
			</domain>
		</parentModel>
		<id>COCD_TP145200GB01</id>
		<id>COCD_TP145212GB02</id>
		<id>COCD_TP145208GB01</id>
	</Template>
	<Template id="NPFIT-100029#Role" version="4.0" status="A" derivedFrom="NPFIT-900000#A">
		<ChangeHistory>
			<p>Version 4.0 - Remove SDS Role Templates.  To support a complete uplift of the HDN/ HSCI messaging as impacted against the 2014 Care Act all SDS role templates MUST be removed from the HSCI DMS</p>
		</ChangeHistory>
		<ChangeHistory>
			<p>Version 3.0 added CHC Response Messages to parentModel. </p>
			<p>Added WorkgroupUniversal (COCD_TP145212GB02) to constraint used by "HSC" domain non-CDA Messages.</p>
		</ChangeHistory>
		<ChangeHistory>
			<p>Version 2.0 added CHC Response Messages to parentModel. </p>
		</ChangeHistory>
		<comments>
			<font color="black">Reply To Templates</font>
			<br/>
		</comments>
		<parentModel>
			<domain id="HSC">
				<id>COMT_MT000003UK03</id>
				<id>COMT_MT000007UK03</id>
				<id>COMT_MT000004UK03</id>
				<id>COMT_MT000006UK03</id>
			</domain>
		</parentModel>
		<id>COCD_TP145212GB02</id>
	</Template>
	<Template id="NPFIT-100030#Role" version="4.0" status="A" derivedFrom="NPFIT-900000#A">
		<ChangeHistory>
			<p>Version 4.0 - Remove SDS Role Templates.  To support a complete uplift of the HDN/ HSCI messaging as impacted against the 2014 Care Act all SDS role templates MUST be removed from the HSCI DMS</p>
		</ChangeHistory>
		<ChangeHistory>
			<p>Version 3.0 - Changed parentModel domain id from HSC to 'HDN'</p>
		</ChangeHistory>
		<ChangeHistory>
			<p>Version 2.0 added new universal templates. </p>
			<p>Added COCD_TP145200GB01-AuthorPersonUniversal and COCD_TP145207GB01-AuthorDeviceUniversal
      templates to NPFIT-100030#Role Non-CDA Author with Device Templates constraint used by "HSC" domain Non-CDA Messages.</p>
		</ChangeHistory>
		<comments>
			<font color="black">Author Templates</font>
			<br/>
		</comments>
		<parentModel>
			<domain id="HSC">
				<id>COMT_MT000003UK03</id>
				<id>COMT_MT000004UK03</id>
				<id>COMT_MT000006UK03</id>
				<id>COMT_MT000007UK03</id>
				<id>COMT_MT020001GB01</id>
				<id>COMT_MT020000GB01</id>
			</domain>
		</parentModel>
		<id>COCD_TP145200GB01</id>
		<id>COCD_TP145207GB01</id>
	</Template>
	<Template id="NPFIT-100002#Act" version="3.0" status="A" derivedFrom="NPFIT-900000#A">
		<ChangeHistory>
			<p>Version 2.0 - Changed parentModel domain id from HSC to 'HDN'</p>
			<p>Version 3.0 - Upversioned parentModel and template</p>
		</ChangeHistory>
		<comments>
			<p>Delayed Discharge Assessment Notification Data</p>
		</comments>
		<parentModel>
			<domain id="HSC">
				<id>COMT_MT000002UK03</id>
			</domain>
		</parentModel>
		<id>COCT_TP146002UK03</id>
	</Template>
	<Template id="NPFIT-100004#Act" version="3.0" status="A">
		<ChangeHistory>
			<p>Version 3.0 - Upversioned both parent and template</p>
		</ChangeHistory>
		<ChangeHistory>
			<p>Version 2.0 - Changed parentModel domain id from HSC to 'HDN'</p>
		</ChangeHistory>
		<comments>
			<p>Delayed Discharge Discharge Notification Data</p>
		</comments>
		<parentModel>
			<domain id="HSC">
				<id>COMT_MT000008UK03</id>
			</domain>
		</parentModel>
		<id>COCT_TP146003UK03</id>
	</Template>
	<Template id="NPFIT-100003#Act" version="3.0" status="A" derivedFrom="NPFIT-900000#A">
		<!---When regenerating template schema replace <xs:sequence> with following snippet to avoid schema validation errors:
		<xs:sequence>
			<xs:element name="ClinicalDocument" type="POCD_MT000002UK01.ClinicalDocument"/>
		</xs:sequence>-->
		<ChangeHistory>
			<p>Version 3.0 - Upversioned contact assessment,NotificationDocumentUnderTheCommunityCare(DelayedDischarge)Act2003</p>
		</ChangeHistory>
		<ChangeHistory>
			<p>Version 2.0 - Changed parentModel domain id from HSC to 'HDN'</p>
		</ChangeHistory>
		<comments>
			<p>Delayed Discharge CDA Assessment Notification Allowable Documents</p>
		</comments>
		<parentModel>
			<domain id="HSC">
				<id>COMT_MT000002UK03</id>
			</domain>
		</parentModel>
		<!--		allow generic - for schema generation-->
		<!--<id>POCD_MT000002UK01</id>-->
		<!--		allow for generic DD CDA doc and contact assessment - for grid generation-->
		<!--The document file NPFIT-100003_Act.html for this constraint will require amending to point to the messages at ../../../Domains/HSCI/Tabular View/POCD_RM010001UK03.html and 
		../../../Domains/HSCI/Tabular View/POCD_RM010006UK03.html-->
		<id>POCD_MT010006UK03</id>
	</Template>
	<Template id="NPFIT-100005#Act" version="3.0" status="A">
		<!---When regenerating template schema replace <xs:sequence> with following snippet to avoid schema validation errors:
		<xs:sequence>
			<xs:element name="ClinicalDocument" type="POCD_MT000002UK01.ClinicalDocument"/>
		</xs:sequence>-->
		<ChangeHistory>
			<p>Version 3.0 - NotificationDocumentUnderTheCommunityCare(DelayedDischarge)Act2003 upversioned</p>
		</ChangeHistory>
		<ChangeHistory>
			<p>Version 2.0 - Changed parentModel domain id from HSC to 'HDN'</p>
		</ChangeHistory>
		<comments>
			<p>Delayed Discharge CDA Discharge Notification Allowable Documents</p>
		</comments>
		<parentModel>
			<domain id="HSC">
				<id>COMT_MT000008UK03</id>
			</domain>
		</parentModel>
		<!-- allow for generic DD CDA doc - for template schema generation-->
		<!--<id>POCD_MT000002UK01</id>-->
		<!--allow for generic DD CDA doc - for grid generation-->
		<!--The document file NPFIT-100005_Act.html for this constraint will require amending to point to the message at ../../../Domains/HSCI/Tabular View/POCD_RM010006UK03.html-->
		<id>POCD_MT010006UK03</id>
	</Template>
	<Template id="NPFIT-100021#Role" version="7.0" status="A" derivedFrom="NPFIT-900000#A">
		<ChangeHistory>
			<p>Version 7.0 - Remove SDS Role Template.  To support a complete uplift of the HDN/ HSCI messaging as impacted against the 2014 Care Act all SDS role templates MUST be removed from the HSCI DMS</p>
		</ChangeHistory>
		<ChangeHistory>
			<p>Added Version 6.0 to upversion COCT_TP146001UK01</p>
		</ChangeHistory>
		<ChangeHistory>
			<p>Version 5.0 added CHC non CDA messages to parentModel </p>
		</ChangeHistory>
		<ChangeHistory>
			<p>Version 4.0 added new universal templates. </p>
			<p>Added COCD_TP145201GB01-PatientUniversal template to NPFIT-100021#Role Non_CDA Patient Templates constraint used by "HSC" domain Non_CDA Messages.</p>
		</ChangeHistory>
		<comments>
			<font color="black">Patient Templates</font>
			<br/>
		</comments>
		<parentModel>
			<domain id="HSC">
				<id>COMT_MT000002UK03</id>
				<id>COMT_MT000003UK03</id>
				<id>COMT_MT000004UK03</id>
				<id>COMT_MT000005UK03</id>
				<id>COMT_MT000006UK03</id>
				<id>COMT_MT000007UK03</id>
				<id>COMT_MT000008UK03</id>
				<id>COMT_MT020001GB01</id>
				<id>COMT_MT020000GB01</id>
			</domain>
		</parentModel>
		<id>COCD_TP145201GB02</id>
	</Template>
	<Template id="NPFIT-000071#Role" version="1.0" status="A" derivedFrom="NPFIT-900000#A">
		<ChangeHistory>
			<p>version 1.0 - Added to support HSCI for London Req 2.1</p>
		</ChangeHistory>
		<comments>
			<p>HealthCareUniversal Templates</p>
		</comments>
		<parentModel>
			<domain id="TEM">
				<id>COCD_TP145215GB01</id>
			</domain>
		</parentModel>
		<id>COCD_TP145211GB01</id>
	</Template>
	<Template id="NPFIT-000045#Act" version="1.0" status="A" derivedFrom="NPFIT-900000#A">
		<ChangeHistory>
			<p>Version 1.0</p>
			<p>Added to support HSCI London Requirement 2.1</p>
		</ChangeHistory>
		<comments>
			<p>Encounter Templates</p>
		</comments>
		<parentModel>
			<domain id="HSC">
				<id>POCD_MT010006UK03</id>
			</domain>
		</parentModel>
		<id>COCD_TP145215GB01</id>
	</Template>
</Templates>
