<?xml version="1.0" encoding="UTF-8"?>
<snomed>
	<code code="182836005" type="Act">
		<name>Review of medication</name>
	</code>
	<code code="60621009" type="Act">
		<name>DeviceReadBodyMassIndex</name>
	</code>
	<code code="75367002" type="Act">
		<name>DeviceReadBloodPressure</name>
	</code>
	<code code="50373000" type="Act">
		<name>DeviceReadHeight</name>
	</code>
	<code code="6797001" type="Act">
		<name>DeviceReadMeanBloodPressure</name>
	</code>
	<code code="365811003" type="Act">
		<name>DeviceReadTestResult</name>
	</code>
	<code code="27113001" type="Act">
		<name>DeviceReadWeightx</name>
	</code>
	<code code="386725007" type="Act">
		<name>DeviceReadBodyTemperature</name>
	</code>
	<code code="78564009" type="Act">
		<name>DeviceReadPulse</name>
	</code>
	<code code="185381000000106" type="Act">
		<name>Patient informed of discontinuation of medication</name>
	</code>
	<code code="274512008" type="Act">
		<name>Drug therapy discontinued</name>
	</code>
	<code code="196971000000103" type="Event">
		<name>General Practice Initial Summary</name>
	</code>
	<code code="196981000000101" type="Event">
		<name>General Practice Summary</name>
	</code>
	<code code="181301000000103" type="Act">
		<name>Abstract problem node</name>
	</code>
	<code code="416586004" type="Act">
		<name>Has problem name</name>
	</code>
	<code code="416271009" type="Act">
		<name>Has problem member</name>
	</code>
	<code code="181311000000101" type="Act">
		<name>Problem link</name>
	</code>
	<code code="222671000000103" type="Act">
		<name>Acute medication</name>
	</code>
	<code code="222681000000101" type="Act">
		<name>Repeat medication</name>
	</code>
	<code code="222691000000104" type="Act">
		<name>Discontinued repeat medication</name>
	</code>
	<code code="222701000000104" type="Act">
		<name>Risk to patient</name>
	</code>
	<code code="18629005" type="Act">
		<name>Administration of medication</name>
	</code>
	<code code="271650006" type="Act">
		<name>Diastolic blood pressure</name>
	</code>
	<code code="271649006" type="Act">
		<name>Systolic blood pressure</name>
	</code>
	<code code="246205007" type="Act">
		<name>Quantity</name>
	</code>
	<code code="228864003" type="Act">
		<name>Duration of course of treatment</name>
	</code>
	<code code="416308001" type="Act">
		<name>Refused consent for upload to national shared electronic record</name>
	</code>
	<code code="163391000000107" type="Act">
		<name>Emergency Department Event</name>
	</code>
	<code code="163381000000105" type="Act">
		<name>Outpatient Clinic Attendance</name>
	</code>
	<code code="163391000000107" type="Act">
		<name>Discharge from Inpatient Care</name>
	</code>
	<code code="163141000000104" type="CareRecordElement">
		<name>Investigation Results</name>
	</code>
	<code code="163091000000105" type="CareRecordElement">
		<name>Administrative Procedures</name>
	</code>
	<code code="75367002" type="Act">
		<name>Blood pressure</name>
	</code>
	<code code="107724000" type="Act">
		<name>Patient transfer</name>
	</code>
	<code code="283281000000100" type="Act">
		<name>HealthSpace Summary</name>
	</code>
	<code code="16521000000101" type="Act">
		<name>Lloyd George record folder</name>
	</code>
	<code code="246435002" type="Act">
		<name>Number of fetuses</name>
	</code>
	<code code="268477000" type="Act">
		<name>Fetal gestation at delivery</name>
	</code>
	<code code="364589006" type="Act">
		<name>Birth weight</name>
	</code>
	<code code="237364002" type="Act">
		<name>Stillbirth</name>
	</code>
	<code code="66091009" type="Act">
		<name>Congenital disease</name>
	</code>
	<code code="285101000000100" type="Act">
		<name>Refusal To Seal Document</name>
	</code>
	<code code="314530002" type="Act">
		<name>Medication review done</name>
	</code>
	<code code="314529007" type="Act">
		<name>Medication review due</name>
	</code>
	<code code="305056002" type="Act">
		<name>Admission procedure</name>
	</code>
	<code code="226081000000107" type="Act">
		<name>Gestational age</name>
	</code>
	<code code="21840007" type="Act">
		<name>Date of last menstrual period</name>
	</code>
	<code code="16310003" type="Act">
		<name>Ultrasonography</name>
	</code>
	
	<code code="193831000000104" type="Act">
		<name>Pathology Request Event</name>
	</code>	
	<code code="197431000000109" type="Act">
		<name>Laboratory report</name>
	</code>
	<code code="197421000000107" type="Act">
		<name>isolate identified</name>
	</code>
	<code code="225426007" type="Act">
		<name>Administration of theraputic substance</name>
	</code>
	<code code="285091000000108" type="Act">
		<name>Nullification Document</name>
	</code>
</snomed>
