<Bundle xmlns="http://hl7.org/fhir"><id value="1727d702-6c9a-4bb9-91a2-4f8034655635" /><meta><profile value="https://fhir.nhs.uk/StructureDefinition/itk-message-bundle-1" /></meta><type value="message" /><entry><fullUrl value="https://fhir.nhs.uk/StructureDefinition/itk-messageheader-1" /><resource><MessageHeader><id value="a2a4e566-097f-11e7-93ae-92361f002671" /><meta><profile value="https://fhir.nhs.uk/StructureDefinition/itk-messageheader-1" /></meta><extension url="https://fhir.nhs.uk/StructureDefinition/extension-itk-messagehandling-1"><extension url="key"><valueCodeableConcept><coding><system value="https://fhir.nhs.uk/itk-handling-key-1" /><code value="INTID" /><display value="Interaction ID" /></coding></valueCodeableConcept></extension><extension url="value"><valueString value="RSP-ITK-Business-Acknowledgement-Response-1" /></extension></extension><extension url="https://fhir.nhs.uk/StructureDefinition/extension-itk-messagehandling-1"><extension url="key"><valueCodeableConcept><coding><system value="https://fhir.nhs.uk/itk-handling-key-1" /><code value="BUSACK" /><display value="Business Acknowledgement" /></coding></valueCodeableConcept></extension><extension url="value"><valueBoolean value="true" /></extension></extension><timestamp value="2017-01-23T10:11:15+00:00" /><event><system value="https://fhir.nhs.uk/itk-message-event-1" /><code value="ITK002" /><display value="Business layer validation check" /></event><response><identifier value="ea7221b8-3cc0-4b11-bc95-585b056b5427" /><code value="fatal-error" /><details><reference value="OperationOutcome/f19e4165-b379-4377-ad43-df65f609eba5" /></details></response><source><endpoint value="urn:nhs-uk:addressing:ods:RHM" /></source><destination><endpoint value="urn:nhs-uk:addressing:ods:B83019" /></destination></MessageHeader></resource></entry><entry><resource><OperationOutcome><id value="f19e4165-b379-4377-ad43-df65f609eba5" /><meta><profile value="https://fhir.nhs.uk/StructureDefinition/itk-businessack-operationoutcome-1" /></meta><issue><severity value="information" /><code value="informational" /><details><coding><system value="https://fhir.nhs.uk/itk-business-acknowledgement-1" /><code value="41002" /><display value="Patient not known here. (aka ‘patient record not present in system’)" /></coding></details></issue></OperationOutcome></resource></entry></Bundle>