<Bundle xmlns="http://hl7.org/fhir" xmlns:xsi="http://www.w3.org/2001/XMLSchema-instance" xsi:schemaLocation="http://hl7.org/fhir ../../Schemas/bundle.xsd">
	<id value="1727d702-6c9a-4bb9-91a2-4f8034655635"/>
	<meta>
		<profile value="https://fhir.nhs.uk/StructureDefinition/itk-message-bundle-1"/>
	</meta>
	<type value="message"/>
	<entry>
		<fullUrl value="https://fhir.nhs.uk/StructureDefinition/itk-busack-messageheader-1"/>
		<resource>
			<MessageHeader>
				<id value="ea7221b8-3cc0-4b11-bc95-585b056b5427"/>
				<meta>
					<profile value="https://fhir.nhs.uk/StructureDefinition/itk-messageheader-1"/>
				</meta>
				<extension url="https://fhir.nhs.uk/StructureDefinition/extension-itk-messagehandling-1">
					<extension url="key">
						<valueCodeableConcept>
							<coding>
								<system value="https://fhir.nhs.uk/itk-handling-key-1"/>
								<code value="INTID"/>
								<display value="Interaction ID"/>
							</coding>
						</valueCodeableConcept>
					</extension>
					<extension url="value">
						<valueString value="RSP-ITK-Business-Acknowledgement-Response-1"/>
					</extension>
				</extension>
				<extension url="https://fhir.nhs.uk/StructureDefinition/extension-itk-messagehandling-1">
					<extension url="key">
						<valueCodeableConcept>
							<coding>
								<system value="https://fhir.nhs.uk/itk-handling-key-1"/>
								<code value="BUSACK"/>
								<display value="Business Acknowledgement"/>
							</coding>
						</valueCodeableConcept>
					</extension>
					<extension url="value">
						<valueBoolean value="true"/>
					</extension>
				</extension>
				<timestamp value="2017-01-23T10:11:15+00:00"/>
				<event>
					<system value="https://fhir.nhs.uk/itk-message-event-1"/>
					<code value="ITK002"/>
					<display value="Business layer validation check"/>
				</event>
				<response>
					<identifier value="ea7221b8-3cc0-4b11-bc95-585b056b5427"/>
					<code value="ok"/>
					<details>
						<reference value="OperationOutcome/f19e4165-b379-4377-ad43-df65f609eba5"/>
					</details>
				</response>
				<source>
					<endpoint value="urn:nhs-uk:addressing:ods:RHM"/>
				</source>
				<destination>
					<endpoint value="urn:nhs-uk:addressing:ods:B83019"/>
				</destination>
			</MessageHeader>
		</resource>
	</entry>
	<entry>
		<resource>
			<OperationOutcome>
				<id value="f19e4165-b379-4377-ad43-df65f609eba5"/>
				<meta>
					<profile value="https://fhir.nhs.uk/StructureDefinition/itk-businessack-operationoutcome-1"/>
				</meta>
				<issue>
					<severity value="information"/>
					<code value="informational"/>
					<details>
						<coding>
							<system value="https://fhir.nhs.uk/itk-business-acknowledgement-1"/>
							<code value="41001"/>
							<display value="Patient known here. (e.g. Patient is registered here)"/>
						</coding>
					</details>
				</issue>
			</OperationOutcome>
		</resource>
	</entry>
</Bundle>
