<ValueSet xmlns="http://hl7.org/fhir"><meta><lastUpdated value="2016-08-03T00:00:00+01:00" /></meta><extension url="http://hl7.org/fhir/StructureDefinition/valueset-oid"><valueUri value="urn:oid:2.16.840.1.113883.5.60" /></extension><extension url="http://hl7.org/fhir/StructureDefinition/structuredefinition-fmm"><valueInteger value="1" /></extension><url value="https://fhir.hl7.org.uk/ValueSet/CareConnect-LanguageAbilityMode-1" /><version value="1.0.0" /><name value="Care Connect Language Ability Mode" /><status value="active" /><publisher value="HL7 UK" /><description value="A valueset to describe the mode the patient can communicate in, representing the method of expression of the language." /><codeSystem><system value="https://fhir.hl7.org.uk/CareConnect-LanguageAbilityMode-1" /><concept><code value="ESGN" /><display value="Expressed signed" /></concept><concept><code value="ESP" /><display value="Expressed spoken" /></concept><concept><code value="EWR" /><display value="Expressed written" /></concept><concept><code value="RSGN" /><display value="Received signed" /></concept><concept><code value="RSP" /><display value="Received spoken" /></concept><concept><code value="RWR" /><display value="Received written" /></concept></codeSystem></ValueSet>