{
  "resourceType": "ValueSet",
  "meta": {
    "lastUpdated": "2015-10-27T00:00:00+00:00"
  },
  "extension": [
    {
      "url": "http://hl7.org/fhir/StructureDefinition/structuredefinition-fmm",
      "valueInteger": 1
    },
    {
      "url": "http://hl7.org/fhir/StructureDefinition/valueset-oid",
      "valueUri": "urn:oid:2.16.840.1.113883.2.1.3.2.4.17.70"
    },
    {
      "url": "http://hl7.org/fhir/StructureDefinition/valueset-sourceReference",
      "valueUri": "http://www.datadictionary.nhs.uk/data_dictionary/attributes/l/language_code_de.asp?shownav=0"
    }
  ],
  "url": "https://fhir.hl7.org.uk/ValueSet/CareConnect-HumanLanguage-1",
  "version": "1.0.0",
  "name": "Care Connect Human Language",
  "status": "active",
  "publisher": "HL7 UK",
  "description": "The language used by a person.",
  "codeSystem": {
    "system": "https://fhir.hl7.org.uk/CareConnect-HumanLanguage-1",
    "concept": [
      {
        "code": "q1",
        "display": "Braille"
      },
      {
        "code": "q2",
        "display": "American Sign Language"
      },
      {
        "code": "q3",
        "display": "Australian Sign Language"
      },
      {
        "code": "q4",
        "display": "British Sign Language"
      },
      {
        "code": "q5",
        "display": "Makaton"
      },
      {
        "code": "aa",
        "display": "Afar"
      },
      {
        "code": "ab",
        "display": "Abkhazian"
      },
      {
        "code": "af",
        "display": "Afrikaans"
      },
      {
        "code": "ak",
        "display": "Akan"
      },
      {
        "code": "sq",
        "display": "Albanian"
      },
      {
        "code": "am",
        "display": "Amharic"
      },
      {
        "code": "ar",
        "display": "Arabic"
      },
      {
        "code": "an",
        "display": "Aragonese"
      },
      {
        "code": "hy",
        "display": "Armenian"
      },
      {
        "code": "as",
        "display": "Assamese"
      },
      {
        "code": "av",
        "display": "Avaric"
      },
      {
        "code": "ae",
        "display": "Avestan"
      },
      {
        "code": "ay",
        "display": "Aymara"
      },
      {
        "code": "az",
        "display": "Azerbaijani"
      },
      {
        "code": "ba",
        "display": "Bashkir"
      },
      {
        "code": "bm",
        "display": "Bambara"
      },
      {
        "code": "eu",
        "display": "Basque"
      },
      {
        "code": "be",
        "display": "Belarusian"
      },
      {
        "code": "bn",
        "display": "Bengali"
      },
      {
        "code": "bh",
        "display": "Bihari"
      },
      {
        "code": "bi",
        "display": "Bislama"
      },
      {
        "code": "bo",
        "display": "Tibetan"
      },
      {
        "code": "bs",
        "display": "Bosnian"
      },
      {
        "code": "br",
        "display": "Breton"
      },
      {
        "code": "bg",
        "display": "Bulgarian"
      },
      {
        "code": "my",
        "display": "Burmese"
      },
      {
        "code": "ca",
        "display": "Catalan; Valencian"
      },
      {
        "code": "cs",
        "display": "Czech"
      },
      {
        "code": "ch",
        "display": "Chamorro"
      },
      {
        "code": "ce",
        "display": "Chechen"
      },
      {
        "code": "zh",
        "display": "Chinese"
      },
      {
        "code": "cu",
        "display": "Church Slavic; Old Slavonic; Church Slavonic; Old Bulgarian; Old Church Slavonic"
      },
      {
        "code": "cv",
        "display": "Chuvash"
      },
      {
        "code": "kw",
        "display": "Cornish"
      },
      {
        "code": "co",
        "display": "Corsican"
      },
      {
        "code": "cr",
        "display": "Cree"
      },
      {
        "code": "cy",
        "display": "Welsh"
      },
      {
        "code": "da",
        "display": "Danish"
      },
      {
        "code": "de",
        "display": "German"
      },
      {
        "code": "dv",
        "display": "Divehi; Dhivehi; Maldivian"
      },
      {
        "code": "nl",
        "display": "Dutch; Flemish"
      },
      {
        "code": "dz",
        "display": "Dzongkha"
      },
      {
        "code": "el",
        "display": "Greek, Modern (1453-)"
      },
      {
        "code": "en",
        "display": "English"
      },
      {
        "code": "eo",
        "display": "Esperanto"
      },
      {
        "code": "et",
        "display": "Estonian"
      },
      {
        "code": "ee",
        "display": "Ewe"
      },
      {
        "code": "fo",
        "display": "Faroese"
      },
      {
        "code": "fa",
        "display": "Persian"
      },
      {
        "code": "fj",
        "display": "Fijian"
      },
      {
        "code": "fi",
        "display": "Finnish"
      },
      {
        "code": "fr",
        "display": "French"
      },
      {
        "code": "fy",
        "display": "Western Frisian"
      },
      {
        "code": "ff",
        "display": "Fulah"
      },
      {
        "code": "ka",
        "display": "Georgian"
      },
      {
        "code": "gd",
        "display": "Gaelic; Scottish Gaelic"
      },
      {
        "code": "ga",
        "display": "Irish"
      },
      {
        "code": "gl",
        "display": "Galician"
      },
      {
        "code": "gv",
        "display": "Manx"
      },
      {
        "code": "gn",
        "display": "Guarani"
      },
      {
        "code": "gu",
        "display": "Gujarati"
      },
      {
        "code": "ht",
        "display": "Haitian; Haitian Creole"
      },
      {
        "code": "ha",
        "display": "Hausa"
      },
      {
        "code": "he",
        "display": "Hebrew"
      },
      {
        "code": "hz",
        "display": "Herero"
      },
      {
        "code": "hi",
        "display": "Hindi"
      },
      {
        "code": "ho",
        "display": "Hiri Motu"
      },
      {
        "code": "hr",
        "display": "Croatian"
      },
      {
        "code": "hu",
        "display": "Hungarian"
      },
      {
        "code": "ig",
        "display": "Igbo"
      },
      {
        "code": "is",
        "display": "Icelandic"
      },
      {
        "code": "io",
        "display": "Ido"
      },
      {
        "code": "ii",
        "display": "Sichuan Yi"
      },
      {
        "code": "iu",
        "display": "Inuktitut"
      },
      {
        "code": "ie",
        "display": "Interlingue"
      },
      {
        "code": "ia",
        "display": "Interlingua (International Auxiliary Language Association)"
      },
      {
        "code": "id",
        "display": "Indonesian"
      },
      {
        "code": "ik",
        "display": "Inupiaq"
      },
      {
        "code": "it",
        "display": "Italian"
      },
      {
        "code": "jv",
        "display": "Javanese"
      },
      {
        "code": "ja",
        "display": "Japanese"
      },
      {
        "code": "kl",
        "display": "Kalaallisut; Greenlandic"
      },
      {
        "code": "kn",
        "display": "Kannada"
      },
      {
        "code": "ks",
        "display": "Kashmiri"
      },
      {
        "code": "kr",
        "display": "Kanuri"
      },
      {
        "code": "kk",
        "display": "Kazakh"
      },
      {
        "code": "km",
        "display": "Central Khmer"
      },
      {
        "code": "ki",
        "display": "Kikuyu; Gikuyu"
      },
      {
        "code": "rw",
        "display": "Kinyarwanda"
      },
      {
        "code": "ky",
        "display": "Kirghiz; Kyrgyz"
      },
      {
        "code": "kv",
        "display": "Komi"
      },
      {
        "code": "kg",
        "display": "Kongo"
      },
      {
        "code": "ko",
        "display": "Korean"
      },
      {
        "code": "kj",
        "display": "Kuanyama; Kwanyama"
      },
      {
        "code": "ku",
        "display": "Kurdish"
      },
      {
        "code": "lo",
        "display": "Lao"
      },
      {
        "code": "la",
        "display": "Latin"
      },
      {
        "code": "lv",
        "display": "Latvian"
      },
      {
        "code": "li",
        "display": "Limburgan; Limburger; Limburgish"
      },
      {
        "code": "ln",
        "display": "Lingala"
      },
      {
        "code": "lt",
        "display": "Lithuanian"
      },
      {
        "code": "lb",
        "display": "Luxembourgish; Letzeburgesch"
      },
      {
        "code": "lu",
        "display": "Luba-Katanga"
      },
      {
        "code": "lg",
        "display": "Ganda"
      },
      {
        "code": "mk",
        "display": "Macedonian"
      },
      {
        "code": "mh",
        "display": "Marshallese"
      },
      {
        "code": "ml",
        "display": "Malayalam"
      },
      {
        "code": "mi",
        "display": "Maori"
      },
      {
        "code": "mr",
        "display": "Marathi"
      },
      {
        "code": "ms",
        "display": "Malay"
      },
      {
        "code": "mg",
        "display": "Malagasy"
      },
      {
        "code": "mt",
        "display": "Maltese"
      },
      {
        "code": "mo",
        "display": "Moldavian"
      },
      {
        "code": "mn",
        "display": "Mongolian"
      },
      {
        "code": "na",
        "display": "Nauru"
      },
      {
        "code": "nv",
        "display": "Navajo; Navaho"
      },
      {
        "code": "nr",
        "display": "Ndebele, South; South Ndebele"
      },
      {
        "code": "nd",
        "display": "Ndebele, North; North Ndebele"
      },
      {
        "code": "ng",
        "display": "Ndonga"
      },
      {
        "code": "ne",
        "display": "Nepali"
      },
      {
        "code": "nn",
        "display": "Norwegian Nynorsk; Nynorsk, Norwegian"
      },
      {
        "code": "nb",
        "display": "Bokmal, Norwegian; Norwegian Bokmal"
      },
      {
        "code": "no",
        "display": "Norwegian"
      },
      {
        "code": "ny",
        "display": "Chichewa; Chewa; Nyanja"
      },
      {
        "code": "oc",
        "display": "Occitan (post1500); Provencal"
      },
      {
        "code": "oj",
        "display": "Ojibwa"
      },
      {
        "code": "or",
        "display": "Oriya"
      },
      {
        "code": "om",
        "display": "Oromo"
      },
      {
        "code": "os",
        "display": "Ossetian; Ossetic"
      },
      {
        "code": "pa",
        "display": "Panjabi; Punjabi"
      },
      {
        "code": "pi",
        "display": "Pali"
      },
      {
        "code": "pl",
        "display": "Polish"
      },
      {
        "code": "pt",
        "display": "Portuguese"
      },
      {
        "code": "ps",
        "display": "Pushto"
      },
      {
        "code": "qu",
        "display": "Quechua"
      },
      {
        "code": "rm",
        "display": "Romansh"
      },
      {
        "code": "ro",
        "display": "Romanian"
      },
      {
        "code": "rn",
        "display": "Rundi"
      },
      {
        "code": "ru",
        "display": "Russian"
      },
      {
        "code": "sg",
        "display": "Sango"
      },
      {
        "code": "sa",
        "display": "Sanskrit"
      },
      {
        "code": "sr",
        "display": "Serbian"
      },
      {
        "code": "si",
        "display": "Sinhala; Sinhalese"
      },
      {
        "code": "sk",
        "display": "Slovak"
      },
      {
        "code": "sl",
        "display": "Slovenian"
      },
      {
        "code": "se",
        "display": "Northern Sami"
      },
      {
        "code": "sm",
        "display": "Samoan"
      },
      {
        "code": "sn",
        "display": "Shona"
      },
      {
        "code": "sd",
        "display": "Sindhi"
      },
      {
        "code": "so",
        "display": "Somali"
      },
      {
        "code": "st",
        "display": "Sotho, Southern"
      },
      {
        "code": "es",
        "display": "Spanish; Castilian"
      },
      {
        "code": "sc",
        "display": "Sardinian"
      },
      {
        "code": "ss",
        "display": "Swati"
      },
      {
        "code": "su",
        "display": "Sundanese"
      },
      {
        "code": "sw",
        "display": "Swahili"
      },
      {
        "code": "sv",
        "display": "Swedish"
      },
      {
        "code": "ty",
        "display": "Tahitian"
      },
      {
        "code": "ta",
        "display": "Tamil"
      },
      {
        "code": "tt",
        "display": "Tatar"
      },
      {
        "code": "te",
        "display": "Telugu"
      },
      {
        "code": "tg",
        "display": "Tajik"
      },
      {
        "code": "tl",
        "display": "Tagalog"
      },
      {
        "code": "th",
        "display": "Thai"
      },
      {
        "code": "ti",
        "display": "Tigrinya"
      },
      {
        "code": "to",
        "display": "Tonga (Tonga Islands)"
      },
      {
        "code": "tn",
        "display": "Tswana"
      },
      {
        "code": "ts",
        "display": "Tsonga"
      },
      {
        "code": "tk",
        "display": "Turkmen"
      },
      {
        "code": "tr",
        "display": "Turkish"
      },
      {
        "code": "tw",
        "display": "Twi"
      },
      {
        "code": "ug",
        "display": "Uighur; Uyghur"
      },
      {
        "code": "uk",
        "display": "Ukrainian"
      },
      {
        "code": "ur",
        "display": "Urdu"
      },
      {
        "code": "uz",
        "display": "Uzbek"
      },
      {
        "code": "ve",
        "display": "Venda"
      },
      {
        "code": "vi",
        "display": "Vietnamese"
      },
      {
        "code": "vo",
        "display": "Volapuk"
      },
      {
        "code": "wa",
        "display": "Walloon"
      },
      {
        "code": "wo",
        "display": "Wolof"
      },
      {
        "code": "xh",
        "display": "Xhosa"
      },
      {
        "code": "yi",
        "display": "Yiddish"
      },
      {
        "code": "yo",
        "display": "Yoruba"
      },
      {
        "code": "za",
        "display": "Zhuang; Chuang"
      },
      {
        "code": "zu",
        "display": "Zulu"
      }
    ]
  }
}