{
  "resourceType": "ValueSet",
  "meta": {
    "lastUpdated": "2016-08-03T00:00:00+01:00"
  },
  "contained": [
    {
      "resourceType": "ConceptMap",
      "id": "map",
      "name": "NHS Data Model and Dictionary Mapping",
      "status": "draft",
      "sourceReference": {
        "reference": "https://fhir.hl7.org.uk/ValueSet/CareConnect-AdministrativeGender-1"
      },
      "targetReference": {
        "reference": "https://fhir.hl7.org.uk/ValueSet/CareConnect-PersonStatedGender-DDMAP-1"
      },
      "element": [
        {
          "code": "male",
          "target": [
            {
              "code": "1",
              "equivalence": "equivalent"
            }
          ]
        },
        {
          "code": "female",
          "target": [
            {
              "code": "2",
              "equivalence": "equivalent"
            }
          ]
        },
        {
          "code": "other",
          "target": [
            {
              "code": "9",
              "equivalence": "equivalent"
            }
          ]
        },
        {
          "code": "unknown",
          "target": [
            {
              "code": "X",
              "equivalence": "equivalent"
            }
          ]
        }
      ]
    }
  ],
  "extension": [
    {
      "url": "http://hl7.org/fhir/StructureDefinition/valueset-map",
      "valueReference": {
        "reference": "#map"
      }
    },
    {
      "url": "http://hl7.org/fhir/StructureDefinition/valueset-oid",
      "valueUri": "urn:oid:2.16.840.1.113883.4.642.2.1"
    },
    {
      "url": "http://hl7.org/fhir/StructureDefinition/structuredefinition-fmm",
      "valueInteger": 1
    }
  ],
  "url": "https://fhir.hl7.org.uk/ValueSet/CareConnect-AdministrativeGender-1",
  "version": "1.0.0",
  "name": "Care Connect Administrative Gender",
  "status": "active",
  "description": "The gender of a person used for administrative purposes.",
  "requirements": "The codes listed in this FHIR ValueSet have a 'Required' binding; for conformance the Administrative Gender element SHALL include a code listed below. Concept Maps for this value set: https://fhir.hl7.org.uk/CareConnect-PersonStatedGender-DDMAP-1.valueset.xml",
  "codeSystem": {
    "system": "http://hl7.org/fhir/administrative-gender",
    "concept": [
      {
        "code": "male",
        "display": "Male",
        "definition": "Male"
      },
      {
        "code": "female",
        "display": "Female",
        "definition": "Female"
      },
      {
        "code": "other",
        "display": "Other",
        "definition": "Other"
      },
      {
        "code": "unknown",
        "display": "Unknown",
        "definition": "Unknown"
      }
    ]
  }
}