<ValueSet xmlns="http://hl7.org/fhir"><meta><lastUpdated value="2016-08-03T00:00:00+01:00" /></meta><extension url="http://hl7.org/fhir/StructureDefinition/valueset-oid"><valueUri value="urn:oid:2.16.840.1.113883.2.1.3.2.4.16.25" /></extension><url value="https://fhir.hl7.org.uk/ValueSet/CareConnect-PersonStatedGender-DDMAP-1" /><version value="1.0.0" /><name value="Person Stated Gender Code NHS Data Model and Dictionary" /><status value="active" /><publisher value="HL7 UK" /><description value="Person Stated Gender Code is self declared or inferred by observation for those unable to declare their Person Stated Gender." /><codeSystem><system value="https://fhir.hl7.org.uk/CareConnect-PersonStatedGender-DDMAP-1" /><concept><code value="1" /><display value="Male" /></concept><concept><code value="2" /><display value="Female" /></concept><concept><code value="9" /><display value="Indeterminate (unable to be classified as either male or female)" /></concept><concept><code value="X" /><display value="Not Known (not recorded)" /></concept></codeSystem></ValueSet>