<ValueSet xmlns="http://hl7.org/fhir"><meta><lastUpdated value="2016-08-03T00:00:00+01:00" /></meta><extension url="http://hl7.org/fhir/StructureDefinition/valueset-oid"><valueUri value="urn:oid:2.16.840.1.113883.5.61" /></extension><extension url="http://hl7.org/fhir/StructureDefinition/structuredefinition-fmm"><valueInteger value="1" /></extension><url value="https://fhir.hl7.org.uk/ValueSet/CareConnect-LanguageAbilityProficiency-1" /><version value="1.0.0" /><name value="Care Connect Language Ability Proficiency" /><status value="active" /><description value="A valueset to describe the level of proficiency in communicating a language." /><codeSystem><system value="https://fhir.hl7.org.uk/CareConnect-LanguageAbilityProficiency-1" /><concept><code value="E" /><display value="Excellent" /></concept><concept><code value="F" /><display value="Fair" /></concept><concept><code value="G" /><display value="Good" /></concept><concept><code value="P" /><display value="Poor" /></concept></codeSystem></ValueSet>