{
  "resourceType": "ValueSet",
  "meta": {
    "lastUpdated": "2016-12-18T23:00:00+00:00"
  },
  "url": "https://fhir.nhs.uk/ValueSet/care-setting-type-1",
  "name": "Care Setting Type",
  "status": "active",
  "description": "A code from the SNOMED Clinical Terminology UK coding system that describes a correspondence care setting type. Any code from the SNOMED CT UK 'Correspondence Care setting type' subset with subset original id 43971000000130; the corresponding SNOMED CT UK Refset fully specified name is 'Correspondence care setting type simple reference set (foundation metadata concept)' with Refset Id 999000381000000107",
  "copyright": "This value set includes content from SNOMED CT, which is copyright © 2002+ International Health Terminology Standards Development Organisation (IHTSDO), and distributed by agreement between IHTSDO and HL7. Implementer use of SNOMED CT is not covered by this agreement.",
  "compose": {
    "include": [
      {
        "system": "http://snomed.info/sct",
        "filter": [
          {
            "property": "concept",
            "op": "in",
            "value": "999000381000000107"
          }
        ]
      }
    ]
  }
}