<ValueSet xmlns="http://hl7.org/fhir"><meta><lastUpdated value="2016-08-03T00:00:00+01:00" /></meta><contained><ConceptMap><id value="map" /><name value="NHS Data Model and Dictionary Mapping" /><status value="draft" /><sourceReference><reference value="https://fhir.hl7.org.uk/ValueSet/CareConnect-AdministrativeGender-1" /></sourceReference><targetReference><reference value="https://fhir.hl7.org.uk/ValueSet/CareConnect-PersonStatedGender-DDMAP-1" /></targetReference><element><code value="male" /><target><code value="1" /><equivalence value="equivalent" /></target></element><element><code value="female" /><target><code value="2" /><equivalence value="equivalent" /></target></element><element><code value="other" /><target><code value="9" /><equivalence value="equivalent" /></target></element><element><code value="unknown" /><target><code value="X" /><equivalence value="equivalent" /></target></element></ConceptMap></contained><extension url="http://hl7.org/fhir/StructureDefinition/valueset-map"><valueReference><reference value="#map" /></valueReference></extension><extension url="http://hl7.org/fhir/StructureDefinition/valueset-oid"><valueUri value="urn:oid:2.16.840.1.113883.4.642.2.1" /></extension><extension url="http://hl7.org/fhir/StructureDefinition/structuredefinition-fmm"><valueInteger value="1" /></extension><url value="https://fhir.hl7.org.uk/ValueSet/CareConnect-AdministrativeGender-1" /><version value="1.0.0" /><name value="Care Connect Administrative Gender" /><status value="active" /><description value="The gender of a person used for administrative purposes." /><requirements value="The codes listed in this FHIR ValueSet have a 'Required' binding; for conformance the Administrative Gender element SHALL include a code listed below. Concept Maps for this value set: https://fhir.hl7.org.uk/CareConnect-PersonStatedGender-DDMAP-1.valueset.xml" /><codeSystem><system value="http://hl7.org/fhir/administrative-gender" /><concept><code value="male" /><display value="Male" /><definition value="Male" /></concept><concept><code value="female" /><display value="Female" /><definition value="Female" /></concept><concept><code value="other" /><display value="Other" /><definition value="Other" /></concept><concept><code value="unknown" /><display value="Unknown" /><definition value="Unknown" /></concept></codeSystem></ValueSet>