<ValueSet xmlns="http://hl7.org/fhir"><meta><lastUpdated value="2016-10-10T00:00:00+01:00" /></meta><url value="https://fhir.nhs.uk/ValueSet/document-type-1" /><name value="Document Type" /><status value="active" /><description value="A code from the SNOMED Clinical Terminology UK coding system that describes a clinical document type. Any code from the SNOMED CT UK 'Document Type' subset with subset original id 1061000000133; the corresponding SNOMED CT UK Refset fully specified name is 'Document type simple reference set (foundation metadata concept)' with Refset Id 999000741000000100." /><copyright value="This value set includes content from SNOMED CT, which is copyright © 2002+ International Health Terminology Standards Development Organisation (IHTSDO), and distributed by agreement between IHTSDO and HL7. Implementer use of SNOMED CT is not covered by this agreement." /><compose><include><system value="http://snomed.info/sct" /><filter><property value="concept" /><op value="in" /><value value="999000741000000100" /></filter></include></compose></ValueSet>