<ValueSet xmlns="http://hl7.org/fhir"><meta><lastUpdated value="2017-01-19T00:00:00+01:00" /></meta><url value="https://fhir.nhs.uk/ValueSet/itk-handling-key-1" /><name value="ITK Handling Specification" /><status value="active" /><description value="A valueset to describe the type of handling key for ITK bundle management." /><codeSystem><system value="https://fhir.nhs.uk/ValueSet/itk-handling-key-1" /><concept><code value="INFACK" /><display value="Infrastructure Acknowledgement" /></concept><concept><code value="BUSACK" /><display value="Business Acknowledgement" /></concept><concept><code value="PID" /><display value="Profile ID" /></concept><concept><code value="INTID" /><display value="Interaction ID" /></concept><concept><code value="SNDSRVC" /><display value="Sending Service" /></concept></codeSystem></ValueSet>