<ValueSet xmlns="http://hl7.org/fhir"><meta><lastUpdated value="2017-01-19T00:00:00+01:00" /></meta><url value="https://fhir.nhs.uk/ValueSet/itk-message-event-1" /><name value="Message Event" /><status value="active" /><description value="A valueset to describe the event that triggered the message." /><copyright value="Copyright © 2016 Health and Social Care Information Centre" /><codeSystem><system value="https://fhir.nhs.uk/ValueSet/itk-message-event-1" /><concept><code value="ITK001" /><display value="Message structure validation check" /></concept><concept><code value="ITK002" /><display value="Business layer validation check" /></concept></codeSystem></ValueSet>