<ValueSet xmlns="http://hl7.org/fhir">
	<meta>
		<lastUpdated value="2017-01-19T00:00:00+01:00"/>
	</meta>
	<url value="https://fhir.nhs.uk/ValueSet/itk-business-acknowledgement-1"/>
	<name value="Business Acknowledgement"/>
	<status value="active"/>
	<description value="A valueset to describe the business ackowledgements returned to the sender."/>
	<copyright value="Copyright © 2016 Health and Social Care Information Centre"/>
	<codeSystem>
		<system value="https://fhir.nhs.uk/ValueSet/itk-business-acknowledgement-1"/>
		<concept>
			<code value="41001"/>
			<display value="Patient known here. (e.g. Patient is registered here)"/>
		</concept>
		<concept>
			<code value="41002"/>
			<display value="Patient not known here. (aka 'patient record not present in system')"/>
		</concept>
		<concept>
			<code value="41022"/>
			<display value="Patient no longer at this clinical setting"/>
		</concept>
		<concept>
			<code value="UC001"/>
			<display value="Rejected as address cannot be processed"/>
		</concept>
		<concept>
			<code value="UC002"/>
			<display value="Rejected as address is not within coverage area"/>
		</concept>
		<concept>
			<code value="UC003"/>
			<display value="Rejected as triage disposition is not supported"/>
		</concept>
		<concept>
			<code value="UC004"/>
			<display value="Rejected as priority code is not supported"/>
		</concept>
		<concept>
			<code value="UC005"/>
			<display value="Rejected as service does not have capacity"/>
		</concept>
	</codeSystem>
</ValueSet>
