<Practitioner xmlns="http://hl7.org/fhir"><id value="75a7388d-abbf-4bd2-8008-a602435aa2b3" /><meta><profile value="http://fhir.nhs.net/StructureDefinition/adw-practitioner-1-0" /></meta><name><family value="Gulliver" /><given value="Leticia" /></name><telecom><system value="phone" /><value value="0191223344" /><use value="work" /></telecom><telecom><system value="email" /><value value="leticia.gulliver@nhs.net" /><use value="work" /></telecom><practitionerRole><managingOrganization><reference value="Organization/86ca79fd-0e26-4ac1-b74f-c071902bee41" /><display value="Hebburn Hospital" /></managingOrganization><role><coding><system value="http://fhir.nhs.net/ValueSet/job-role-name-1-0" /><code value="NR2060" /><display value="Discharge coordinator" /></coding><text value="Hospital Liaison" /></role></practitionerRole></Practitioner>