<Organization xmlns="http://hl7.org/fhir"><id value="3173bcfa-130b-4e40-9aac-7b9c69cb1350" /><meta><profile value="http://fhir.nhs.net/StructureDefinition/adw-social-services-team-organization-1-0" /></meta><type><coding><system value="http://hl7.org/fhir/ValueSet/organization-type" /><code value="other" /><display value="Other" /></coding><text value="Local Authority Social Services' department Community Team" /></type><name value="Social Services' Community Team" /><partOf><reference value="Organization/71583f7a-6572-49fc-be7f-3bb83bdbaab1" /><display value="Hebburn Social Services" /></partOf></Organization>