<Location xmlns="http://hl7.org/fhir"><id value="10eb367a-78d8-4ea6-9e09-080c765bf2b6" /><meta><profile value="http://fhir.nhs.net/StructureDefinition/adw-location-1-0" /></meta><identifier><use value="official" /><system value="http://fhir.nhs.net/Id/ods-organization-code" /><value value="RFM7C7" /></identifier><name value="Collier Ward" /><managingOrganization><reference value="Organization/86ca79fd-0e26-4ac1-b74f-c071902bee41" /><display value="Hebburn Hospital" /></managingOrganization></Location>