<Practitioner xmlns="http://hl7.org/fhir"><id value="d5228f4a-357c-4fc3-b7da-a41315c7c768" /><meta><profile value="http://fhir.nhs.net/StructureDefinition/adw-practitioner-1-0" /></meta><name><family value="Jones" /><given value="Lee" /></name><telecom><system value="phone" /><value value="0191223888" /><use value="work" /></telecom><telecom><system value="email" /><value value="lee.jones@nhs.net" /><use value="work" /></telecom><practitionerRole><managingOrganization><reference value="Organization/3173bcfa-130b-4e40-9aac-7b9c69cb1350" /><display value="Hebburn Social Services Community Team" /></managingOrganization><role><coding><system value="http://fhir.nhs.net/ValueSet/job-role-name-1-0" /><code value="NR1340" /><display value="Approved Social Worker" /></coding><text value="Local Authority Contact (Social Worker)" /></role></practitionerRole></Practitioner>