<Encounter xmlns="http://hl7.org/fhir"><id value="c73b7b39-a5b5-4d60-9a68-fa07ef37c258" /><meta><profile value="http://fhir.nhs.net/StructureDefinition/adw-response-encounter-1-0" /></meta><identifier><value value="2562b8b6-c0db-424a-8c6b-0fa43b0d6c2f" /></identifier><status value="in-progress" /><class value="inpatient" /><patient><reference value="Patient/79449d15-3b98-46d6-8d3a-219ac854f96c" /></patient><location><location><reference value="Location/10eb367a-78d8-4ea6-9e09-080c765bf2b6" /></location></location><serviceProvider><reference value="Organization/86ca79fd-0e26-4ac1-b74f-c071902bee41" /></serviceProvider></Encounter>