<ReferralRequest xmlns="http://hl7.org/fhir"><id value="4c8afe0b-ed78-4f4b-b37f-5d930f45bc63" /><meta><profile value="http://fhir.nhs.net/StructureDefinition/adw-referral-request-rejected-1-0" /></meta><status value="rejected" /><identifier><value value="311fcae7-32a7-4a8e-a15c-eebae3a246b9" /></identifier><patient><reference value="Patient/79449d15-3b98-46d6-8d3a-219ac854f96c" /></patient><requester><reference value="Practitioner/75a7388d-abbf-4bd2-8008-a602435aa2b3" /></requester><recipient><reference value="Organization/71583f7a-6572-49fc-be7f-3bb83bdbaab1" /></recipient><encounter><reference value="Encounter/c73b7b39-a5b5-4d60-9a68-fa07ef37c258" /></encounter></ReferralRequest>