<MessageHeader xmlns="http://hl7.org/fhir"><id value="236103d8-ea79-42d5-8078-2e9b0ed4d517" /><meta><profile value="http://fhir.nhs.net/StructureDefinition/adw-assessment-notice-reject-response-message-header-1-0" /></meta><timestamp value="2016-07-25T12:30:00+00:00" /><event><system value="http://fhir.nhs.net/ValueSet/adw-message-event-1-0" /><code value="975721000000102" /></event><response><identifier value="5bfa2a2e-923b-440d-82d6-38e24b666be6" /><code value="ok" /></response><source><name value="Local Authority Sending System" /><endpoint value="urn:nhs-uk:addressing:ods:V396BB" /></source><destination><name value="Hospital Receiving System" /><endpoint value="urn:nhs-uk:addressing:ods:RFM" /></destination><author><reference value="Practitioner/d5228f4a-357c-4fc3-b7da-a41315c7c768" /></author><receiver><reference value="Practitioner/75a7388d-abbf-4bd2-8008-a602435aa2b3" /></receiver><reason><coding><system value="http://fhir.nhs.net/ValueSet/adw-assessment-notice-reject-reason-1-0" /><code value="OFT" /></coding><text value="Other organisation or department is responsible" /></reason><data><reference value="ReferralRequest/4c8afe0b-ed78-4f4b-b37f-5d930f45bc63" /></data></MessageHeader>