<MessageHeader xmlns="http://hl7.org/fhir"><meta id="f30279eb-939c-4d46-804e-9a13fa7ce8a1"><profile value="http://fhir.nhs.net/StructureDefinition/adw-assessment-notice-accept-response-message-header-1-0" /></meta><timestamp value="2016-07-25T12:30:00+01:00" /><event><system value="http://fhir.nhs.net/ValueSet/adw-message-event-1-0" /><code value="975711000000108" /></event><response><identifier value="a63ec43d-887f-477d-b461-80dbbb139fc6" /><code value="ok" /></response><source><name value="Local Authority Sending System" /><endpoint value="urn:nhs-uk:addressing:ods:V396AA" /></source><destination><name value="Hospital Receiving System" /><endpoint value="urn:nhs-uk:addressing:ods:RFM" /></destination><author><reference value="Organization/ac831651-0ed4-4b25-97d9-2f204a51c182" /></author><receiver><reference value="Practitioner/5b5d3bab-c1bb-434a-ab0d-82c4860bb098" /></receiver><responsible><reference value="Practitioner/be4f73b4-2969-4ae8-8ff1-e2e798967f91" /></responsible><data><reference value="ReferralRequest/ae745610-e3c4-4a8c-b321-830b9d624f51" /></data></MessageHeader>