<StructureDefinition xmlns="http://hl7.org/fhir"><meta><lastUpdated value="2017-03-08T16:24:38.231+00:00" /></meta><url value="https://fhir.nhs.uk/StructureDefinition/extension-senderreference-1" /><version value="1" /><name value="Extension-senderReference-1" /><status value="draft" /><publisher value="NHS Digital" /><date value="2015-09-22T11:02:49+01:00" /><description value="Extension to capture a local sender reference. " /><copyright value="Copyright © 2016 Health and Social Care Information Centre" /><fhirVersion value="1.0.1" /><kind value="datatype" /><constrainedType value="Extension" /><abstract value="false" /><contextType value="resource" /><context value="OperationOutcome" /><base value="http://hl7.org/fhir/StructureDefinition/Extension" /><snapshot><element><path value="Extension" /><short value="Local reference value" /><definition value="Optional Extensions Element - found in all resources." /><min value="0" /><max value="*" /><base><path value="Element" /><min value="0" /><max value="*" /></base><type><code value="Element" /></type><condition value="ele-1" /><constraint><extension url="http://hl7.org/fhir/StructureDefinition/structuredefinition-expression"><valueString value="children()" /></extension><key value="ele-1" /><severity value="error" /><human value="All FHIR elements must have a @value or children" /><xpath value="@value|f:*|h:div" /></constraint><mapping><identity value="rim" /><map value="n/a" /></mapping><mapping><identity value="rim" /><map value="N/A" /></mapping></element><element><path value="Extension.id" /><short value="xml:id (or equivalent in JSON)" /><definition value="unique id for the element within a resource (for internal references)." /><comments value="RFC 4122" /><min value="0" /><max value="1" /><base><path value="Element.id" /><min value="0" /><max value="1" /></base><type><code value="id" /></type><condition value="ele-1" /><constraint><extension url="http://hl7.org/fhir/StructureDefinition/structuredefinition-expression"><valueString value="children()" /></extension><key value="ele-1" /><severity value="error" /><human value="All FHIR elements must have a @value or children" /><xpath value="@value|f:*|h:div" /></constraint><mapping><identity value="rim" /><map value="n/a" /></mapping></element><element><path value="Extension.extension" /><short value="Additional Content defined by implementations" /><definition value="May be used to represent additional information that is not part of the basic definition of the element. In order to make the use of extensions safe and manageable, there is a strict set of governance  applied to the definition and use of extensions. Though any implementer is allowed to define an extension, there is a set of requirements that SHALL be met as part of the definition of the extension." /><comments value="There can be no stigma associated with the use of extensions by any application, project, or standard - regardless of the institution or jurisdiction that uses or defines the extensions.  The use of extensions is what allows the FHIR specification to retain a core level of simplicity for everyone." /><alias value="extensions" /><alias value="user content" /><min value="0" /><max value="*" /><base><path value="Element.extension" /><min value="0" /><max value="*" /></base><type><code value="Extension" /></type><condition value="ele-1" /><constraint><extension url="http://hl7.org/fhir/StructureDefinition/structuredefinition-expression"><valueString value="children()" /></extension><key value="ele-1" /><severity value="error" /><human value="All FHIR elements must have a @value or children" /><xpath value="@value|f:*|h:div" /></constraint><mapping><identity value="rim" /><map value="n/a" /></mapping><mapping><identity value="rim" /><map value="N/A" /></mapping></element><element><path value="Extension.url" /><short value="identifies the meaning of the extension" /><definition value="Source of the definition for the extension code - a logical name or a URL." /><comments value="The definition may point directly to a computable or human-readable definition of the extensibility codes, or it may be a logical URI as declared in some other specification. The definition should be version specific.  This will ideally be the URI for the Resource Profile defining the extension, with the code for the extension after a #." /><min value="1" /><max value="1" /><base><path value="Extension.url" /><min value="1" /><max value="1" /></base><type><code value="uri" /></type><fixedUri value="https://fhir.nhs.uk/StructureDefinition/extension-senderreference-1" /><condition value="ele-1" /><constraint><extension url="http://hl7.org/fhir/StructureDefinition/structuredefinition-expression"><valueString value="children()" /></extension><key value="ele-1" /><severity value="error" /><human value="All FHIR elements must have a @value or children" /><xpath value="@value|f:*|h:div" /></constraint><mapping><identity value="rim" /><map value="n/a" /></mapping><mapping><identity value="rim" /><map value="N/A" /></mapping></element><element><path value="Extension.valueString" /><name value="senderReference" /><short value="Value of extension" /><definition value="Value of extension - may be a resource or one of a constrained set of the data types (see Extensibility in the spec for list)." /><min value="0" /><max value="1" /><base><path value="Extension.value[x]" /><min value="0" /><max value="1" /></base><type><code value="string" /></type><condition value="ele-1" /><constraint><extension url="http://hl7.org/fhir/StructureDefinition/structuredefinition-expression"><valueString value="children()" /></extension><key value="ele-1" /><severity value="error" /><human value="All FHIR elements must have a @value or children" /><xpath value="@value|f:*|h:div" /></constraint><mapping><identity value="rim" /><map value="n/a" /></mapping><mapping><identity value="rim" /><map value="N/A" /></mapping></element></snapshot><differential><element><path value="Extension" /><short value="Local reference value" /></element><element><path value="Extension.url" /><fixedUri value="https://fhir.nhs.uk/StructureDefinition/extension-senderreference-1" /></element><element><path value="Extension.valueString" /><name value="senderReference" /><type><code value="string" /></type></element></differential></StructureDefinition>