<StructureDefinition xmlns="http://hl7.org/fhir"><meta><lastUpdated value="2017-03-21T21:42:22.793+00:00" /></meta><url value="https://fhir.nhs.uk/StructureDefinition/extension-itk-messagehandling-1" /><name value="Extension-ITK-MessageHandling-1" /><status value="draft" /><date value="2015-09-22T11:02:49+01:00" /><description value="Complex extension to support the ITK message handling key." /><fhirVersion value="1.0.1" /><kind value="datatype" /><constrainedType value="Extension" /><abstract value="false" /><contextType value="resource" /><context value="MessageHeader" /><base value="http://hl7.org/fhir/StructureDefinition/Extension" /><snapshot><element><path value="Extension" /><short value="Complex extension for message handling." /><definition value="Optional Extensions Element - found in all resources." /><min value="0" /><max value="*" /><base><path value="Element" /><min value="0" /><max value="*" /></base><type><code value="Element" /></type><condition value="ele-1" /><constraint><extension url="http://hl7.org/fhir/StructureDefinition/structuredefinition-expression"><valueString value="children()" /></extension><key value="ele-1" /><severity value="error" /><human value="All FHIR elements must have a @value or children" /><xpath value="@value|f:*|h:div" /></constraint><mapping><identity value="rim" /><map value="n/a" /></mapping><mapping><identity value="rim" /><map value="N/A" /></mapping></element><element><path value="Extension.id" /><short value="xml:id (or equivalent in JSON)" /><definition value="unique id for the element within a resource (for internal references)." /><comments value="RFC 4122" /><min value="0" /><max value="1" /><base><path value="Element.id" /><min value="0" /><max value="1" /></base><type><code value="id" /></type><condition value="ele-1" /><constraint><extension url="http://hl7.org/fhir/StructureDefinition/structuredefinition-expression"><valueString value="children()" /></extension><key value="ele-1" /><severity value="error" /><human value="All FHIR elements must have a @value or children" /><xpath value="@value|f:*|h:div" /></constraint><mapping><identity value="rim" /><map value="n/a" /></mapping></element><element><path value="Extension.extension" /><slicing><discriminator value="url" /><rules value="open" /></slicing><short value="Additional Content defined by implementations" /><definition value="May be used to represent additional information that is not part of the basic definition of the element. In order to make the use of extensions safe and manageable, there is a strict set of governance  applied to the definition and use of extensions. Though any implementer is allowed to define an extension, there is a set of requirements that SHALL be met as part of the definition of the extension." /><comments value="There can be no stigma associated with the use of extensions by any application, project, or standard - regardless of the institution or jurisdiction that uses or defines the extensions.  The use of extensions is what allows the FHIR specification to retain a core level of simplicity for everyone." /><alias value="extensions" /><alias value="user content" /><min value="0" /><max value="*" /><base><path value="Element.extension" /><min value="0" /><max value="*" /></base><type><code value="Extension" /></type><condition value="ele-1" /><constraint><extension url="http://hl7.org/fhir/StructureDefinition/structuredefinition-expression"><valueString value="children()" /></extension><key value="ele-1" /><severity value="error" /><human value="All FHIR elements must have a @value or children" /><xpath value="@value|f:*|h:div" /></constraint><mapping><identity value="rim" /><map value="n/a" /></mapping><mapping><identity value="rim" /><map value="N/A" /></mapping></element><element><path value="Extension.extension" /><name value="Key" /><short value="Additional Content defined by implementations" /><definition value="May be used to represent additional information that is not part of the basic definition of the element. In order to make the use of extensions safe and manageable, there is a strict set of governance  applied to the definition and use of extensions. Though any implementer is allowed to define an extension, there is a set of requirements that SHALL be met as part of the definition of the extension." /><comments value="There can be no stigma associated with the use of extensions by any application, project, or standard - regardless of the institution or jurisdiction that uses or defines the extensions.  The use of extensions is what allows the FHIR specification to retain a core level of simplicity for everyone." /><alias value="extensions" /><alias value="user content" /><min value="1" /><max value="1" /><base><path value="Element.extension" /><min value="0" /><max value="*" /></base><type><code value="Extension" /></type><condition value="ele-1" /><constraint><extension url="http://hl7.org/fhir/StructureDefinition/structuredefinition-expression"><valueString value="children()" /></extension><key value="ele-1" /><severity value="error" /><human value="All FHIR elements must have a @value or children" /><xpath value="@value|f:*|h:div" /></constraint><mapping><identity value="rim" /><map value="n/a" /></mapping><mapping><identity value="rim" /><map value="N/A" /></mapping></element><element><path value="Extension.extension.id" /><short value="xml:id (or equivalent in JSON)" /><definition value="unique id for the element within a resource (for internal references)." /><comments value="RFC 4122" /><min value="0" /><max value="1" /><base><path value="Element.id" /><min value="0" /><max value="1" /></base><type><code value="id" /></type><condition value="ele-1" /><constraint><extension url="http://hl7.org/fhir/StructureDefinition/structuredefinition-expression"><valueString value="children()" /></extension><key value="ele-1" /><severity value="error" /><human value="All FHIR elements must have a @value or children" /><xpath value="@value|f:*|h:div" /></constraint><mapping><identity value="rim" /><map value="n/a" /></mapping></element><element><path value="Extension.extension.extension" /><short value="Additional Content defined by implementations" /><definition value="May be used to represent additional information that is not part of the basic definition of the element. In order to make the use of extensions safe and manageable, there is a strict set of governance  applied to the definition and use of extensions. Though any implementer is allowed to define an extension, there is a set of requirements that SHALL be met as part of the definition of the extension." /><comments value="There can be no stigma associated with the use of extensions by any application, project, or standard - regardless of the institution or jurisdiction that uses or defines the extensions.  The use of extensions is what allows the FHIR specification to retain a core level of simplicity for everyone." /><alias value="extensions" /><alias value="user content" /><min value="0" /><max value="*" /><base><path value="Element.extension" /><min value="0" /><max value="*" /></base><type><code value="Extension" /></type><condition value="ele-1" /><constraint><extension url="http://hl7.org/fhir/StructureDefinition/structuredefinition-expression"><valueString value="children()" /></extension><key value="ele-1" /><severity value="error" /><human value="All FHIR elements must have a @value or children" /><xpath value="@value|f:*|h:div" /></constraint><mapping><identity value="rim" /><map value="n/a" /></mapping><mapping><identity value="rim" /><map value="N/A" /></mapping></element><element><path value="Extension.extension.url" /><short value="identifies the meaning of the extension" /><definition value="Source of the definition for the extension code - a logical name or a URL." /><comments value="The definition may point directly to a computable or human-readable definition of the extensibility codes, or it may be a logical URI as declared in some other specification. The definition should be version specific.  This will ideally be the URI for the Resource Profile defining the extension, with the code for the extension after a #." /><min value="1" /><max value="1" /><base><path value="Extension.url" /><min value="1" /><max value="1" /></base><type><code value="uri" /></type><condition value="ele-1" /><constraint><extension url="http://hl7.org/fhir/StructureDefinition/structuredefinition-expression"><valueString value="children()" /></extension><key value="ele-1" /><severity value="error" /><human value="All FHIR elements must have a @value or children" /><xpath value="@value|f:*|h:div" /></constraint><mapping><identity value="rim" /><map value="n/a" /></mapping><mapping><identity value="rim" /><map value="N/A" /></mapping></element><element><path value="Extension.extension.valueCodeableConcept" /><short value="Value of extension" /><definition value="Value of extension - may be a resource or one of a constrained set of the data types (see Extensibility in the spec for list)." /><min value="1" /><max value="1" /><base><path value="Extension.value[x]" /><min value="0" /><max value="1" /></base><type><code value="CodeableConcept" /></type><condition value="ele-1" /><constraint><extension url="http://hl7.org/fhir/StructureDefinition/structuredefinition-expression"><valueString value="children()" /></extension><key value="ele-1" /><severity value="error" /><human value="All FHIR elements must have a @value or children" /><xpath value="@value|f:*|h:div" /></constraint><binding><strength value="extensible" /><description value="Event code" /><valueSetUri value="https://fhir.nhs.uk/ValueSet/itk-handling-key-1" /></binding><mapping><identity value="rim" /><map value="n/a" /></mapping><mapping><identity value="rim" /><map value="N/A" /></mapping></element><element><path value="Extension.extension.valueCodeableConcept.id" /><short value="xml:id (or equivalent in JSON)" /><definition value="unique id for the element within a resource (for internal references)." /><comments value="RFC 4122" /><min value="0" /><max value="1" /><base><path value="Element.id" /><min value="0" /><max value="1" /></base><type><code value="id" /></type><condition value="ele-1" /><constraint><extension url="http://hl7.org/fhir/StructureDefinition/structuredefinition-expression"><valueString value="children()" /></extension><key value="ele-1" /><severity value="error" /><human value="All FHIR elements must have a @value or children" /><xpath value="@value|f:*|h:div" /></constraint><mapping><identity value="rim" /><map value="n/a" /></mapping></element><element><path value="Extension.extension.valueCodeableConcept.extension" /><short value="Additional Content defined by implementations" /><definition value="May be used to represent additional information that is not part of the basic definition of the element. In order to make the use of extensions safe and manageable, there is a strict set of governance  applied to the definition and use of extensions. Though any implementer is allowed to define an extension, there is a set of requirements that SHALL be met as part of the definition of the extension." /><comments value="There can be no stigma associated with the use of extensions by any application, project, or standard - regardless of the institution or jurisdiction that uses or defines the extensions.  The use of extensions is what allows the FHIR specification to retain a core level of simplicity for everyone." /><alias value="extensions" /><alias value="user content" /><min value="0" /><max value="*" /><base><path value="Element.extension" /><min value="0" /><max value="*" /></base><type><code value="Extension" /></type><condition value="ele-1" /><constraint><extension url="http://hl7.org/fhir/StructureDefinition/structuredefinition-expression"><valueString value="children()" /></extension><key value="ele-1" /><severity value="error" /><human value="All FHIR elements must have a @value or children" /><xpath value="@value|f:*|h:div" /></constraint><mapping><identity value="rim" /><map value="n/a" /></mapping><mapping><identity value="rim" /><map value="N/A" /></mapping></element><element><path value="Extension.extension.valueCodeableConcept.coding" /><short value="Code defined by a terminology system" /><definition value="A reference to a code defined by a terminology system." /><comments value="Codes may be defined very casually in enumerations, or code lists, up to very formal definitions such as SNOMED CT - see the HL7 v3 Core Principles for more information.  Ordering of codings is undefined and SHALL NOT be used to infer meaning. Generally, at most only one of the coding values will be labelled as UserSelected = true." /><requirements value="Allows for translations and alternate encodings within a code system.  Also supports communication of the same instance to systems requiring different encodings." /><min value="1" /><max value="1" /><base><path value="CodeableConcept.coding" /><min value="0" /><max value="*" /></base><type><code value="Coding" /></type><condition value="ele-1" /><constraint><extension url="http://hl7.org/fhir/StructureDefinition/structuredefinition-expression"><valueString value="children()" /></extension><key value="ele-1" /><severity value="error" /><human value="All FHIR elements must have a @value or children" /><xpath value="@value|f:*|h:div" /></constraint><isSummary value="true" /><mapping><identity value="rim" /><map value="n/a" /></mapping><mapping><identity value="v2" /><map value="CE/CNE/CWE subset one of the sets of component 1-3 or 4-6" /></mapping><mapping><identity value="rim" /><map value="CV" /></mapping><mapping><identity value="orim" /><map value="fhir:Coding rdfs:subClassOf dt:CDCoding" /></mapping><mapping><identity value="v2" /><map value="C*E.1-8, C*E.10-22" /></mapping><mapping><identity value="rim" /><map value="union(., ./translation)" /></mapping><mapping><identity value="orim" /><map value="fhir:CodeableConcept.coding rdfs:subPropertyOf dt:CD.coding" /></mapping></element><element><path value="Extension.extension.valueCodeableConcept.coding.id" /><short value="xml:id (or equivalent in JSON)" /><definition value="unique id for the element within a resource (for internal references)." /><comments value="RFC 4122" /><min value="0" /><max value="1" /><base><path value="Element.id" /><min value="0" /><max value="1" /></base><type><code value="id" /></type><condition value="ele-1" /><constraint><extension url="http://hl7.org/fhir/StructureDefinition/structuredefinition-expression"><valueString value="children()" /></extension><key value="ele-1" /><severity value="error" /><human value="All FHIR elements must have a @value or children" /><xpath value="@value|f:*|h:div" /></constraint><mapping><identity value="rim" /><map value="n/a" /></mapping></element><element><path value="Extension.extension.valueCodeableConcept.coding.extension" /><short value="Additional Content defined by implementations" /><definition value="May be used to represent additional information that is not part of the basic definition of the element. In order to make the use of extensions safe and manageable, there is a strict set of governance  applied to the definition and use of extensions. Though any implementer is allowed to define an extension, there is a set of requirements that SHALL be met as part of the definition of the extension." /><comments value="There can be no stigma associated with the use of extensions by any application, project, or standard - regardless of the institution or jurisdiction that uses or defines the extensions.  The use of extensions is what allows the FHIR specification to retain a core level of simplicity for everyone." /><alias value="extensions" /><alias value="user content" /><min value="0" /><max value="*" /><base><path value="Element.extension" /><min value="0" /><max value="*" /></base><type><code value="Extension" /></type><condition value="ele-1" /><constraint><extension url="http://hl7.org/fhir/StructureDefinition/structuredefinition-expression"><valueString value="children()" /></extension><key value="ele-1" /><severity value="error" /><human value="All FHIR elements must have a @value or children" /><xpath value="@value|f:*|h:div" /></constraint><mapping><identity value="rim" /><map value="n/a" /></mapping><mapping><identity value="rim" /><map value="N/A" /></mapping></element><element><path value="Extension.extension.valueCodeableConcept.coding.system" /><short value="Identity of the terminology system" /><definition value="The identification of the code system that defines the meaning of the symbol in the code." /><comments value="The URI may be an OID (urn:oid:...) or a UUID (urn:uuid:...).  OIDs and UUIDs SHALL be references to the HL7 OID registry. Otherwise, the URI should come from HL7's list of FHIR defined special URIs or it should de-reference to some definition that establish the system clearly and unambiguously." /><requirements value="Need to be unambiguous about the source of the definition of the symbol." /><min value="1" /><max value="1" /><base><path value="Coding.system" /><min value="0" /><max value="1" /></base><type><code value="uri" /></type><fixedUri value="https://fhir.nhs.uk/ValueSet/itk-handling-key-1" /><condition value="ele-1" /><constraint><extension url="http://hl7.org/fhir/StructureDefinition/structuredefinition-expression"><valueString value="children()" /></extension><key value="ele-1" /><severity value="error" /><human value="All FHIR elements must have a @value or children" /><xpath value="@value|f:*|h:div" /></constraint><isSummary value="true" /><mapping><identity value="rim" /><map value="n/a" /></mapping><mapping><identity value="v2" /><map value="C*E.3" /></mapping><mapping><identity value="rim" /><map value="./codeSystem" /></mapping><mapping><identity value="orim" /><map value="fhir:Coding.system rdfs:subPropertyOf dt:CDCoding.codeSystem" /></mapping></element><element><path value="Extension.extension.valueCodeableConcept.coding.version" /><short value="Version of the system - if relevant" /><definition value="The version of the code system which was used when choosing this code. Note that a well-maintained code system does not need the version reported, because the meaning of codes is consistent across versions. However this cannot consistently be assured. and when the meaning is not guaranteed to be consistent, the version SHOULD be exchanged." /><comments value="Where the terminology does not clearly define what string should be used to identify code system versions, the recommendation is to use the date (expressed in FHIR date format) on which that version was officially published as the version date." /><min value="0" /><max value="1" /><base><path value="Coding.version" /><min value="0" /><max value="1" /></base><type><code value="string" /></type><condition value="ele-1" /><constraint><extension url="http://hl7.org/fhir/StructureDefinition/structuredefinition-expression"><valueString value="children()" /></extension><key value="ele-1" /><severity value="error" /><human value="All FHIR elements must have a @value or children" /><xpath value="@value|f:*|h:div" /></constraint><isSummary value="true" /><mapping><identity value="rim" /><map value="n/a" /></mapping><mapping><identity value="v2" /><map value="C*E.7" /></mapping><mapping><identity value="rim" /><map value="./codeSystemVersion" /></mapping><mapping><identity value="orim" /><map value="fhir:Coding.version rdfs:subPropertyOf dt:CDCoding.codeSystemVersion" /></mapping></element><element><path value="Extension.extension.valueCodeableConcept.coding.code" /><short value="Symbol in syntax defined by the system" /><definition value="A symbol in syntax defined by the system. The symbol may be a predefined code or an expression in a syntax defined by the coding system (e.g. post-coordination)." /><comments value="Note that FHIR strings may not exceed 1MB in size" /><requirements value="Need to refer to a particular code in the system." /><min value="1" /><max value="1" /><base><path value="Coding.code" /><min value="0" /><max value="1" /></base><type><code value="code" /></type><exampleCode value="INFACK" /><condition value="ele-1" /><constraint><extension url="http://hl7.org/fhir/StructureDefinition/structuredefinition-expression"><valueString value="children()" /></extension><key value="ele-1" /><severity value="error" /><human value="All FHIR elements must have a @value or children" /><xpath value="@value|f:*|h:div" /></constraint><isSummary value="true" /><mapping><identity value="rim" /><map value="n/a" /></mapping><mapping><identity value="v2" /><map value="C*E.1" /></mapping><mapping><identity value="rim" /><map value="./code" /></mapping><mapping><identity value="orim" /><map value="fhir:Coding.code rdfs:subPropertyOf dt:CDCoding.code" /></mapping></element><element><path value="Extension.extension.valueCodeableConcept.coding.display" /><short value="Representation defined by the system" /><definition value="A representation of the meaning of the code in the system, following the rules of the system." /><comments value="Note that FHIR strings may not exceed 1MB in size" /><requirements value="Need to be able to carry a human-readable meaning of the code for readers that do not know  the system." /><min value="1" /><max value="1" /><base><path value="Coding.display" /><min value="0" /><max value="1" /></base><type><code value="string" /></type><exampleString value="Infrastructure Acknowledgement" /><condition value="ele-1" /><constraint><extension url="http://hl7.org/fhir/StructureDefinition/structuredefinition-expression"><valueString value="children()" /></extension><key value="ele-1" /><severity value="error" /><human value="All FHIR elements must have a @value or children" /><xpath value="@value|f:*|h:div" /></constraint><isSummary value="true" /><mapping><identity value="rim" /><map value="n/a" /></mapping><mapping><identity value="v2" /><map value="C*E.2 - but note this is not well followed" /></mapping><mapping><identity value="rim" /><map value="CV.displayName" /></mapping><mapping><identity value="orim" /><map value="fhir:Coding.display rdfs:subPropertyOf dt:CDCoding.displayName" /></mapping></element><element><path value="Extension.extension.valueCodeableConcept.coding.userSelected" /><short value="If this coding was chosen directly by the user" /><definition value="Indicates that this coding was chosen by a user directly - i.e. off a pick list of available items (codes or displays)." /><comments value="Amongst a set of alternatives, a directly chosen code is the most appropriate starting point for new translations. There is some ambiguity about what exactly 'directly chosen' implies, and trading partner agreement may be needed to clarify the use of this element and its consequences more completely." /><requirements value="This has been identified as a clinical safety criterium - that this exact system/code pair was chosen explicitly, rather than inferred by the system based on some rules or language processing." /><min value="0" /><max value="1" /><base><path value="Coding.userSelected" /><min value="0" /><max value="1" /></base><type><code value="boolean" /></type><condition value="ele-1" /><constraint><extension url="http://hl7.org/fhir/StructureDefinition/structuredefinition-expression"><valueString value="children()" /></extension><key value="ele-1" /><severity value="error" /><human value="All FHIR elements must have a @value or children" /><xpath value="@value|f:*|h:div" /></constraint><isSummary value="true" /><mapping><identity value="rim" /><map value="n/a" /></mapping><mapping><identity value="v2" /><map value="Sometimes implied by being first" /></mapping><mapping><identity value="rim" /><map value="CD.codingRationale" /></mapping><mapping><identity value="orim" /><map value="fhir:Coding.userSelected fhir:mapsTo dt:CDCoding.codingRationale. fhir:Coding.userSelected fhir:hasMap fhir:Coding.userSelected.map. fhir:Coding.userSelected.map a fhir:Map;   fhir:target dt:CDCoding.codingRationale. fhir:Coding.userSelected\#true a [     fhir:source &quot;true&quot;;     fhir:target dt:CDCoding.codingRationale\#O   ]" /></mapping></element><element><path value="Extension.extension.valueCodeableConcept.text" /><short value="Plain text representation of the concept" /><definition value="A human language representation of the concept as seen/selected/uttered by the user who entered the data and/or which represents the intended meaning of the user." /><comments value="Very often the text is the same as a displayName of one of the codings." /><requirements value="The codes from the terminologies do not always capture the correct meaning with all the nuances of the human using them, or sometimes there is no appropriate code at all. In these cases, the text is used to capture the full meaning of the source." /><min value="0" /><max value="1" /><base><path value="CodeableConcept.text" /><min value="0" /><max value="1" /></base><type><code value="string" /></type><condition value="ele-1" /><constraint><extension url="http://hl7.org/fhir/StructureDefinition/structuredefinition-expression"><valueString value="children()" /></extension><key value="ele-1" /><severity value="error" /><human value="All FHIR elements must have a @value or children" /><xpath value="@value|f:*|h:div" /></constraint><isSummary value="true" /><mapping><identity value="rim" /><map value="n/a" /></mapping><mapping><identity value="v2" /><map value="C*E.9. But note many systems use C*E.2 for this" /></mapping><mapping><identity value="rim" /><map value="./originalText[mediaType/code=&quot;text/plain&quot;]/data" /></mapping><mapping><identity value="orim" /><map value="fhir:CodeableConcept.text rdfs:subPropertyOf dt:CD.originalText" /></mapping></element><element><path value="Extension.extension" /><name value="Value" /><short value="Additional Content defined by implementations" /><definition value="May be used to represent additional information that is not part of the basic definition of the element. In order to make the use of extensions safe and manageable, there is a strict set of governance  applied to the definition and use of extensions. Though any implementer is allowed to define an extension, there is a set of requirements that SHALL be met as part of the definition of the extension." /><comments value="There can be no stigma associated with the use of extensions by any application, project, or standard - regardless of the institution or jurisdiction that uses or defines the extensions.  The use of extensions is what allows the FHIR specification to retain a core level of simplicity for everyone." /><alias value="extensions" /><alias value="user content" /><min value="1" /><max value="1" /><base><path value="Element.extension" /><min value="0" /><max value="*" /></base><type><code value="Extension" /></type><condition value="ele-1" /><constraint><extension url="http://hl7.org/fhir/StructureDefinition/structuredefinition-expression"><valueString value="children()" /></extension><key value="ele-1" /><severity value="error" /><human value="All FHIR elements must have a @value or children" /><xpath value="@value|f:*|h:div" /></constraint><mapping><identity value="rim" /><map value="n/a" /></mapping><mapping><identity value="rim" /><map value="N/A" /></mapping></element><element><path value="Extension.extension.id" /><short value="xml:id (or equivalent in JSON)" /><definition value="unique id for the element within a resource (for internal references)." /><comments value="RFC 4122" /><min value="0" /><max value="1" /><base><path value="Element.id" /><min value="0" /><max value="1" /></base><type><code value="id" /></type><condition value="ele-1" /><constraint><extension url="http://hl7.org/fhir/StructureDefinition/structuredefinition-expression"><valueString value="children()" /></extension><key value="ele-1" /><severity value="error" /><human value="All FHIR elements must have a @value or children" /><xpath value="@value|f:*|h:div" /></constraint><mapping><identity value="rim" /><map value="n/a" /></mapping></element><element><path value="Extension.extension.extension" /><short value="Additional Content defined by implementations" /><definition value="May be used to represent additional information that is not part of the basic definition of the element. In order to make the use of extensions safe and manageable, there is a strict set of governance  applied to the definition and use of extensions. Though any implementer is allowed to define an extension, there is a set of requirements that SHALL be met as part of the definition of the extension." /><comments value="There can be no stigma associated with the use of extensions by any application, project, or standard - regardless of the institution or jurisdiction that uses or defines the extensions.  The use of extensions is what allows the FHIR specification to retain a core level of simplicity for everyone." /><alias value="extensions" /><alias value="user content" /><min value="0" /><max value="*" /><base><path value="Element.extension" /><min value="0" /><max value="*" /></base><type><code value="Extension" /></type><condition value="ele-1" /><constraint><extension url="http://hl7.org/fhir/StructureDefinition/structuredefinition-expression"><valueString value="children()" /></extension><key value="ele-1" /><severity value="error" /><human value="All FHIR elements must have a @value or children" /><xpath value="@value|f:*|h:div" /></constraint><mapping><identity value="rim" /><map value="n/a" /></mapping><mapping><identity value="rim" /><map value="N/A" /></mapping></element><element><path value="Extension.extension.url" /><short value="identifies the meaning of the extension" /><definition value="Source of the definition for the extension code - a logical name or a URL." /><comments value="The definition may point directly to a computable or human-readable definition of the extensibility codes, or it may be a logical URI as declared in some other specification. The definition should be version specific.  This will ideally be the URI for the Resource Profile defining the extension, with the code for the extension after a #." /><min value="1" /><max value="1" /><base><path value="Extension.url" /><min value="1" /><max value="1" /></base><type><code value="uri" /></type><condition value="ele-1" /><constraint><extension url="http://hl7.org/fhir/StructureDefinition/structuredefinition-expression"><valueString value="children()" /></extension><key value="ele-1" /><severity value="error" /><human value="All FHIR elements must have a @value or children" /><xpath value="@value|f:*|h:div" /></constraint><mapping><identity value="rim" /><map value="n/a" /></mapping><mapping><identity value="rim" /><map value="N/A" /></mapping></element><element><path value="Extension.extension.value[x]" /><short value="Value of extension" /><definition value="Value of extension - may be a resource or one of a constrained set of the data types (see Extensibility in the spec for list)." /><min value="1" /><max value="1" /><base><path value="Extension.value[x]" /><min value="0" /><max value="1" /></base><type><code value="boolean" /></type><type><code value="string" /></type><condition value="ele-1" /><constraint><extension url="http://hl7.org/fhir/StructureDefinition/structuredefinition-expression"><valueString value="children()" /></extension><key value="ele-1" /><severity value="error" /><human value="All FHIR elements must have a @value or children" /><xpath value="@value|f:*|h:div" /></constraint><mapping><identity value="rim" /><map value="n/a" /></mapping><mapping><identity value="rim" /><map value="N/A" /></mapping></element><element><path value="Extension.url" /><short value="identifies the meaning of the extension" /><definition value="Source of the definition for the extension code - a logical name or a URL." /><comments value="The definition may point directly to a computable or human-readable definition of the extensibility codes, or it may be a logical URI as declared in some other specification. The definition should be version specific.  This will ideally be the URI for the Resource Profile defining the extension, with the code for the extension after a #." /><min value="1" /><max value="1" /><base><path value="Extension.url" /><min value="1" /><max value="1" /></base><type><code value="uri" /></type><fixedUri value="https://fhir.nhs.uk/StructureDefinition/extension-itk-messagehandling-1" /><condition value="ele-1" /><constraint><extension url="http://hl7.org/fhir/StructureDefinition/structuredefinition-expression"><valueString value="children()" /></extension><key value="ele-1" /><severity value="error" /><human value="All FHIR elements must have a @value or children" /><xpath value="@value|f:*|h:div" /></constraint><mapping><identity value="rim" /><map value="n/a" /></mapping><mapping><identity value="rim" /><map value="N/A" /></mapping></element><element><path value="Extension.value[x]" /><name value="Key" /><short value="Value of extension" /><definition value="Value of extension - may be a resource or one of a constrained set of the data types (see Extensibility in the spec for list)." /><min value="0" /><max value="0" /><base><path value="Extension.value[x]" /><min value="0" /><max value="1" /></base><type><code value="boolean" /></type><type><code value="integer" /></type><type><code value="decimal" /></type><type><code value="base64Binary" /></type><type><code value="instant" /></type><type><code value="string" /></type><type><code value="uri" /></type><type><code value="date" /></type><type><code value="dateTime" /></type><type><code value="time" /></type><type><code value="code" /></type><type><code value="oid" /></type><type><code value="id" /></type><type><code value="unsignedInt" /></type><type><code value="positiveInt" /></type><type><code value="markdown" /></type><type><code value="Annotation" /></type><type><code value="Attachment" /></type><type><code value="Identifier" /></type><type><code value="CodeableConcept" /></type><type><code value="Coding" /></type><type><code value="Quantity" /></type><type><code value="Range" /></type><type><code value="Period" /></type><type><code value="Ratio" /></type><type><code value="SampledData" /></type><type><code value="Signature" /></type><type><code value="HumanName" /></type><type><code value="Address" /></type><type><code value="ContactPoint" /></type><type><code value="Timing" /></type><type><code value="Reference" /></type><condition value="ele-1" /><constraint><extension url="http://hl7.org/fhir/StructureDefinition/structuredefinition-expression"><valueString value="children()" /></extension><key value="ele-1" /><severity value="error" /><human value="All FHIR elements must have a @value or children" /><xpath value="@value|f:*|h:div" /></constraint><mapping><identity value="rim" /><map value="n/a" /></mapping><mapping><identity value="rim" /><map value="N/A" /></mapping></element></snapshot><differential><element><path value="Extension" /><short value="Complex extension for message handling." /></element><element><path value="Extension.extension" /><slicing><discriminator value="url" /><rules value="open" /></slicing></element><element><path value="Extension.extension" /><name value="Key" /><min value="1" /><max value="1" /></element><element><path value="Extension.extension.valueCodeableConcept" /><min value="1" /><type><code value="CodeableConcept" /></type><binding><strength value="extensible" /><description value="Event code" /><valueSetUri value="https://fhir.nhs.uk/ValueSet/itk-handling-key-1" /></binding></element><element><path value="Extension.extension.valueCodeableConcept.coding" /><min value="1" /><max value="1" /></element><element><path value="Extension.extension.valueCodeableConcept.coding.system" /><min value="1" /><fixedUri value="https://fhir.nhs.uk/ValueSet/itk-handling-key-1" /></element><element><path value="Extension.extension.valueCodeableConcept.coding.code" /><min value="1" /><exampleCode value="INFACK" /></element><element><path value="Extension.extension.valueCodeableConcept.coding.display" /><min value="1" /><exampleString value="Infrastructure Acknowledgement" /></element><element><path value="Extension.extension" /><name value="Value" /><min value="1" /><max value="1" /></element><element><path value="Extension.extension.value[x]" /><min value="1" /><type><code value="boolean" /></type><type><code value="string" /></type></element><element><path value="Extension.url" /><fixedUri value="https://fhir.nhs.uk/StructureDefinition/extension-itk-messagehandling-1" /></element><element><path value="Extension.value[x]" /><name value="Key" /><max value="0" /><type><code value="boolean" /></type><type><code value="integer" /></type><type><code value="decimal" /></type><type><code value="base64Binary" /></type><type><code value="instant" /></type><type><code value="string" /></type><type><code value="uri" /></type><type><code value="date" /></type><type><code value="dateTime" /></type><type><code value="time" /></type><type><code value="code" /></type><type><code value="oid" /></type><type><code value="id" /></type><type><code value="unsignedInt" /></type><type><code value="positiveInt" /></type><type><code value="markdown" /></type><type><code value="Annotation" /></type><type><code value="Attachment" /></type><type><code value="Identifier" /></type><type><code value="CodeableConcept" /></type><type><code value="Coding" /></type><type><code value="Quantity" /></type><type><code value="Range" /></type><type><code value="Period" /></type><type><code value="Ratio" /></type><type><code value="SampledData" /></type><type><code value="Signature" /></type><type><code value="HumanName" /></type><type><code value="Address" /></type><type><code value="ContactPoint" /></type><type><code value="Timing" /></type><type><code value="Reference" /></type></element></differential></StructureDefinition>