<StructureDefinition xmlns="http://hl7.org/fhir"><meta><lastUpdated value="2017-02-22T11:20:01.739+00:00" /></meta><extension url="http://hl7.org/fhir/StructureDefinition/structuredefinition-fmm"><valueInteger value="1" /></extension><url value="https://fhir.hl7.org.uk/StructureDefinition/Extension-CareConnect-NHSCommunication-1" /><version value="1.0.0" /><name value="Extension-CareConnect-NHSCommunication-1" /><status value="active" /><publisher value="HL7 UK" /><description value="This extension is constrained to support the communication preferences for a resource in the NHS." /><copyright value="Copyright © 2016 HL7 UK&#xD;&#xA;&#xD;&#xA;Licensed under the Apache License, Version 2.0 (the &quot;License&quot;); you may not use this file except in compliance with the License. You may obtain a copy of the License at&#xD;&#xA;&#xD;&#xA;http://www.apache.org/licenses/LICENSE-2.0&#xD;&#xA;&#xD;&#xA;Unless required by applicable law or agreed to in writing, software distributed under the License is distributed on an &quot;AS IS&quot; BASIS, WITHOUT WARRANTIES OR CONDITIONS OF ANY KIND, either express or implied. See the License for the specific language governing permissions and limitations under the License.&#xD;&#xA;&#xD;&#xA;HL7® FHIR® standard Copyright © 2011+ HL7&#xD;&#xA;&#xD;&#xA;The HL7® FHIR® standard is used under the FHIR license. You may obtain a copy of the FHIR license at&#xD;&#xA;&#xD;&#xA;https://www.hl7.org/fhir/license.html" /><kind value="datatype" /><constrainedType value="Extension" /><abstract value="false" /><contextType value="resource" /><context value="Patient" /><context value="Practitioner" /><base value="http://hl7.org/fhir/StructureDefinition/Extension" /><snapshot><element><path value="Extension" /><short value="NHS communication preferences for a resource" /><definition value="Communication preferences including a list of Languages which may be used for communication" /><min value="0" /><max value="*" /><base><path value="Element" /><min value="0" /><max value="*" /></base><type><code value="Element" /></type><condition value="ele-1" /><constraint><extension url="http://hl7.org/fhir/StructureDefinition/structuredefinition-expression"><valueString value="children()" /></extension><key value="ele-1" /><severity value="error" /><human value="All FHIR elements must have a @value or children" /><xpath value="@value|f:*|h:div" /></constraint><isModifier value="false" /><mapping><identity value="rim" /><map value="n/a" /></mapping><mapping><identity value="rim" /><map value="N/A" /></mapping></element><element><path value="Extension.id" /><short value="xml:id (or equivalent in JSON)" /><definition value="unique id for the element within a resource (for internal references)." /><comments value="RFC 4122" /><min value="0" /><max value="1" /><base><path value="Element.id" /><min value="0" /><max value="1" /></base><type><code value="id" /></type><condition value="ele-1" /><constraint><extension url="http://hl7.org/fhir/StructureDefinition/structuredefinition-expression"><valueString value="children()" /></extension><key value="ele-1" /><severity value="error" /><human value="All FHIR elements must have a @value or children" /><xpath value="@value|f:*|h:div" /></constraint><mapping><identity value="rim" /><map value="n/a" /></mapping></element><element><path value="Extension.extension" /><slicing><discriminator value="url" /><rules value="open" /></slicing><short value="Additional Content defined by implementations" /><definition value="May be used to represent additional information that is not part of the basic definition of the element. In order to make the use of extensions safe and manageable, there is a strict set of governance  applied to the definition and use of extensions. Though any implementer is allowed to define an extension, there is a set of requirements that SHALL be met as part of the definition of the extension." /><comments value="There can be no stigma associated with the use of extensions by any application, project, or standard - regardless of the institution or jurisdiction that uses or defines the extensions.  The use of extensions is what allows the FHIR specification to retain a core level of simplicity for everyone." /><alias value="extensions" /><alias value="user content" /><min value="0" /><max value="*" /><base><path value="Element.extension" /><min value="0" /><max value="*" /></base><type><code value="Extension" /></type><condition value="ele-1" /><constraint><extension url="http://hl7.org/fhir/StructureDefinition/structuredefinition-expression"><valueString value="children()" /></extension><key value="ele-1" /><severity value="error" /><human value="All FHIR elements must have a @value or children" /><xpath value="@value|f:*|h:div" /></constraint><mapping><identity value="rim" /><map value="n/a" /></mapping><mapping><identity value="rim" /><map value="N/A" /></mapping></element><element><path value="Extension.extension" /><name value="language" /><short value="Languages which may be used for communication" /><definition value="Languages which may be used for communication" /><comments value="There can be no stigma associated with the use of extensions by any application, project, or standard - regardless of the institution or jurisdiction that uses or defines the extensions.  The use of extensions is what allows the FHIR specification to retain a core level of simplicity for everyone." /><alias value="extensions" /><alias value="user content" /><min value="1" /><max value="1" /><base><path value="Element.extension" /><min value="0" /><max value="*" /></base><type><code value="Extension" /></type><condition value="ele-1" /><constraint><extension url="http://hl7.org/fhir/StructureDefinition/structuredefinition-expression"><valueString value="children()" /></extension><key value="ele-1" /><severity value="error" /><human value="All FHIR elements must have a @value or children" /><xpath value="@value|f:*|h:div" /></constraint><mapping><identity value="rim" /><map value="n/a" /></mapping><mapping><identity value="rim" /><map value="N/A" /></mapping></element><element><path value="Extension.extension.id" /><short value="xml:id (or equivalent in JSON)" /><definition value="unique id for the element within a resource (for internal references)." /><comments value="RFC 4122" /><min value="0" /><max value="1" /><base><path value="Element.id" /><min value="0" /><max value="1" /></base><type><code value="id" /></type><condition value="ele-1" /><constraint><extension url="http://hl7.org/fhir/StructureDefinition/structuredefinition-expression"><valueString value="children()" /></extension><key value="ele-1" /><severity value="error" /><human value="All FHIR elements must have a @value or children" /><xpath value="@value|f:*|h:div" /></constraint><mapping><identity value="rim" /><map value="n/a" /></mapping></element><element><path value="Extension.extension.extension" /><short value="Additional Content defined by implementations" /><definition value="May be used to represent additional information that is not part of the basic definition of the element. In order to make the use of extensions safe and manageable, there is a strict set of governance  applied to the definition and use of extensions. Though any implementer is allowed to define an extension, there is a set of requirements that SHALL be met as part of the definition of the extension." /><comments value="There can be no stigma associated with the use of extensions by any application, project, or standard - regardless of the institution or jurisdiction that uses or defines the extensions.  The use of extensions is what allows the FHIR specification to retain a core level of simplicity for everyone." /><alias value="extensions" /><alias value="user content" /><min value="0" /><max value="*" /><base><path value="Element.extension" /><min value="0" /><max value="*" /></base><type><code value="Extension" /></type><condition value="ele-1" /><constraint><extension url="http://hl7.org/fhir/StructureDefinition/structuredefinition-expression"><valueString value="children()" /></extension><key value="ele-1" /><severity value="error" /><human value="All FHIR elements must have a @value or children" /><xpath value="@value|f:*|h:div" /></constraint><mapping><identity value="rim" /><map value="n/a" /></mapping><mapping><identity value="rim" /><map value="N/A" /></mapping></element><element><path value="Extension.extension.url" /><short value="identifies the meaning of the extension" /><definition value="Source of the definition for the extension code - a logical name or a URL." /><comments value="The definition may point directly to a computable or human-readable definition of the extensibility codes, or it may be a logical URI as declared in some other specification. The definition should be version specific.  This will ideally be the URI for the Resource Profile defining the extension, with the code for the extension after a #." /><min value="1" /><max value="1" /><base><path value="Extension.url" /><min value="1" /><max value="1" /></base><type><code value="uri" /></type><condition value="ele-1" /><constraint><extension url="http://hl7.org/fhir/StructureDefinition/structuredefinition-expression"><valueString value="children()" /></extension><key value="ele-1" /><severity value="error" /><human value="All FHIR elements must have a @value or children" /><xpath value="@value|f:*|h:div" /></constraint><mapping><identity value="rim" /><map value="n/a" /></mapping><mapping><identity value="rim" /><map value="N/A" /></mapping></element><element><path value="Extension.extension.valueCodeableConcept" /><short value="Languages which may be used for communication" /><definition value="Languages which may be used for communication" /><min value="1" /><max value="1" /><base><path value="Extension.value[x]" /><min value="0" /><max value="1" /></base><type><code value="CodeableConcept" /></type><condition value="ele-1" /><constraint><extension url="http://hl7.org/fhir/StructureDefinition/structuredefinition-expression"><valueString value="children()" /></extension><key value="ele-1" /><severity value="error" /><human value="All FHIR elements must have a @value or children" /><xpath value="@value|f:*|h:div" /></constraint><binding><strength value="required" /><description value="Human Language" /><valueSetReference><reference value="https://fhir.hl7.org.uk/ValueSet/CareConnect-HumanLanguage-1" /></valueSetReference></binding><mapping><identity value="rim" /><map value="n/a" /></mapping><mapping><identity value="rim" /><map value="N/A" /></mapping></element><element><path value="Extension.extension" /><name value="preferred" /><short value="Language preference indicator" /><definition value="Indicates whether or not this language is preferred (over other languages up a certain level)" /><comments value="This language is specifically identified for communicating healthcare information" /><alias value="extensions" /><alias value="user content" /><min value="0" /><max value="1" /><base><path value="Element.extension" /><min value="0" /><max value="*" /></base><type><code value="Extension" /></type><condition value="ele-1" /><constraint><extension url="http://hl7.org/fhir/StructureDefinition/structuredefinition-expression"><valueString value="children()" /></extension><key value="ele-1" /><severity value="error" /><human value="All FHIR elements must have a @value or children" /><xpath value="@value|f:*|h:div" /></constraint><mapping><identity value="rim" /><map value="n/a" /></mapping><mapping><identity value="rim" /><map value="N/A" /></mapping></element><element><path value="Extension.extension.id" /><short value="xml:id (or equivalent in JSON)" /><definition value="unique id for the element within a resource (for internal references)." /><comments value="RFC 4122" /><min value="0" /><max value="1" /><base><path value="Element.id" /><min value="0" /><max value="1" /></base><type><code value="id" /></type><condition value="ele-1" /><constraint><extension url="http://hl7.org/fhir/StructureDefinition/structuredefinition-expression"><valueString value="children()" /></extension><key value="ele-1" /><severity value="error" /><human value="All FHIR elements must have a @value or children" /><xpath value="@value|f:*|h:div" /></constraint><mapping><identity value="rim" /><map value="n/a" /></mapping></element><element><path value="Extension.extension.extension" /><short value="Additional Content defined by implementations" /><definition value="May be used to represent additional information that is not part of the basic definition of the element. In order to make the use of extensions safe and manageable, there is a strict set of governance  applied to the definition and use of extensions. Though any implementer is allowed to define an extension, there is a set of requirements that SHALL be met as part of the definition of the extension." /><comments value="There can be no stigma associated with the use of extensions by any application, project, or standard - regardless of the institution or jurisdiction that uses or defines the extensions.  The use of extensions is what allows the FHIR specification to retain a core level of simplicity for everyone." /><alias value="extensions" /><alias value="user content" /><min value="0" /><max value="*" /><base><path value="Element.extension" /><min value="0" /><max value="*" /></base><type><code value="Extension" /></type><condition value="ele-1" /><constraint><extension url="http://hl7.org/fhir/StructureDefinition/structuredefinition-expression"><valueString value="children()" /></extension><key value="ele-1" /><severity value="error" /><human value="All FHIR elements must have a @value or children" /><xpath value="@value|f:*|h:div" /></constraint><mapping><identity value="rim" /><map value="n/a" /></mapping><mapping><identity value="rim" /><map value="N/A" /></mapping></element><element><path value="Extension.extension.url" /><short value="identifies the meaning of the extension" /><definition value="Source of the definition for the extension code - a logical name or a URL." /><comments value="The definition may point directly to a computable or human-readable definition of the extensibility codes, or it may be a logical URI as declared in some other specification. The definition should be version specific.  This will ideally be the URI for the Resource Profile defining the extension, with the code for the extension after a #." /><min value="1" /><max value="1" /><base><path value="Extension.url" /><min value="1" /><max value="1" /></base><type><code value="uri" /></type><condition value="ele-1" /><constraint><extension url="http://hl7.org/fhir/StructureDefinition/structuredefinition-expression"><valueString value="children()" /></extension><key value="ele-1" /><severity value="error" /><human value="All FHIR elements must have a @value or children" /><xpath value="@value|f:*|h:div" /></constraint><mapping><identity value="rim" /><map value="n/a" /></mapping><mapping><identity value="rim" /><map value="N/A" /></mapping></element><element><path value="Extension.extension.valueBoolean" /><short value="Indicates whether or not this language is preferred (over other languages up a certain level)" /><definition value="Indicates whether or not this language is preferred (over other languages up a certain level)" /><min value="1" /><max value="1" /><base><path value="Extension.value[x]" /><min value="0" /><max value="1" /></base><type><code value="boolean" /></type><condition value="ele-1" /><constraint><extension url="http://hl7.org/fhir/StructureDefinition/structuredefinition-expression"><valueString value="children()" /></extension><key value="ele-1" /><severity value="error" /><human value="All FHIR elements must have a @value or children" /><xpath value="@value|f:*|h:div" /></constraint><mapping><identity value="rim" /><map value="n/a" /></mapping><mapping><identity value="rim" /><map value="N/A" /></mapping></element><element><path value="Extension.extension" /><name value="modeOfCommunication" /><short value="Mode of communucation for the selected language" /><definition value="Mode of communucation for the selected language" /><comments value="There can be no stigma associated with the use of extensions by any application, project, or standard - regardless of the institution or jurisdiction that uses or defines the extensions.  The use of extensions is what allows the FHIR specification to retain a core level of simplicity for everyone." /><alias value="extensions" /><alias value="user content" /><min value="0" /><max value="*" /><base><path value="Element.extension" /><min value="0" /><max value="*" /></base><type><code value="Extension" /></type><condition value="ele-1" /><constraint><extension url="http://hl7.org/fhir/StructureDefinition/structuredefinition-expression"><valueString value="children()" /></extension><key value="ele-1" /><severity value="error" /><human value="All FHIR elements must have a @value or children" /><xpath value="@value|f:*|h:div" /></constraint><mapping><identity value="rim" /><map value="n/a" /></mapping><mapping><identity value="rim" /><map value="N/A" /></mapping></element><element><path value="Extension.extension.id" /><short value="xml:id (or equivalent in JSON)" /><definition value="unique id for the element within a resource (for internal references)." /><comments value="RFC 4122" /><min value="0" /><max value="1" /><base><path value="Element.id" /><min value="0" /><max value="1" /></base><type><code value="id" /></type><condition value="ele-1" /><constraint><extension url="http://hl7.org/fhir/StructureDefinition/structuredefinition-expression"><valueString value="children()" /></extension><key value="ele-1" /><severity value="error" /><human value="All FHIR elements must have a @value or children" /><xpath value="@value|f:*|h:div" /></constraint><mapping><identity value="rim" /><map value="n/a" /></mapping></element><element><path value="Extension.extension.extension" /><short value="Additional Content defined by implementations" /><definition value="May be used to represent additional information that is not part of the basic definition of the element. In order to make the use of extensions safe and manageable, there is a strict set of governance  applied to the definition and use of extensions. Though any implementer is allowed to define an extension, there is a set of requirements that SHALL be met as part of the definition of the extension." /><comments value="There can be no stigma associated with the use of extensions by any application, project, or standard - regardless of the institution or jurisdiction that uses or defines the extensions.  The use of extensions is what allows the FHIR specification to retain a core level of simplicity for everyone." /><alias value="extensions" /><alias value="user content" /><min value="0" /><max value="*" /><base><path value="Element.extension" /><min value="0" /><max value="*" /></base><type><code value="Extension" /></type><condition value="ele-1" /><constraint><extension url="http://hl7.org/fhir/StructureDefinition/structuredefinition-expression"><valueString value="children()" /></extension><key value="ele-1" /><severity value="error" /><human value="All FHIR elements must have a @value or children" /><xpath value="@value|f:*|h:div" /></constraint><mapping><identity value="rim" /><map value="n/a" /></mapping><mapping><identity value="rim" /><map value="N/A" /></mapping></element><element><path value="Extension.extension.url" /><short value="identifies the meaning of the extension" /><definition value="Source of the definition for the extension code - a logical name or a URL." /><comments value="The definition may point directly to a computable or human-readable definition of the extensibility codes, or it may be a logical URI as declared in some other specification. The definition should be version specific.  This will ideally be the URI for the Resource Profile defining the extension, with the code for the extension after a #." /><min value="1" /><max value="1" /><base><path value="Extension.url" /><min value="1" /><max value="1" /></base><type><code value="uri" /></type><condition value="ele-1" /><constraint><extension url="http://hl7.org/fhir/StructureDefinition/structuredefinition-expression"><valueString value="children()" /></extension><key value="ele-1" /><severity value="error" /><human value="All FHIR elements must have a @value or children" /><xpath value="@value|f:*|h:div" /></constraint><mapping><identity value="rim" /><map value="n/a" /></mapping><mapping><identity value="rim" /><map value="N/A" /></mapping></element><element><path value="Extension.extension.valueCodeableConcept" /><short value="A valueset to describe the mode the patient can communicate in, representing the method of expression of the language." /><definition value="Value of extension - may be a resource or one of a constrained set of the data types (see Extensibility in the spec for list)." /><min value="1" /><max value="1" /><base><path value="Extension.value[x]" /><min value="0" /><max value="1" /></base><type><code value="CodeableConcept" /></type><condition value="ele-1" /><constraint><extension url="http://hl7.org/fhir/StructureDefinition/structuredefinition-expression"><valueString value="children()" /></extension><key value="ele-1" /><severity value="error" /><human value="All FHIR elements must have a @value or children" /><xpath value="@value|f:*|h:div" /></constraint><binding><strength value="required" /><description value="Language Ability Mode" /><valueSetReference><reference value="https://fhir.hl7.org.uk/ValueSet/CareConnect-LanguageAbilityMode-1" /></valueSetReference></binding><mapping><identity value="rim" /><map value="n/a" /></mapping><mapping><identity value="rim" /><map value="N/A" /></mapping></element><element><path value="Extension.extension" /><name value="communicationProficiency" /><short value="A valueset to describe the level of proficiency in communicating a language." /><definition value="May be used to represent additional information that is not part of the basic definition of the element. In order to make the use of extensions safe and manageable, there is a strict set of governance  applied to the definition and use of extensions. Though any implementer is allowed to define an extension, there is a set of requirements that SHALL be met as part of the definition of the extension." /><comments value="There can be no stigma associated with the use of extensions by any application, project, or standard - regardless of the institution or jurisdiction that uses or defines the extensions.  The use of extensions is what allows the FHIR specification to retain a core level of simplicity for everyone." /><alias value="extensions" /><alias value="user content" /><min value="0" /><max value="1" /><base><path value="Element.extension" /><min value="0" /><max value="*" /></base><type><code value="Extension" /></type><condition value="ele-1" /><constraint><extension url="http://hl7.org/fhir/StructureDefinition/structuredefinition-expression"><valueString value="children()" /></extension><key value="ele-1" /><severity value="error" /><human value="All FHIR elements must have a @value or children" /><xpath value="@value|f:*|h:div" /></constraint><mapping><identity value="rim" /><map value="n/a" /></mapping><mapping><identity value="rim" /><map value="N/A" /></mapping></element><element><path value="Extension.extension.id" /><short value="xml:id (or equivalent in JSON)" /><definition value="unique id for the element within a resource (for internal references)." /><comments value="RFC 4122" /><min value="0" /><max value="1" /><base><path value="Element.id" /><min value="0" /><max value="1" /></base><type><code value="id" /></type><condition value="ele-1" /><constraint><extension url="http://hl7.org/fhir/StructureDefinition/structuredefinition-expression"><valueString value="children()" /></extension><key value="ele-1" /><severity value="error" /><human value="All FHIR elements must have a @value or children" /><xpath value="@value|f:*|h:div" /></constraint><mapping><identity value="rim" /><map value="n/a" /></mapping></element><element><path value="Extension.extension.extension" /><short value="Additional Content defined by implementations" /><definition value="May be used to represent additional information that is not part of the basic definition of the element. In order to make the use of extensions safe and manageable, there is a strict set of governance  applied to the definition and use of extensions. Though any implementer is allowed to define an extension, there is a set of requirements that SHALL be met as part of the definition of the extension." /><comments value="There can be no stigma associated with the use of extensions by any application, project, or standard - regardless of the institution or jurisdiction that uses or defines the extensions.  The use of extensions is what allows the FHIR specification to retain a core level of simplicity for everyone." /><alias value="extensions" /><alias value="user content" /><min value="0" /><max value="*" /><base><path value="Element.extension" /><min value="0" /><max value="*" /></base><type><code value="Extension" /></type><condition value="ele-1" /><constraint><extension url="http://hl7.org/fhir/StructureDefinition/structuredefinition-expression"><valueString value="children()" /></extension><key value="ele-1" /><severity value="error" /><human value="All FHIR elements must have a @value or children" /><xpath value="@value|f:*|h:div" /></constraint><mapping><identity value="rim" /><map value="n/a" /></mapping><mapping><identity value="rim" /><map value="N/A" /></mapping></element><element><path value="Extension.extension.url" /><short value="identifies the meaning of the extension" /><definition value="Source of the definition for the extension code - a logical name or a URL." /><comments value="The definition may point directly to a computable or human-readable definition of the extensibility codes, or it may be a logical URI as declared in some other specification. The definition should be version specific.  This will ideally be the URI for the Resource Profile defining the extension, with the code for the extension after a #." /><min value="1" /><max value="1" /><base><path value="Extension.url" /><min value="1" /><max value="1" /></base><type><code value="uri" /></type><condition value="ele-1" /><constraint><extension url="http://hl7.org/fhir/StructureDefinition/structuredefinition-expression"><valueString value="children()" /></extension><key value="ele-1" /><severity value="error" /><human value="All FHIR elements must have a @value or children" /><xpath value="@value|f:*|h:div" /></constraint><mapping><identity value="rim" /><map value="n/a" /></mapping><mapping><identity value="rim" /><map value="N/A" /></mapping></element><element><path value="Extension.extension.valueCodeableConcept" /><short value="A valueset to describe the level of proficiency in communicating a language." /><definition value="Value of extension - may be a resource or one of a constrained set of the data types (see Extensibility in the spec for list)." /><min value="1" /><max value="1" /><base><path value="Extension.value[x]" /><min value="0" /><max value="1" /></base><type><code value="CodeableConcept" /></type><condition value="ele-1" /><constraint><extension url="http://hl7.org/fhir/StructureDefinition/structuredefinition-expression"><valueString value="children()" /></extension><key value="ele-1" /><severity value="error" /><human value="All FHIR elements must have a @value or children" /><xpath value="@value|f:*|h:div" /></constraint><binding><strength value="required" /><description value="Language Ability Proficiency" /><valueSetReference><reference value="https://fhir.hl7.org.uk/ValueSet/CareConnect-LanguageAbilityProficiency-1" /></valueSetReference></binding><mapping><identity value="rim" /><map value="n/a" /></mapping><mapping><identity value="rim" /><map value="N/A" /></mapping></element><element><path value="Extension.extension" /><name value="interpreterRequired" /><short value="Interpreter preference indicator" /><definition value="Indicates whether an interperter is required for communication purposes" /><comments value="There can be no stigma associated with the use of extensions by any application, project, or standard - regardless of the institution or jurisdiction that uses or defines the extensions.  The use of extensions is what allows the FHIR specification to retain a core level of simplicity for everyone." /><alias value="extensions" /><alias value="user content" /><min value="0" /><max value="1" /><base><path value="Element.extension" /><min value="0" /><max value="*" /></base><type><code value="Extension" /></type><condition value="ele-1" /><constraint><extension url="http://hl7.org/fhir/StructureDefinition/structuredefinition-expression"><valueString value="children()" /></extension><key value="ele-1" /><severity value="error" /><human value="All FHIR elements must have a @value or children" /><xpath value="@value|f:*|h:div" /></constraint><mapping><identity value="rim" /><map value="n/a" /></mapping><mapping><identity value="rim" /><map value="N/A" /></mapping></element><element><path value="Extension.extension.id" /><short value="xml:id (or equivalent in JSON)" /><definition value="unique id for the element within a resource (for internal references)." /><comments value="RFC 4122" /><min value="0" /><max value="1" /><base><path value="Element.id" /><min value="0" /><max value="1" /></base><type><code value="id" /></type><condition value="ele-1" /><constraint><extension url="http://hl7.org/fhir/StructureDefinition/structuredefinition-expression"><valueString value="children()" /></extension><key value="ele-1" /><severity value="error" /><human value="All FHIR elements must have a @value or children" /><xpath value="@value|f:*|h:div" /></constraint><mapping><identity value="rim" /><map value="n/a" /></mapping></element><element><path value="Extension.extension.extension" /><short value="Additional Content defined by implementations" /><definition value="May be used to represent additional information that is not part of the basic definition of the element. In order to make the use of extensions safe and manageable, there is a strict set of governance  applied to the definition and use of extensions. Though any implementer is allowed to define an extension, there is a set of requirements that SHALL be met as part of the definition of the extension." /><comments value="There can be no stigma associated with the use of extensions by any application, project, or standard - regardless of the institution or jurisdiction that uses or defines the extensions.  The use of extensions is what allows the FHIR specification to retain a core level of simplicity for everyone." /><alias value="extensions" /><alias value="user content" /><min value="0" /><max value="*" /><base><path value="Element.extension" /><min value="0" /><max value="*" /></base><type><code value="Extension" /></type><condition value="ele-1" /><constraint><extension url="http://hl7.org/fhir/StructureDefinition/structuredefinition-expression"><valueString value="children()" /></extension><key value="ele-1" /><severity value="error" /><human value="All FHIR elements must have a @value or children" /><xpath value="@value|f:*|h:div" /></constraint><mapping><identity value="rim" /><map value="n/a" /></mapping><mapping><identity value="rim" /><map value="N/A" /></mapping></element><element><path value="Extension.extension.url" /><short value="identifies the meaning of the extension" /><definition value="Source of the definition for the extension code - a logical name or a URL." /><comments value="The definition may point directly to a computable or human-readable definition of the extensibility codes, or it may be a logical URI as declared in some other specification. The definition should be version specific.  This will ideally be the URI for the Resource Profile defining the extension, with the code for the extension after a #." /><min value="1" /><max value="1" /><base><path value="Extension.url" /><min value="1" /><max value="1" /></base><type><code value="uri" /></type><condition value="ele-1" /><constraint><extension url="http://hl7.org/fhir/StructureDefinition/structuredefinition-expression"><valueString value="children()" /></extension><key value="ele-1" /><severity value="error" /><human value="All FHIR elements must have a @value or children" /><xpath value="@value|f:*|h:div" /></constraint><mapping><identity value="rim" /><map value="n/a" /></mapping><mapping><identity value="rim" /><map value="N/A" /></mapping></element><element><path value="Extension.extension.valueBoolean" /><short value="Indicates whether an interperter is required for communication purposes" /><definition value="Indicates whether an interperter is required for communication purposes- True / False?" /><min value="1" /><max value="1" /><base><path value="Extension.value[x]" /><min value="0" /><max value="1" /></base><type><code value="boolean" /></type><condition value="ele-1" /><constraint><extension url="http://hl7.org/fhir/StructureDefinition/structuredefinition-expression"><valueString value="children()" /></extension><key value="ele-1" /><severity value="error" /><human value="All FHIR elements must have a @value or children" /><xpath value="@value|f:*|h:div" /></constraint><mapping><identity value="rim" /><map value="n/a" /></mapping><mapping><identity value="rim" /><map value="N/A" /></mapping></element><element><path value="Extension.url" /><short value="identifies the meaning of the extension" /><definition value="Source of the definition for the extension code - a logical name or a URL." /><comments value="The definition may point directly to a computable or human-readable definition of the extensibility codes, or it may be a logical URI as declared in some other specification. The definition should be version specific.  This will ideally be the URI for the Resource Profile defining the extension, with the code for the extension after a #." /><min value="1" /><max value="1" /><base><path value="Extension.url" /><min value="1" /><max value="1" /></base><type><code value="uri" /></type><fixedUri value="https://fhir.hl7.org.uk/StructureDefinition/Extension-CareConnect-NHSCommunication-1" /><condition value="ele-1" /><constraint><extension url="http://hl7.org/fhir/StructureDefinition/structuredefinition-expression"><valueString value="children()" /></extension><key value="ele-1" /><severity value="error" /><human value="All FHIR elements must have a @value or children" /><xpath value="@value|f:*|h:div" /></constraint><mapping><identity value="rim" /><map value="n/a" /></mapping><mapping><identity value="rim" /><map value="N/A" /></mapping></element><element><path value="Extension.value[x]" /><short value="Value of extension" /><definition value="Value of extension - may be a resource or one of a constrained set of the data types (see Extensibility in the spec for list)." /><min value="0" /><max value="0" /><base><path value="Extension.value[x]" /><min value="0" /><max value="1" /></base><type><code value="boolean" /></type><type><code value="integer" /></type><type><code value="decimal" /></type><type><code value="base64Binary" /></type><type><code value="instant" /></type><type><code value="string" /></type><type><code value="uri" /></type><type><code value="date" /></type><type><code value="dateTime" /></type><type><code value="time" /></type><type><code value="code" /></type><type><code value="oid" /></type><type><code value="id" /></type><type><code value="unsignedInt" /></type><type><code value="positiveInt" /></type><type><code value="markdown" /></type><type><code value="Annotation" /></type><type><code value="Attachment" /></type><type><code value="Identifier" /></type><type><code value="CodeableConcept" /></type><type><code value="Coding" /></type><type><code value="Quantity" /></type><type><code value="Range" /></type><type><code value="Period" /></type><type><code value="Ratio" /></type><type><code value="SampledData" /></type><type><code value="Signature" /></type><type><code value="HumanName" /></type><type><code value="Address" /></type><type><code value="ContactPoint" /></type><type><code value="Timing" /></type><type><code value="Reference" /></type><type><code value="Meta" /></type><condition value="ele-1" /><constraint><extension url="http://hl7.org/fhir/StructureDefinition/structuredefinition-expression"><valueString value="children()" /></extension><key value="ele-1" /><severity value="error" /><human value="All FHIR elements must have a @value or children" /><xpath value="@value|f:*|h:div" /></constraint><mapping><identity value="rim" /><map value="n/a" /></mapping><mapping><identity value="rim" /><map value="N/A" /></mapping></element></snapshot><differential><element><path value="Extension" /><short value="NHS communication preferences for a resource" /><definition value="Communication preferences including a list of Languages which may be used for communication" /><isModifier value="false" /></element><element><path value="Extension.extension" /><slicing><discriminator value="url" /><rules value="open" /></slicing></element><element><path value="Extension.extension" /><name value="language" /><short value="Languages which may be used for communication" /><definition value="Languages which may be used for communication" /><min value="1" /><max value="1" /></element><element><path value="Extension.extension.valueCodeableConcept" /><short value="Languages which may be used for communication" /><definition value="Languages which may be used for communication" /><min value="1" /><type><code value="CodeableConcept" /></type><binding><strength value="required" /><description value="Human Language" /><valueSetReference><reference value="https://fhir.hl7.org.uk/ValueSet/CareConnect-HumanLanguage-1" /></valueSetReference></binding></element><element><path value="Extension.extension" /><name value="preferred" /><short value="Language preference indicator" /><definition value="Indicates whether or not this language is preferred (over other languages up a certain level)" /><comments value="This language is specifically identified for communicating healthcare information" /><max value="1" /></element><element><path value="Extension.extension.valueBoolean" /><short value="Indicates whether or not this language is preferred (over other languages up a certain level)" /><definition value="Indicates whether or not this language is preferred (over other languages up a certain level)" /><min value="1" /><type><code value="boolean" /></type></element><element><path value="Extension.extension" /><name value="modeOfCommunication" /><short value="Mode of communucation for the selected language" /><definition value="Mode of communucation for the selected language" /></element><element><path value="Extension.extension.valueCodeableConcept" /><short value="A valueset to describe the mode the patient can communicate in, representing the method of expression of the language." /><min value="1" /><type><code value="CodeableConcept" /></type><binding><strength value="required" /><description value="Language Ability Mode" /><valueSetReference><reference value="https://fhir.hl7.org.uk/ValueSet/CareConnect-LanguageAbilityMode-1" /></valueSetReference></binding></element><element><path value="Extension.extension" /><name value="communicationProficiency" /><short value="A valueset to describe the level of proficiency in communicating a language." /><max value="1" /></element><element><path value="Extension.extension.valueCodeableConcept" /><short value="A valueset to describe the level of proficiency in communicating a language." /><min value="1" /><type><code value="CodeableConcept" /></type><binding><strength value="required" /><description value="Language Ability Proficiency" /><valueSetReference><reference value="https://fhir.hl7.org.uk/ValueSet/CareConnect-LanguageAbilityProficiency-1" /></valueSetReference></binding></element><element><path value="Extension.extension" /><name value="interpreterRequired" /><short value="Interpreter preference indicator" /><definition value="Indicates whether an interperter is required for communication purposes" /><max value="1" /></element><element><path value="Extension.extension.valueBoolean" /><short value="Indicates whether an interperter is required for communication purposes" /><definition value="Indicates whether an interperter is required for communication purposes- True / False?" /><min value="1" /><type><code value="boolean" /></type></element><element><path value="Extension.url" /><fixedUri value="https://fhir.hl7.org.uk/StructureDefinition/Extension-CareConnect-NHSCommunication-1" /></element><element><path value="Extension.value[x]" /><max value="0" /></element></differential></StructureDefinition>