<StructureDefinition xmlns="http://hl7.org/fhir"><meta><lastUpdated value="2015-09-22T20:02:49.724+10:00" /></meta><url value="http://fhir.nhs.net/StructureDefinition/extension-interpreter-required-1-0" /><name value="Extension-Interpreter-Required-1-0" /><status value="draft" /><publisher value="HSCIC" /><contact><name value="Interoperability team" /><telecom><system value="email" /><value value="interoperabilityteam@hscic.gov.uk" /><use value="work" /></telecom></contact><date value="2015-09-22T20:02:49+10:00" /><description value="This extension resource shows whether an interpreter is required." /><requirements value="The ability to add extensions in a structured way is what keeps FHIR resources simple." /><fhirVersion value="1.0.1" /><mapping><identity value="rim" /><uri value="http://hl7.org/v3" /><name value="RIM" /></mapping><kind value="datatype" /><constrainedType value="Extension" /><abstract value="false" /><contextType value="resource" /><context value="Patient" /><base value="http://hl7.org/fhir/StructureDefinition/Extension" /><snapshot><element><path value="Extension" /><definition value="Optional Extensions Element - found in all resources." /><min value="0" /><max value="*" /><base><path value="Extension" /><min value="0" /><max value="*" /></base><type><code value="Element" /></type><mustSupport value="true" /><mapping><identity value="rim" /><map value="N/A" /></mapping></element><element><path value="Extension.url" /><representation value="xmlAttr" /><short value="identifies the meaning of the extension" /><definition value="Source of the definition for the extension code - a logical name or a URL." /><comments value="The definition may point directly to a computable or human-readable definition of the extensibility codes, or it may be a logical URI as declared in some other specification. The definition should be version specific.  This will ideally be the URI for the Resource Profile defining the extension, with the code for the extension after a #." /><min value="1" /><max value="1" /><base><path value="Extension.url" /><min value="1" /><max value="1" /></base><type><code value="uri" /></type><fixedUri value="http://fhir.nhs.net/StructureDefinition/extension-interpreter-required-1-0" /><mapping><identity value="rim" /><map value="N/A" /></mapping></element><element><path value="Extension.value[x]" /><name value="Interpreter Required?" /><short value="Interpreter required Y/N?" /><definition value="Value of extension - may be a resource or one of a constrained set of the data types (see Extensibility in the spec for list)." /><min value="1" /><max value="1" /><base><path value="Extension.value[x]" /><min value="0" /><max value="1" /></base><type><code value="boolean" /></type><mapping><identity value="rim" /><map value="N/A" /></mapping></element></snapshot><differential><element><path value="Extension" /><definition value="Optional Extensions Element - found in all resources." /><min value="0" /><max value="*" /><base><path value="Extension" /><min value="0" /><max value="*" /></base><type><code value="Element" /></type><mustSupport value="true" /><mapping><identity value="rim" /><map value="N/A" /></mapping></element><element><path value="Extension.url" /><representation value="xmlAttr" /><short value="identifies the meaning of the extension" /><definition value="Source of the definition for the extension code - a logical name or a URL." /><comments value="The definition may point directly to a computable or human-readable definition of the extensibility codes, or it may be a logical URI as declared in some other specification. The definition should be version specific.  This will ideally be the URI for the Resource Profile defining the extension, with the code for the extension after a #." /><min value="1" /><max value="1" /><base><path value="Extension.url" /><min value="1" /><max value="1" /></base><type><code value="uri" /></type><fixedUri value="http://fhir.nhs.net/StructureDefinition/extension-interpreter-required-1-0" /><mapping><identity value="rim" /><map value="N/A" /></mapping></element><element><path value="Extension.value[x]" /><name value="Interpreter Required?" /><short value="Interpreter required Y/N?" /><definition value="Value of extension - may be a resource or one of a constrained set of the data types (see Extensibility in the spec for list)." /><min value="1" /><max value="1" /><base><path value="Extension.value[x]" /><min value="0" /><max value="1" /></base><type><code value="boolean" /></type><mapping><identity value="rim" /><map value="N/A" /></mapping></element></differential></StructureDefinition>