<ValueSet xmlns="http://hl7.org/fhir"><meta><lastUpdated value="2016-07-13T09:00:00+00:00" /></meta><url value="http://fhir.nhs.net/ValueSet/adw-withdrawal-reason-1-0" /><name value="ADW Withdrawal Reason" /><status value="active" /><publisher value="Health and Social Care Information Centre" /><contact><telecom><system value="email" /><value value="information.standards@hscic.gov.uk" /><use value="work" /></telecom></contact><description value="A vocabulary that identifies the reason for withdrawal." /><requirements value="To allow the reason for withdrawal to be indicated to the receiver of the withdral notice." /><codeSystem><system value="http://fhir.nhs.net/ValueSet/adw-withdrawal-reason-1-0" /><concept><code value="01" /><display value="Patient is safe to discharge without a needs assessment" /></concept><concept><code value="02" /><display value="Patient is eligible for NHS Continuing Health Care" /></concept><concept><code value="03" /><display value="Proposed care package is inadequate" /></concept><concept><code value="04" /><display value="Patient's proposed treatment has been cancelled or postponed" /></concept><concept><code value="05" /><display value="Patient has refused a needs assessment" /></concept><concept><code value="06" /><display value="Patient is resident in another local authority" /></concept><concept><code value="07" /><display value="Patient's condition has deteriorated" /></concept><concept><code value="08" /><display value="Patient has died" /></concept><concept><code value="09" /><display value="Patient has transferred to intermediate care" /></concept><concept><code value="10" /><display value="Patient has self-discharged" /></concept><concept><code value="11" /><display value="Patient is making their own arrangements" /></concept><concept><code value="12" /><display value="Notice sent in error" /></concept><concept><code value="13" /><display value="Other" /></concept></codeSystem></ValueSet>