<MessageHeader xmlns="http://hl7.org/fhir"><meta id="236103d8-ea79-42d5-8078-2e9b0ed4d517"><profile value="http://fhir.nhs.net/StructureDefinition/adw-assessment-notice-accept-response-message-header-1-0" /></meta><timestamp value="2016-07-25T12:30:00+01:00" /><event><system value="http://fhir.nhs.net/ValueSet/adw-message-event-1-0" /><code value="975721000000102" /></event><response><identifier value="a63ec43d-887f-477d-b461-80dbbb139fc6" /><code value="ok" /></response><source><name value="Local Authority Sending System" /><endpoint value="urn:nhs-uk:addressing:ods:V396AA" /></source><destination><name value="Hospital Receiving System" /><endpoint value="urn:nhs-uk:addressing:ods:RFM" /></destination><author><reference value="Organization/ac831651-0ed4-4b25-97d9-2f204a51c182" /></author><receiver><reference value="Practitioner/5b5d3bab-c1bb-434a-ab0d-82c4860bb098" /></receiver><responsible><reference value="Practitioner/be4f73b4-2969-4ae8-8ff1-e2e798967f91" /></responsible><reason><coding><system value="http://fhir.nhs.net/ValueSet/adw-assessment-notice-reject-reason-1-0" /><code value="OOR" /><display value="Other organisation or department is responsible" /></coding></reason><data><reference value="ReferralRequest/TBA" /></data></MessageHeader>