<DiagnosticOrder xmlns="http://hl7.org/fhir"><meta><profile value="http://fhir.nhs.net/StructureDefinition/dds-request-1-0" /></meta><subject><reference value="Patient/B2D4B85D-AC24-4E9C-A368-588C3F34F570" /><display value="William Arthur Smith" /></subject><orderer><reference value="Practitioner/4BFCA0EF-85D0-4C5E-B662-D4910BB83D82" /><display value="Dr. Jones" /></orderer><identifier><system value="http://www.mmc.nhs.uk/request-identifier" /><value value="D4910BB83D82" /><assigner><reference value="Organization/78D64BB3-B5B2-450B-AEB7-D9035EBC711D" /></assigner></identifier><identifier><system value="http://www.sampleth.nhs.uk/pathology/request-identifier" /><value value="STHTPATH8667800054" /><assigner><reference value="Organization/223F5C66-66BF-4CEA-A5D7-25AB9348B448" /></assigner></identifier><reason><coding><system value="http://snomed.info/sct" /><code value="171123001" /><display value="Hepatitis B screening required" /><userSelected value="true" /></coding></reason><specimen><reference value="Specimen/B603CEDE-8C3F-4909-9CB1-D47C0FDE9F8A" /></specimen><status value="requested" /><priority value="routine" /><event><status value="requested" /><dateTime value="2016-04-08T11:06:15+01:00" /></event><item><code><coding><system value="http://snomed.info/sct" /><code value="1028341000000105" /><display value="Hepatitis B antigen screening" /><userSelected value="true" /></coding></code></item></DiagnosticOrder>