<?xml version="1.0" encoding="UTF-8"?>
<artifactPackage>
	<dynamicModel>
	<!--GPES-->
		<interaction id="COMT_IN000001GB01">
			<Models>
				<sendingRole modelId="COMT_AR000001GB01"/>
				<receivingRole modelId="COMT_AR000002GB01"/>
				<triggerEvent modelId="COMT_TE000006GB01"/>
				<transmissionWrapper modelId="MCCI_MT010101UK12"/>
				<controlActWrapper modelId="MCAI_MT040101UK03"/>
				<payload modelId="COMT_MT000003GB01"/>
			</Models>
		</interaction>
		<interaction id="COMT_IN000002GB01">
			<Models>
				<sendingRole modelId="COMT_AR000002GB01"/>
				<receivingRole modelId="COMT_AR000001GB01"/>
				<triggerEvent modelId="COMT_TE000007GB01"/>
				<transmissionWrapper modelId="MCCI_MT010101UK12"/>
				<controlActWrapper modelId="MCAI_MT040101UK03"/>
				<payload modelId="COMT_MT000004GB01"/>
			</Models>
		</interaction>
		<interaction id="COMT_IN000003GB01">
			<Models>
				<sendingRole modelId="COMT_AR000001GB01"/>
				<receivingRole modelId="COMT_AR000002GB01"/>
				<triggerEvent modelId="COMT_TE000001GB01"/>
				<triggerEvent modelId="COMT_TE000002GB01"/>
				<triggerEvent modelId="COMT_TE000003GB01"/>
				<transmissionWrapper modelId="MCCI_MT010101UK12"/>
				<controlActWrapper modelId="MCAI_MT040101UK03"/>
				<payload modelId="COMT_MT000001GB01"/>
			</Models>
		</interaction>
		<interaction id="COMT_IN000004GB01">
			<Models>
				<sendingRole modelId="COMT_AR000002GB01"/>
				<receivingRole modelId="COMT_AR000001GB01"/>
				<triggerEvent modelId="COMT_TE000004GB01"/>
				<triggerEvent modelId="COMT_TE000005GB01"/>
				<transmissionWrapper modelId="MCCI_MT010101UK12"/>
				<controlActWrapper modelId="MCAI_MT040101UK03"/>
				<payload modelId="COMT_MT000002GB01"/>
			</Models>
		</interaction>
	</dynamicModel>
</artifactPackage>
