<?xml version="1.0" encoding="UTF-8"?>
<GPES-Q-E-RTP classCode="OBS" moodCode="EVN" xmlns:npfitlc="NPFIT:HL7:Localisation" xsi:schemaLocation="urn:hl7-org:v3 ../../schemas/COMT_MT000003GB01.xsd" xmlns:xsi="http://www.w3.org/2001/XMLSchema-instance" xmlns="urn:hl7-org:v3" xmlns:gpes="http://www.ic.nhs.uk/GPES-I/Schema">
	<value mediaType="text/xml" representation="TXT">
		<gpes:GPES-Q-E-RTP-Message GPES-I-Version="3.1" RTP-Message-Version="0.2">
  <gpes:Run-Time-Parameters>
		<gpes:Scheduled-Query-Instance-ID RTP-UUID="E97FC212-BCD0-4023-80DD-92AF6C572C26" Issue-Date-Time="2011-01-08T09:19:47" RTP-ReIssue="N" Query-Name="XYZ Query Name" Query-Description="XYZ Query Description">A00001-000000000001-R</gpes:Scheduled-Query-Instance-ID>
		<gpes:Query-Domain Test-Pack-ID="001.23.40c1">Test</gpes:Query-Domain>
		<gpes:Execution-Date>2011-01-10</gpes:Execution-Date>
		<gpes:Cutoff-Date>2011-01-15</gpes:Cutoff-Date>
		<gpes:Interim-Date>2011-01-11</gpes:Interim-Date>
		<gpes:Query-Priority>9990</gpes:Query-Priority>
		<gpes:QR-Retention-Period>2192</gpes:QR-Retention-Period>
		<gpes:GP-Practice-Cohort>
			<gpes:Practice-ID GPET-Q-SQI-Authentication-Signature="B144B177-9D5E-4109-8581-04D43D9066C9">A12345</gpes:Practice-ID>
			<gpes:Practice-ID GPET-Q-SQI-Authentication-Signature="402FE942-112B-4AB8-9CEA-E2A110DFCAE3">A12346</gpes:Practice-ID>
			<gpes:Practice-ID GPET-Q-SQI-Authentication-Signature="393D03E6-11FA-48E9-9A45-523D4910FCC8">A12347</gpes:Practice-ID>
		</gpes:GP-Practice-Cohort>
		<gpes:Patient-Participation>
			<gpes:NCRS-Detailed-Care-Record-Sharing>true</gpes:NCRS-Detailed-Care-Record-Sharing>
			<gpes:NCRS-Patient-Sealing>true</gpes:NCRS-Patient-Sealing>
			<gpes:NCRS-PDS-S-Flagging>true</gpes:NCRS-PDS-S-Flagging>
			<gpes:Exclusion-Code-String>
				<gpes:CodeSchemeID>2.16.840.1.113883.6.31</gpes:CodeSchemeID>
				<gpes:CodeValue>
					<gpes:Code>9M1</gpes:Code>
					<gpes:IncludeChildren>true</gpes:IncludeChildren>
				</gpes:CodeValue>
			</gpes:Exclusion-Code-String>
		</gpes:Patient-Participation>
		<gpes:Query-Set-Variables>
			<gpes:Substitution-Value Description="QOF 2011/12 Baseline Date" AID="0A465547-9BD0-41D5-8496-5431ECC6B2DA">2010-02-10</gpes:Substitution-Value>
			<gpes:Substitution-Value Description="QOF 2011/12 Reference Date" AID="F892A99D-52B6-4C25-993F-F4456B4B1887">2010-02-28</gpes:Substitution-Value>
			<gpes:Substitution-Value Description="QOF 2011/12 Asthma Indicator Group Register" AID="7D96E020-0A18-4D64-8CEE-F5669D1D93C7">H33..%</gpes:Substitution-Value>
			<gpes:Substitution-Value Description="QOF 2011/12 Asthma Indicator Group Register Exclusion" AID="829BB2D5-9117-402C-B836-DB59858D940B">H331.</gpes:Substitution-Value>
			<gpes:Substitution-Value Description="QOF 2011/12 Asthma 06 General Exception Code" AID="31721B4F-3E56-43F7-B70F-0BF5FE4BE587">9hA..</gpes:Substitution-Value>
			<gpes:Substitution-Value Description="Patient Cohort Example" AID="41046A09-A242-4979-966E-C9E2C7BAA780">01234567890§0987654321</gpes:Substitution-Value>
		</gpes:Query-Set-Variables>
		<gpes:Show-Descriptions>Y</gpes:Show-Descriptions>
		<gpes:DTS-Return-Address>yclgmsot99@dts.nhs.uk</gpes:DTS-Return-Address>
	</gpes:Run-Time-Parameters>
</gpes:GPES-Q-E-RTP-Message>
	</value>
	<id root="16C2662F-1C6E-4F38-9B3F-5084F46CE3E1"/>
	<code codeSystem="2.16.840.1.113883.2.1.3.2.4.17.324" code="GPES-Q-E-RTP"/>
</GPES-Q-E-RTP>