<?xml version="1.0" encoding="UTF-8"?>
<GPES-E-Q-RTPR classCode="OBS" moodCode="EVN" xmlns:npfitlc="NPFIT:HL7:Localisation" xsi:schemaLocation="urn:hl7-org:v3 ../../schemas/COMT_MT000004GB01.xsd" xmlns:xsi="http://www.w3.org/2001/XMLSchema-instance" xmlns="urn:hl7-org:v3" xmlns:gpes="http://www.ic.nhs.uk/GPES-I/Schema">
	<value mediaType="text/xml" representation="TXT">
		<gpes:GPES-E-Q-RTPR-Message GPES-I-Version="3.1" RTPR-Message-Version="0.2">
  <gpes:Run-Time-Parameters-Response>
		<gpes:Scheduled-Query-Instance-ID RTPR-UUID="B52BE14A-18F4-400C-A836-E2F8F0B26FE0" RTP-UUID="E97FC212-BCD0-4023-80DD-92AF6C572C26" Issue-Date-Time="2011-01-08T09:19:47" Query-Name="XYZ Query Name" Query-Description="XYZ Query Description">A00001-000000000001-R</gpes:Scheduled-Query-Instance-ID>
		<gpes:GP-Practice-Cohort>
			<gpes:Practice-ID GPET-Q-SQI-Authentication-Signature="B144B177-9D5E-4109-8581-04D43D9066C9" GPET-E-SQI-Authentication-Signature="CC8AB907-D0F5-4BD7-979E-1D5DDEFC22C7" RTP-Response-ID="02000">A12345</gpes:Practice-ID>
			<gpes:Practice-ID GPET-Q-SQI-Authentication-Signature="402FE942-112B-4AB8-9CEA-E2A110DFCAE3" GPET-E-SQI-Authentication-Signature="E486ABE0-106C-461C-A5F0-57658A157042" RTP-Response-ID="02000">A12346</gpes:Practice-ID>
			<gpes:Practice-ID GPET-Q-SQI-Authentication-Signature="393D03E6-11FA-48E9-9A45-523D4910FCC8" RTP-Response-ID="02003">A12347</gpes:Practice-ID>
		</gpes:GP-Practice-Cohort>
	</gpes:Run-Time-Parameters-Response>
</gpes:GPES-E-Q-RTPR-Message>
	</value>
	<id root="17C2662F-1C6E-4F38-9B3F-5084F46CE3E2"/>
	<code codeSystem="2.16.840.1.113883.2.1.3.2.4.17.324" code="GPES-E-Q-RTPR"/>
</GPES-E-Q-RTPR>
