<?xml version="1.0" encoding="UTF-8"?>
<GPES-E-Q-NT classCode="OBS" moodCode="EVN" xmlns:npfitlc="NPFIT:HL7:Localisation" xsi:schemaLocation="urn:hl7-org:v3 ../../schemas/COMT_MT000002GB01.xsd" xmlns:xsi="http://www.w3.org/2001/XMLSchema-instance" xmlns="urn:hl7-org:v3" xmlns:gpes="http://www.ic.nhs.uk/GPES-I/Schema">
	<value mediaType="text/xml" representation="TXT">
		<gpes:GPES-E-Q-NT_Message GPES-I-Version="3.1" E-Q-NT-Message-Version="0.2">
			<gpes:E-Q-Notification E-Q-NT-UUID="EFB56CCF-E994-4453-A8B5-21DF6D7E571A" Issue-Date-Time="2001-12-17T09:30:47">
		<gpes:E-Q-Notification-Type>Event-Notification</gpes:E-Q-Notification-Type>
		<gpes:Practice-ID>A12345</gpes:Practice-ID>
		<gpes:GP-System-Identifier>002.015.531.001</gpes:GP-System-Identifier>
		<gpes:Terminology-Identifiers>
			<gpes:CodeSchemeID>2.16.840.1.113883.6.31</gpes:CodeSchemeID>
			<gpes:Terminology-Name>CV3</gpes:Terminology-Name>
			<gpes:Terminology-Release>12.0</gpes:Terminology-Release>
		</gpes:Terminology-Identifiers>
		<gpes:Terminology-Identifiers>
			<gpes:CodeSchemeID>2.16.840.1.113883.6.31</gpes:CodeSchemeID>
			<gpes:Terminology-Name>DM+D</gpes:Terminology-Name>
			<gpes:Terminology-Release>11.5</gpes:Terminology-Release>
		</gpes:Terminology-Identifiers>
		<gpes:Event-Notification>
			<gpes:Event-Data>
				<gpes:Event-Code>40001</gpes:Event-Code>
				<gpes:Event-Code-Supplementary-Data>1.2.4</gpes:Event-Code-Supplementary-Data>
				<gpes:Event-Description>Initial installation of GPET-E Enabling Service Software</gpes:Event-Description>
			</gpes:Event-Data>
			<gpes:System-Reference-Data>
				<gpes:Data-Model-Attribute-Support Data-Model-Reference-ID="T1A19">Y</gpes:Data-Model-Attribute-Support>
				<gpes:Data-Model-Attribute-Support Data-Model-Reference-ID="T1A26">N</gpes:Data-Model-Attribute-Support>
				<gpes:Data-Model-Attribute-Support Data-Model-Reference-ID="T1A27">Y</gpes:Data-Model-Attribute-Support>
				<gpes:Data-Model-Attribute-Support Data-Model-Reference-ID="T1A28">N</gpes:Data-Model-Attribute-Support>
				<gpes:Data-Model-Attribute-Support Data-Model-Reference-ID="T1A29">Y</gpes:Data-Model-Attribute-Support>
				<gpes:Data-Model-Attribute-Support Data-Model-Reference-ID="T2A14">N</gpes:Data-Model-Attribute-Support>
				<gpes:Data-Model-Attribute-Support Data-Model-Reference-ID="T2A15">Y</gpes:Data-Model-Attribute-Support>
				<gpes:Data-Model-Attribute-Support Data-Model-Reference-ID="T2A18">N</gpes:Data-Model-Attribute-Support>
				<gpes:Data-Model-Attribute-Support Data-Model-Reference-ID="T2A19">Y</gpes:Data-Model-Attribute-Support>
				<gpes:Data-Model-Attribute-Support Data-Model-Reference-ID="T2A20">N</gpes:Data-Model-Attribute-Support>
				<gpes:Data-Model-Attribute-Support Data-Model-Reference-ID="T2A21">Y</gpes:Data-Model-Attribute-Support>
				<gpes:Data-Model-Attribute-Support Data-Model-Reference-ID="T2A22">N</gpes:Data-Model-Attribute-Support>
				<gpes:Data-Model-Attribute-Support Data-Model-Reference-ID="T2A23">Y</gpes:Data-Model-Attribute-Support>
				<gpes:Data-Model-Attribute-Support Data-Model-Reference-ID="T2A24">N</gpes:Data-Model-Attribute-Support>
				<gpes:Data-Model-Attribute-Support Data-Model-Reference-ID="T2A25">Y</gpes:Data-Model-Attribute-Support>
				<gpes:Data-Model-Attribute-Support Data-Model-Reference-ID="T2A26">N</gpes:Data-Model-Attribute-Support>
				<gpes:Data-Model-Attribute-Support Data-Model-Reference-ID="T3A4">N</gpes:Data-Model-Attribute-Support>
				<gpes:Data-Model-Attribute-Support Data-Model-Reference-ID="T3A5">Y</gpes:Data-Model-Attribute-Support>
				<gpes:Data-Model-Attribute-Support Data-Model-Reference-ID="T3A6">N</gpes:Data-Model-Attribute-Support>
				<gpes:Data-Model-Attribute-Support Data-Model-Reference-ID="T3A7">Y</gpes:Data-Model-Attribute-Support>
				<gpes:Data-Model-Attribute-Support Data-Model-Reference-ID="T3A8">N</gpes:Data-Model-Attribute-Support>
				<gpes:Data-Model-Attribute-Support Data-Model-Reference-ID="T3A9">Y</gpes:Data-Model-Attribute-Support>
				<gpes:Data-Model-Attribute-Support Data-Model-Reference-ID="T3A10">N</gpes:Data-Model-Attribute-Support>
				<gpes:Data-Model-Attribute-Support Data-Model-Reference-ID="T3A11">Y</gpes:Data-Model-Attribute-Support>
				<gpes:Data-Model-Attribute-Support Data-Model-Reference-ID="T3A12">N</gpes:Data-Model-Attribute-Support>
				<gpes:Data-Model-Attribute-Support Data-Model-Reference-ID="T3A13">Y</gpes:Data-Model-Attribute-Support>
				<gpes:Data-Model-Attribute-Support Data-Model-Reference-ID="T3A14">N</gpes:Data-Model-Attribute-Support>
				<gpes:Data-Model-Attribute-Support Data-Model-Reference-ID="T4A9">Y</gpes:Data-Model-Attribute-Support>
				<gpes:Data-Model-Attribute-Support Data-Model-Reference-ID="T4A10">N</gpes:Data-Model-Attribute-Support>
				<gpes:Data-Model-Attribute-Support Data-Model-Reference-ID="T4A11">Y</gpes:Data-Model-Attribute-Support>
				<gpes:Data-Model-Attribute-Support Data-Model-Reference-ID="T4A12">N</gpes:Data-Model-Attribute-Support>
				<gpes:Data-Model-Attribute-Support Data-Model-Reference-ID="T4A13">Y</gpes:Data-Model-Attribute-Support>
			</gpes:System-Reference-Data>
		</gpes:Event-Notification>
	</gpes:E-Q-Notification>
		</gpes:GPES-E-Q-NT_Message>
	</value>
	<id root="19C2662F-1C6E-4F38-9B3F-5084F46CE3E4"/>
	<code codeSystem="2.16.840.1.113883.2.1.3.2.4.17.324" code="GPES-E-Q-NT"/>
</GPES-E-Q-NT>