<?xml version="1.0" encoding="UTF-8"?>
<GPES-Q-E-NT classCode="OBS" moodCode="EVN" xmlns:npfitlc="NPFIT:HL7:Localisation" xsi:schemaLocation="urn:hl7-org:v3 ../../schemas/COMT_MT000001GB01.xsd" xmlns:xsi="http://www.w3.org/2001/XMLSchema-instance" xmlns="urn:hl7-org:v3" xmlns:gpes="http://www.ic.nhs.uk/GPES-I/Schema">
				<value mediaType="text/xml" representation="TXT">
					<gpes:GPES-Q-E-NT_Message GPES-I-Version="3.1" Q-E-NT-Message-Version="0.2">
						<gpes:Q-E-Notification Q-E-NT-UUID="01A77D2B-D17D-49A6-8F8E-4BB91586FEBC" Issue-Date-Time="2001-12-17T09:30:47">
		<gpes:Q-E-Notification-Type>System-Ping-Request-Notification</gpes:Q-E-Notification-Type>
		<gpes:System-Ping-Request-Notification>
			<gpes:Practice-ID>A12345</gpes:Practice-ID>
		</gpes:System-Ping-Request-Notification>
	</gpes:Q-E-Notification>
	<gpes:Q-E-Notification Q-E-NT-UUID="70F16FED-01B4-4535-AB8F-287ED91EE90E" Issue-Date-Time="2001-12-17T09:30:47">
		<gpes:Q-E-Notification-Type>System-Ping-Request-Notification</gpes:Q-E-Notification-Type>
		<gpes:System-Ping-Request-Notification>
			<gpes:Practice-ID>A12346</gpes:Practice-ID>
		</gpes:System-Ping-Request-Notification>
	</gpes:Q-E-Notification>
</gpes:GPES-Q-E-NT_Message>
				</value>
				<id root="18C2662F-1C6E-4F38-9B3F-5084F46CE3E3"/>
				<code codeSystem="2.16.840.1.113883.2.1.3.2.4.17.324" code="GPES-Q-E-NT"/>
			</GPES-Q-E-NT>