<?xml version="1.0" encoding="UTF-8"?>
<GPES-E-Q-NT classCode="OBS" moodCode="EVN" xmlns:npfitlc="NPFIT:HL7:Localisation" xsi:schemaLocation="urn:hl7-org:v3 ../../schemas/COMT_MT000002GB01.xsd" xmlns:xsi="http://www.w3.org/2001/XMLSchema-instance" xmlns="urn:hl7-org:v3" xmlns:gpes="http://www.ic.nhs.uk/GPES-I/Schema">
	<value mediaType="text/xml" representation="TXT">
		<gpes:GPES-E-Q-NT_Message GPES-I-Version="3.1" E-Q-NT-Message-Version="0.2">
			<gpes:E-Q-Notification E-Q-NT-UUID="6517B539-95D7-4DBC-82BE-E02F75564CB6" Issue-Date-Time="2001-12-17T09:30:47">
		<gpes:E-Q-Notification-Type>Stage1-Notification-Response</gpes:E-Q-Notification-Type>
		<gpes:Q-E-NT-UUID>D982111D-729A-4620-BD6E-834427E1538A</gpes:Q-E-NT-UUID>
		<gpes:Practice-ID>A12345</gpes:Practice-ID>
		<gpes:GP-System-Identifier>002.015.531.001</gpes:GP-System-Identifier>
		<gpes:Terminology-Identifiers>
			<gpes:CodeSchemeID>2.16.840.1.113883.6.31</gpes:CodeSchemeID>
			<gpes:Terminology-Name>CV3</gpes:Terminology-Name>
			<gpes:Terminology-Release>12.0</gpes:Terminology-Release>
		</gpes:Terminology-Identifiers>
		<gpes:Terminology-Identifiers>
			<gpes:CodeSchemeID>2.16.840.1.113883.6.31</gpes:CodeSchemeID>
			<gpes:Terminology-Name>DM+D</gpes:Terminology-Name>
			<gpes:Terminology-Release>11.5</gpes:Terminology-Release>
		</gpes:Terminology-Identifiers>
		<gpes:Scheduled-Query-Identifier-ID>A00001-000000000001-R</gpes:Scheduled-Query-Identifier-ID>
		<gpes:Stage1-Notification-Response>
			<gpes:Notification-Response Notification-Question-ID="1" Answer-ID="1" Contains-Free-Text="N"/>
			<gpes:Notification-Response Notification-Question-ID="2" Answer-ID="1" Contains-Free-Text="N"/>
		</gpes:Stage1-Notification-Response>
	</gpes:E-Q-Notification>
		</gpes:GPES-E-Q-NT_Message>
	</value>
	<id root="19C2662F-1C6E-4F38-9B3F-5084F46CE3E4"/>
	<code codeSystem="2.16.840.1.113883.2.1.3.2.4.17.324" code="GPES-E-Q-NT"/>
</GPES-E-Q-NT>