<ValueSet xmlns="http://hl7.org/fhir"><meta><lastUpdated value="2016-07-03T09:00:00+00:00" /></meta><url value="http://fhir.nhs.net/ValueSet/adw-consultation-status-1-0" /><name value="ADW Consultation Status" /><status value="active" /><publisher value="Health and Social Care Information Centre NHS Data Model and Dictionary" /><contact><telecom><system value="email" /><value value="information.standards@hscic.gov.uk" /><use value="work" /></telecom></contact><description value="A vocabulary that describes whether the patient has been consulted about information carried in an ADW notice." /><requirements value="There is a requirement to indicate if the patient has been consulted about information carried in an ADW notice." /><codeSystem><system value="http://fhir.nhs.net/ValueSet/adw-consultation-status-1-0" /><concept><code value="Y" /><display value="Yes" /></concept><concept><code value="N" /><display value="No" /></concept></codeSystem></ValueSet>