<ValueSet xmlns="http://hl7.org/fhir"><meta><lastUpdated value="2016-10-25T12:05:00+00:00" /></meta><contained><ConceptMap><id value="map" /><name value="NHS Data Model and Dictionary Mapping" /><status value="draft" /><description value="A mapping between the FHIR Administrative Gender and the NHS Data Dictionary Person Stated Gender code systems." /><sourceReference><reference value="http://hl7.org/fhir/ValueSet/administrative-gender" /></sourceReference><targetReference><reference value="http://fhir.nhs.net/ValueSet/adw-person-stated-gender-ddmap-1-0" /></targetReference><element><code value="male" /><target><code value="1" /><equivalence value="equivalent" /></target></element><element><code value="female" /><target><code value="2" /><equivalence value="equivalent" /></target></element><element><code value="other" /><target><code value="9" /><equivalence value="equivalent" /></target></element><element><code value="unknown" /><target><code value="X" /><equivalence value="equivalent" /></target></element></ConceptMap></contained><extension url="http://hl7.org/fhir/StructureDefinition/valueset-map"><valueReference><reference value="#map" /></valueReference></extension><extension url="http://hl7.org/fhir/StructureDefinition/valueset-oid"><valueUri value="urn:oid:2.16.840.1.113883.4.642.2.1" /></extension><url value="http://fhir.nhs.net/ValueSet/adw-person-stated-gender-1-0" /><name value="Administrative Gender" /><status value="active" /><description value="The gender of a person used for administrative purposes." /><requirements value="There is a requirement to send the FHIR valueset on the wire, but the requirements for the ADW message mean that relevant values for this message have been mapped to the FHIR values for FHIR valueset System URL http://hl7.org/fhir/ValueSet/administrative-gender." /><codeSystem><system value="http://hl7.org/fhir/administrative-gender" /><concept><code value="male" /><display value="Male" /><definition value="Male" /></concept><concept><code value="female" /><display value="Female" /><definition value="Female" /></concept><concept><code value="other" /><display value="Other" /><definition value="Other" /></concept><concept><code value="unknown" /><display value="Unknown" /><definition value="Unknown" /></concept></codeSystem></ValueSet>