<ValueSet xmlns="http://hl7.org/fhir"><meta><lastUpdated value="2016-10-21T13:00:00+00:00" /></meta><url value="http://fhir.nhs.net/ValueSet/adw-carerconsultation-status-1-0" /><name value="ADW Carer Consultation Status" /><status value="active" /><publisher value="Health and Social Care Information Centre NHS Data Model and Dictionary" /><contact><telecom><system value="email" /><value value="information.standards@hscic.gov.uk" /><use value="work" /></telecom></contact><description value="A vocabulary that describes whether the patient's carer has been consulted about information carried in a  ADW notice." /><requirements value="There is a requirement to indicate whether the patient's carer has been consulted about information carried in an ADW notice." /><codeSystem><system value="http://fhir.nhs.net/ValueSet/adw-carerconsultation-status-1-0" /><concept><code value="Y" /><display value="Yes" /></concept><concept><code value="N" /><display value="No" /></concept><concept><code value="NKC" /><display value="No Known Carer" /></concept></codeSystem></ValueSet>