<ValueSet xmlns="http://hl7.org/fhir"><meta><lastUpdated value="2016-07-03T09:00:00+00:00" /></meta><url value="http://fhir.nhs.net/ValueSet/adw-patient-consent-status-1-0" /><name value="ADW Patient Consent Status" /><status value="active" /><publisher value="Health and Social Care Information Centre NHS Data Model and Dictionary" /><contact><telecom><system value="email" /><value value="information.standards@hscic.gov.uk" /><use value="work" /></telecom></contact><description value="A vocabulary that describes whether someone has been consulted about the Assessment Notice." /><requirements value="There is a requirement to indicate if someone has been consulted about the Assessment Notice." /><codeSystem><system value="http://fhir.nhs.net/ValueSet/adw-patient-consent-status-1-0" /><concept><code value="Y" /><display value="Yes" /></concept><concept><code value="N" /><display value="No" /></concept><concept><code value="L" /><display value="Lacks Mental Capacity" /></concept></codeSystem></ValueSet>