<ValueSet xmlns="http://hl7.org/fhir"><meta><lastUpdated value="2016-10-19T13:00:00+00:00" /></meta><url value="http://fhir.nhs.net/ValueSet/adw-person-stated-gender-ddmap-1-0" /><name value="Person Stated Gender Code NHS Data Model and Dictionary" /><status value="active" /><description value="Person Stated Gender Code is self declared or inferred by observation for those unable to declare their Person Stated Gender." /><codeSystem><system value="http://fhir.nhs.net/ValueSet/adw-person-stated-gender-ddmap-1-0" /><concept><code value="1" /><display value="Male" /></concept><concept><code value="2" /><display value="Female" /></concept><concept><code value="9" /><display value="Indeterminate (unable to be classified as either male or female)" /></concept><concept><code value="X" /><display value="Not Known" /></concept></codeSystem></ValueSet>