<ValueSet xmlns="http://hl7.org/fhir"><meta><lastUpdated value="2016-07-13T09:00:00+00:00" /></meta><url value="http://fhir.nhs.net/ValueSet/adw-message-event-1-0" /><name value="ADW Message Event" /><status value="active" /><publisher value="Health and Social Care Information Centre" /><contact><telecom><system value="email" /><value value="information.standards@hscic.gov.uk" /><use value="work" /></telecom></contact><description value="A vocabulary that identifies the assessment, discharge and withdrawal notice type." /><requirements value="This vocabulary contains values to be selected to set the notice type for a patient's referral." /><copyright value="This value set includes content from SNOMED CT, which is copyright © 2002+ International Health Terminology Standards Development Organisation (IHTSDO), and distributed by agreement between IHTSDO and HL7. Implementer use of SNOMED CT is not covered by this agreement." /><codeSystem><system value="http://fhir.nhs.net/ValueSet/adw-message-event-1-0" /><concept><code value="975701000000106" /><display value="Assessment Notice under the Care Act 2014 schedule 3" /></concept><concept><code value="975711000000108" /><display value="Assessment Notice Accept Response under the Care Act 2014 Schedule 3" /></concept><concept><code value="975721000000102" /><display value="Assessment Notice Reject Response under the Care Act 2014 Schedule 3" /></concept><concept><code value="975731000000100" /><display value="Discharge Notice under the Care Act 2014 Schedule 3" /></concept><concept><code value="975821000000109" /><display value="Discharge Notice Agreement under the Care Act 2014 Schedule 3" /></concept><concept><code value="975831000000106" /><display value="Discharge Notice Disagreement under the Care Act 2014 Schedule 3" /></concept><concept><code value="975841000000102" /><display value="Withdraw All Notices under the Care Act 2014 Schedule 3" /></concept><concept><code value="975851000000104" /><display value="Withdraw Discharge Notice Only under the Care Act 2014 Schedule 3" /></concept><concept><code value="1025651000000109" /><display value="Withdraw Notice Accept under the Care Act 2014 Schedule 3" /></concept><concept><code value="1025641000000106" /><display value="Withdraw Notice Reject under the Care Act 2014 Schedule 3" /></concept></codeSystem></ValueSet>