<ValueSet xmlns="http://hl7.org/fhir"><id value="42495d3a-cb28-44d8-b2e9-e6c055bf2129" /><meta><lastUpdated value="2016-07-03T09:00:00+00:00" /></meta><url value="http://fhir.nhs.net/ValueSet/adw-admission-type-1-0" /><name value="ADW Admission Type" /><status value="active" /><publisher value="Health and Social Care Information Centre NHS Data Model and Dictionary" /><contact><telecom><system value="email" /><value value="information.standards@hscic.gov.uk" /><use value="work" /></telecom></contact><description value="A vocabulary that describes the type of admission in relation to ADW messaging." /><requirements value="There is a requirement to indicate whether the admission was a planned or emergency admission." /><codeSystem><system value="http://fhir.nhs.net/ValueSet/adw-admission-type-1-0" /><concept><code value="P" /><display value="Elective" /></concept><concept><code value="E" /><display value="Emergency" /></concept><concept><code value="X" /><display value="Other" /></concept></codeSystem></ValueSet>