<ValueSet xmlns="http://hl7.org/fhir"><id value="42495d3a-cb28-44d8-b2e9-e6c055bf2129" /><meta><lastUpdated value="2016-07-03T09:00:00+00:00" /></meta><url value="http://fhir.nhs.net/ValueSet/adw-third-party-consent-source-1-0" /><name value="ADW Third Party Consent Source" /><status value="active" /><publisher value="Health and Social Care Information Centre NHS Data Model and Dictionary" /><contact><telecom><system value="email" /><value value="information.standards@hscic.gov.uk" /><use value="work" /></telecom></contact><description value="A vocabulary that describes the source of the third party consent." /><requirements value="There is a requirement to indicate the source of the third party consent" /><codeSystem><system value="http://fhir.nhs.net/ValueSet/adw-third-party-consent-source-1-0" /><concept><code value="C" /><display value="Legal Representative (Carer)" /></concept><concept><code value="O" /><display value="Legal Representative (Other)" /></concept><concept><code value="B" /><display value="Best Interest Decision" /></concept><concept><code value="N/A" /><display value="Not Applicable" /></concept></codeSystem></ValueSet>