<ValueSet xmlns="http://hl7.org/fhir"><id value="dbc7f79b-c0d1-419a-b392-7a0170aab074" /><meta><lastUpdated value="2016-07-28T15:40:00+00:00" /></meta><extension url="http://hl7.org/fhir/StructureDefinition/valueset-oid"><valueUri value="urn:oid:2.16.840.1.113883.2.1.3.2.4.17.124" /></extension><url value="http://fhir.nhs.net/ValueSet/job-role-name-1-0" /><name value="Job Role Name" /><status value="active" /><publisher value="Health and Social Care Information Centre Messaging Team" /><contact><telecom><system value="email" /><value value="information.standards@hscic.gov.uk" /><use value="work" /></telecom></contact><description value="Describes a person's role" /><codeSystem><system value="http://fhir.nhs.net/ValueSet/job-role-name-1-0" /><concept><code value="NR0010" /><display value="Medical Director" /></concept><concept><code value="NR0020" /><display value="Clinical Director - Medical" /></concept><concept><code value="NR0030" /><display value="Professor" /></concept><concept><code value="NR0040" /><display value="Senior Lecturer" /></concept><concept><code value="NR0050" /><display value="Consultant" /></concept><concept><code value="NR0055" /><display value="Dental surgeon acting as Hospital Consultant" /></concept><concept><code value="NR0060" /><display value="Special salary scale in Public Health Medicine" /></concept><concept><code value="NR0070" /><display value="Associate Specialist" /></concept><concept><code value="NR0080" /><display value="Staff Grade" /></concept><concept><code value="NR0090" /><display value="Hospital Practitioner" /></concept><concept><code value="NR0100" /><display value="Clinical Assistant" /></concept><concept><code value="NR0110" /><display value="Specialist Registrar" /></concept><concept><code value="NR0120" /><display value="Senior Registrar (Closed)" /></concept><concept><code value="NR0130" /><display value="Registrar (Closed)" /></concept><concept><code value="NR0140" /><display value="Senior House Officer" /></concept><concept><code value="NR0150" /><display value="House Officer - Pre Registration" /></concept><concept><code value="NR0160" /><display value="House Officer - Post Registration" /></concept><concept><code value="NR0170" /><display value="Trust Grade Doctor - House Officer level" /></concept><concept><code value="NR0180" /><display value="Trust Grade Doctor - SHO level" /></concept><concept><code value="NR0190" /><display value="Trust Grade Doctor - Specialist Registrar level" /></concept><concept><code value="NR0200" /><display value="Trust Grade Doctor - Career Grade level" /></concept><concept><code value="NR0210" /><display value="Director of Public Health" /></concept><concept><code value="NR0215" /><display value="Asst. Clinical Medical Officer" /></concept><concept><code value="NR0220" /><display value="Clinical Medical Officer" /></concept><concept><code value="NR0230" /><display value="Senior Clinical Medical Officer" /></concept><concept><code value="NR0240" /><display value="'Other' Community Health Service" /></concept><concept><code value="NR0243" /><display value="'Other' Community Health Service - Social Care Worker" /></concept><concept><code value="NR0247" /><display value="'Other' Community Health Service - Admin Clerk" /></concept><concept><code value="NR0250" /><display value="General Dental Practitioner" /></concept><concept><code value="NR0260" /><display value="General Medical Practitioner" /></concept><concept><code value="NR0270" /><display value="Salaried General Practitioner" /></concept><concept><code value="NR0280" /><display value="Regional Dental Officer" /></concept><concept><code value="NR0290" /><display value="Dental Clinical Director - Dental" /></concept><concept><code value="NR0295" /><display value="Dental Assistant Clinical Director" /></concept><concept><code value="NR0300" /><display value="Dental Officer" /></concept><concept><code value="NR0310" /><display value="Senior Dental Officer" /></concept><concept><code value="NR0320" /><display value="Salaried Dental Practitioner" /></concept><concept><code value="NR0330" /><display value="Student Nurse - Adult Branch" /></concept><concept><code value="NR0340" /><display value="Student Nurse - Child Branch" /></concept><concept><code value="NR0350" /><display value="Student Nurse - Mental Health Branch" /></concept><concept><code value="NR0360" /><display value="Student Nurse - Learning Disabilities Branch" /></concept><concept><code value="NR0370" /><display value="Student Midwife" /></concept><concept><code value="NR0380" /><display value="Student Health Visitor" /></concept><concept><code value="NR0390" /><display value="Student Health Visitor" /></concept><concept><code value="NR0400" /><display value="Student School Nurse" /></concept><concept><code value="NR0410" /><display value="Student Practice Nurse" /></concept><concept><code value="NR0420" /><display value="Student Occupational Health Nurse" /></concept><concept><code value="NR0430" /><display value="Student Community Paediatric Nurse" /></concept><concept><code value="NR0440" /><display value="Student Community Mental Health Nurse" /></concept><concept><code value="NR0450" /><display value="Student Community Learning Disabilities Nurse" /></concept><concept><code value="NR0460" /><display value="Student Chiropodist" /></concept><concept><code value="NR0470" /><display value="Student Dietitian" /></concept><concept><code value="NR0480" /><display value="Student Occupational Therapist" /></concept><concept><code value="NR0490" /><display value="Student Orthoptist" /></concept><concept><code value="NR0500" /><display value="Student Physiotherapist" /></concept><concept><code value="NR0510" /><display value="Student Radiographer - Diagnostic" /></concept><concept><code value="NR0520" /><display value="Student Radiographer - Therapeutic" /></concept><concept><code value="NR0530" /><display value="Student Speech and Language Therapist" /></concept><concept><code value="NR0540" /><display value="Art, Music and Drama Student" /></concept><concept><code value="NR0550" /><display value="Student Psychotherapist" /></concept><concept><code value="NR0560" /><display value="Director of Nursing" /></concept><concept><code value="NR0570" /><display value="Nurse Consultant" /></concept><concept><code value="NR0580" /><display value="Nurse Manager" /></concept><concept><code value="NR0590" /><display value="Modern Matron" /></concept><concept><code value="NR0600" /><display value="Specialist Nurse Practitioner" /></concept><concept><code value="NR0610" /><display value="Sister/Charge Nurse" /></concept><concept><code value="NR0620" /><display value="Staff Nurse" /></concept><concept><code value="NR0630" /><display value="Enrolled Nurse" /></concept><concept><code value="NR0640" /><display value="Midwife - Consultant" /></concept><concept><code value="NR0650" /><display value="Midwife - Specialist Practitioner" /></concept><concept><code value="NR0660" /><display value="Midwife - Manager" /></concept><concept><code value="NR0670" /><display value="Midwife - Sister/Charge Nurse" /></concept><concept><code value="NR0680" /><display value="Midwife" /></concept><concept><code value="NR0690" /><display value="Community Practitioner" /></concept><concept><code value="NR0700" /><display value="Community Nurse" /></concept><concept><code value="NR0710" /><display value="Art Therapist" /></concept><concept><code value="NR0720" /><display value="Art Therapist Consultant" /></concept><concept><code value="NR0730" /><display value="Art Therapist Manager" /></concept><concept><code value="NR0740" /><display value="Art Therapist Specialist Practitioner" /></concept><concept><code value="NR0750" /><display value="Chiropodist/Podiatrist" /></concept><concept><code value="NR0760" /><display value="Chiropodist/Podiatrist Consultant" /></concept><concept><code value="NR0770" /><display value="Chiropodist/Podiatrist Manager" /></concept><concept><code value="NR0780" /><display value="Chiropodist/Podiatrist Specialist Practitioner" /></concept><concept><code value="NR0790" /><display value="Dietitian" /></concept><concept><code value="NR0800" /><display value="Dietitian Consultant" /></concept><concept><code value="NR0810" /><display value="Dietitian Manager" /></concept><concept><code value="NR0820" /><display value="Dietitian Specialist Practitioner" /></concept><concept><code value="NR0830" /><display value="Drama Therapist" /></concept><concept><code value="NR0840" /><display value="Drama Therapist Consultant" /></concept><concept><code value="NR0850" /><display value="Drama Therapist Manager" /></concept><concept><code value="NR0860" /><display value="Drama Therapist Specialist Practitioner" /></concept><concept><code value="NR0870" /><display value="Multi Therapist" /></concept><concept><code value="NR0880" /><display value="Multi Therapist Consultant" /></concept><concept><code value="NR0890" /><display value="Multi Therapist Manager" /></concept><concept><code value="NR0900" /><display value="Multi Therapist Specialist Practitioner" /></concept><concept><code value="NR0910" /><display value="Music Therapist" /></concept><concept><code value="NR0920" /><display value="Music Therapist Consultant" /></concept><concept><code value="NR0930" /><display value="Music Therapist Manager" /></concept><concept><code value="NR0940" /><display value="Music Therapist Specialist Practitioner" /></concept><concept><code value="NR0950" /><display value="Occupational Therapist" /></concept><concept><code value="NR0960" /><display value="Occupational Therapist Consultant" /></concept><concept><code value="NR0965" /><display value="Speech and Language Therapist Consultant" /></concept><concept><code value="NR0970" /><display value="Occupational Therapist Manager" /></concept><concept><code value="NR0975" /><display value="Speech and Language Therapist Manager" /></concept><concept><code value="NR0980" /><display value="Occupational Therapy Specialist Practitioner" /></concept><concept><code value="NR0985" /><display value="Speech and Language Therapist Specialist Practitioner" /></concept><concept><code value="NR0990" /><display value="Orthoptist" /></concept><concept><code value="NR1000" /><display value="Orthoptist Consultant" /></concept><concept><code value="NR1010" /><display value="Orthoptist Manager" /></concept><concept><code value="NR1020" /><display value="Orthoptist Specialist Practitioner" /></concept><concept><code value="NR1030" /><display value="Orthotist" /></concept><concept><code value="NR1040" /><display value="Orthotist Consultant" /></concept><concept><code value="NR1050" /><display value="Orthotist Manager" /></concept><concept><code value="NR1060" /><display value="Orthotist Specialist Practitioner" /></concept><concept><code value="NR1070" /><display value="Paramedic" /></concept><concept><code value="NR1080" /><display value="Paramedic Consultant" /></concept><concept><code value="NR1090" /><display value="Paramedic Manager" /></concept><concept><code value="NR1100" /><display value="Paramedic Specialist Practitioner" /></concept><concept><code value="NR1110" /><display value="Physiotherapist" /></concept><concept><code value="NR1120" /><display value="Physiotherapist Consultant" /></concept><concept><code value="NR1130" /><display value="Physiotherapist Manager" /></concept><concept><code value="NR1140" /><display value="Physiotherapist Specialist Practitioner" /></concept><concept><code value="NR1150" /><display value="Prosthetist" /></concept><concept><code value="NR1160" /><display value="Prosthetist Consultant" /></concept><concept><code value="NR1170" /><display value="Prosthetist Manager" /></concept><concept><code value="NR1180" /><display value="Prosthetist Specialist Practitioner" /></concept><concept><code value="NR1190" /><display value="Radiographer - Diagnostic" /></concept><concept><code value="NR1200" /><display value="Radiographer - Diagnostic, Consultant" /></concept><concept><code value="NR1210" /><display value="Radiographer - Diagnostic, Manager" /></concept><concept><code value="NR1220" /><display value="Radiographer - Diagnostic, Specialist Practitioner" /></concept><concept><code value="NR1230" /><display value="Radiographer - Therapeutic" /></concept><concept><code value="NR1240" /><display value="Radiographer - Therapeutic, Consultant" /></concept><concept><code value="NR1250" /><display value="Radiographer - Therapeutic, Manager" /></concept><concept><code value="NR1260" /><display value="Radiographer - Therapeutic, Specialist Practitioner" /></concept><concept><code value="NR1270" /><display value="Director" /></concept><concept><code value="NR1280" /><display value="Optometrist" /></concept><concept><code value="NR1290" /><display value="Pharmacist" /></concept><concept><code value="NR1300" /><display value="Psychotherapist" /></concept><concept><code value="NR1310" /><display value="Clinical Psychologist" /></concept><concept><code value="NR1320" /><display value="Chaplain" /></concept><concept><code value="NR1330" /><display value="Social Worker" /></concept><concept><code value="NR1340" /><display value="Approved Social Worker" /></concept><concept><code value="NR1350" /><display value="Youth Worker" /></concept><concept><code value="NR1360" /><display value="Specialist Practitioner" /></concept><concept><code value="NR1370" /><display value="Practitioner" /></concept><concept><code value="NR1380" /><display value="Technician - PS and T" /></concept><concept><code value="NR1390" /><display value="Osteopath" /></concept><concept><code value="NR1400" /><display value="Healthcare Scientist" /></concept><concept><code value="NR1410" /><display value="Consultant Healthcare Scientist" /></concept><concept><code value="NR1420" /><display value="Biomedical Scientist " /></concept><concept><code value="NR1430" /><display value="Technician - Healthcare Scientists" /></concept><concept><code value="NR1440" /><display value="Therapist" /></concept><concept><code value="NR1450" /><display value="Health Care Support Worker " /></concept><concept><code value="NR1460" /><display value="Social Care Support Worker" /></concept><concept><code value="NR1470" /><display value="Home Help" /></concept><concept><code value="NR1480" /><display value="Healthcare Assistant" /></concept><concept><code value="NR1490" /><display value="Nursery Nurse" /></concept><concept><code value="NR1500" /><display value="Play Therapist" /></concept><concept><code value="NR1510" /><display value="Play Specialist" /></concept><concept><code value="NR1520" /><display value="Technician - Add'l Clinical Services" /></concept><concept><code value="NR1530" /><display value="Technical Instructor" /></concept><concept><code value="NR1540" /><display value="Associate Practitioner" /></concept><concept><code value="NR1543" /><display value="Associate Practitioner - Nurse" /></concept><concept><code value="NR1547" /><display value="Associate Practitioner - General Practitioner" /></concept><concept><code value="NR1550" /><display value="Counsellor" /></concept><concept><code value="NR1560" /><display value="Helper/Assistant" /></concept><concept><code value="NR1570" /><display value="Dental Surgery Assistant" /></concept><concept><code value="NR1580" /><display value="Medical Laboratory Assistant" /></concept><concept><code value="NR1590" /><display value="Phlebotomist" /></concept><concept><code value="NR1600" /><display value="Cytoscreener" /></concept><concept><code value="NR1610" /><display value="Student Technician" /></concept><concept><code value="NR1620" /><display value="Trainee Scientist" /></concept><concept><code value="NR1630" /><display value="Trainee Practitioner" /></concept><concept><code value="NR1640" /><display value="Nursing Cadet" /></concept><concept><code value="NR1650" /><display value="Healthcare Cadet" /></concept><concept><code value="NR1660" /><display value="Pre-reg Pharmacist" /></concept><concept><code value="NR1670" /><display value="Assistant Psychologist" /></concept><concept><code value="NR1680" /><display value="Assistant Psychotherapist" /></concept><concept><code value="NR1690" /><display value="Call Operator" /></concept><concept><code value="NR1700" /><display value="Gateway Worker" /></concept><concept><code value="NR1710" /><display value="Support, Time, Recovery Worker" /></concept><concept><code value="NR1720" /><display value="Clerical Worker" /></concept><concept><code value="NR1730" /><display value="Receptionist" /></concept><concept><code value="NR1740" /><display value="Secretary" /></concept><concept><code value="NR1750" /><display value="Personal Assistant" /></concept><concept><code value="NR1760" /><display value="Medical Secretary" /></concept><concept><code value="NR1770" /><display value="Officer" /></concept><concept><code value="NR1780" /><display value="Manager" /></concept><concept><code value="NR1790" /><display value="Senior Manager" /></concept><concept><code value="NR1800" /><display value="Technician - Admin and Clerical" /></concept><concept><code value="NR1810" /><display value="Accountant" /></concept><concept><code value="NR1820" /><display value="Librarian" /></concept><concept><code value="NR1830" /><display value="Interpreter" /></concept><concept><code value="NR1840" /><display value="Analyst" /></concept><concept><code value="NR1850" /><display value="Adviser" /></concept><concept><code value="NR1860" /><display value="Researcher" /></concept><concept><code value="NR1870" /><display value="Control Assistant" /></concept><concept><code value="NR1880" /><display value="Architect" /></concept><concept><code value="NR1890" /><display value="Lawyer" /></concept><concept><code value="NR1900" /><display value="Surveyor" /></concept><concept><code value="NR1910" /><display value="Chair" /></concept><concept><code value="NR1920" /><display value="Chief Executive" /></concept><concept><code value="NR1930" /><display value="Finance Director" /></concept><concept><code value="NR1940" /><display value="Other Executive Director" /></concept><concept><code value="NR1950" /><display value="Board Level Director" /></concept><concept><code value="NR1960" /><display value="Non Executive Director" /></concept><concept><code value="NR1970" /><display value="Childcare Co-ordinator" /></concept><concept><code value="NR1980" /><display value="Main Informal Carer" /></concept><concept><code value="NR1990" /><display value="Formal Carer" /></concept><concept><code value="NR2000" /><display value="Additional person to be involved in decisions" /></concept><concept><code value="NR2010" /><display value="LPA with authority" /></concept><concept><code value="NR2020" /><display value="Key Worker" /></concept><concept><code value="NR2030" /><display value="Senior Responsible Clinician" /></concept><concept><code value="NR2040" /><display value="Palliative Care Physician" /></concept><concept><code value="NR2050" /><display value="Specialist Palliative Care Nurse" /></concept><concept><code value="NR2060" /><display value="Discharge Coordinator" /></concept><concept><code value="NR9000" /><display value="Children's Safeguarding Lead Doctor" /></concept><concept><code value="NR9010" /><display value="Children's Safeguarding Lead Nurse" /></concept><concept><code value="NR9020" /><display value="Children's Safeguarding Lead" /></concept><concept><code value="NR9030" /><display value="Safeguarding Lead Doctor" /></concept><concept><code value="NR9040" /><display value="Safeguarding Lead Nurse" /></concept><concept><code value="NR9050" /><display value="Safeguarding Lead" /></concept><concept><code value="NR9060" /><display value="Designated Doctor" /></concept><concept><code value="NR9070" /><display value="Designated Nurse" /></concept><concept><code value="NR9080" /><display value="Named Doctor" /></concept><concept><code value="NR9090" /><display value="Named Midwife" /></concept><concept><code value="NR9100" /><display value="Named GP" /></concept></codeSystem></ValueSet>