<ValueSet xmlns="http://hl7.org/fhir"><id value="19101b53-dd9b-431a-90a6-93b77d9709ea" /><meta><lastUpdated value="2016-07-03T09:00:00+00:00" /></meta><url value="http://fhir.nhs.net/ValueSet/nhs-number-status-indicator-1-0" /><name value="NHS Number Status Indicator Code" /><status value="active" /><publisher value="Health and Social Care Information Centre NHS Data Model and Dictionary" /><contact><telecom><system value="email" /><value value="information.standards@hscic.gov.uk" /><use value="work" /></telecom></contact><description value="A vocabulary that identifies the verified status of a patient's NHS number." /><requirements value="A patient's NHS number is the NHS agreed way of uniquely identifying a patient. Therfore it is significant to understand whether this status has been verified. For the purposes of the ADW message, code value: '08' with display value: 'Trace postponed (baby under six weeks old)' is not required." /><codeSystem><system value="http://fhir.nhs.net/ValueSet/nhs-number-status-indicator-1-0" /><concept><code value="01" /><display value="Number present and verified" /></concept><concept><code value="02" /><display value="Number present but not traced" /></concept><concept><code value="03" /><display value="Trace required" /></concept><concept><code value="04" /><display value="Trace attempted - No match or multiple match found" /></concept><concept><code value="05" /><display value="Trace needs to be resolved - (NHS Number or PATIENT detail conflict)" /></concept><concept><code value="06" /><display value="Trace in progress" /></concept><concept><code value="07" /><display value="Number not present and trace not required" /></concept><concept><code value="08" /><display value="Trace postponed (baby under six weeks old)" /></concept></codeSystem></ValueSet>