<?xml version="1.0" encoding="UTF-8"?>
<Templates version="1.0" title="Template configuration file for Crisis Care Extract Domain 1.0 Status: Draft A" xmlns:xsi="http://www.w3.org/2001/XMLSchema-instance" xsi:noNamespaceSchemaLocation="../dt/TemplateConfig.xsd">
	<ChangeHistory>
		<auto-generated_for_wildcard/>
	</ChangeHistory>
	<DomainList>
		<domain id="GSH">Structured Headings</domain>
		<domain id="TEM">Templates</domain>
	</DomainList>
	<StatusFlag>
		<value id="A">Active</value>
		<value id="D">Deprecated</value>
		<value id="P">Proposed</value>
	</StatusFlag>
	<!--Information Recipient-->
	<Template id="NPFIT-500080#Role" version="1.0" status="A" derivedFrom="NPFIT-990001#Role">
		<comments>All Constraints based on those used in the Crisis Care Extract Model, with the prefix of 5 used to distinguish this as the uber model.><auto-generated_for_wildcard/>
		</comments>
		<parentModel>
			<domain id="CCE">
				<id>POCD_MT000042GB01</id>
			</domain>
		</parentModel>
		<id>COCD_TP145202GB02</id>
		<id>COCD_TP145203GB03</id>
		<id>COCD_TP145204GB03</id>
		<id>COCD_TP145242GB01</id>
	</Template>
	<!--Author-->
	<Template id="NPFIT-500081#Role" version="1.0" status="A" derivedFrom="NPFIT-990006#Role">
		<comments>
			<auto-generated_for_wildcard/>
		</comments>
		<parentModel>
			<domain id="CCE">
				<id>POCD_MT000042GB01</id>
			</domain>
		</parentModel>
		<id>COCD_TP145200GB01</id>
		<id>COCD_TP145208GB01</id>
		<id>COCD_TP145212GB02</id>
		<id>COCD_TP145207GB01</id>
	</Template>
	<!--Data Enterer-->
	<Template id="NPFIT-500082#Role" version="1.0" status="A" derivedFrom="NPFIT-990003#Role">
		<comments>
			<auto-generated_for_wildcard/>
		</comments>
		<parentModel>
			<domain id="CCE">
				<id>POCD_MT000042GB01</id>
			</domain>
		</parentModel>
		<id>COCD_TP145205GB01</id>
	</Template>
	<!--Record Target-->
	<Template id="NPFIT-500083#Role" version="1.0" status="A" derivedFrom="NPFIT-990007#Role">
		<comments>
			<auto-generated_for_wildcard/>
		</comments>
		<parentModel>
			<domain id="CCE">
				<id>POCD_MT000042GB01</id>
			</domain>
		</parentModel>
		<id>COCD_TP145201GB02</id>
	</Template>
	<!--Custodian-->
	<Template id="NPFIT-500014#Role" version="6.0" status="A" derivedFrom="NPFIT-990008#Role">
		<comments>
			<auto-generated_for_wildcard/>
		</comments>
		<parentModel>
			<domain id="CCE">
				<id>POCD_MT000042GB01</id>
			</domain>
		</parentModel>
		<id>COCD_TP145018UK03</id>
	</Template>
	<!--Encompassing Encounter-->
	<Template id="NPFIT-500052#Act" version="1.0" status="A" derivedFrom="NPFIT-990001#Act">
		<comments>
			<auto-generated_for_wildcard/>
		</comments>
		<parentModel>
			<domain id="CCE">
				<id>POCD_MT000042GB01</id>
			</domain>
		</parentModel>
		<id>COCD_TP146228GB01</id>
	</Template>
	<!--Authenticator-->
	<Template id="NPFIT-500084#Role" version="1.0" status="A" derivedFrom="NPFIT-990004#Role">
		<comments>
			<auto-generated_for_wildcard/>
		</comments>
		<parentModel>
			<domain id="CCE">
				<id>POCD_MT000042GB01</id>
			</domain>
		</parentModel>
		<id>COCD_TP145205GB01</id>
	</Template>
	<!--Participant-->
	<Template id="NPFIT-500086#Role" version="2.0" status="A" derivedFrom="NPFIT-990010#Role">
		<comments>
			<auto-generated_for_wildcard/>
		</comments>
		<parentModel>
			<domain id="CCE">
				<id>POCD_MT000042GB01</id>
			</domain>
		</parentModel>
		<id>COCD_TP145214GB01</id>
		<id>COCD_TP145007UK03</id>
	</Template>
	<!--Participant-->
	<Template id="NPFIT-000194#Role" version="1.0" status="A" derivedFrom="NPFIT-990010#Role">
		<comments>
			<auto-generated_for_wildcard/>
		</comments>
		<parentModel>
			<domain id="TEM">
				<id>COCD_TP146058GB01</id>
			</domain>
		</parentModel>
		<id>COCD_TP145214GB01</id>
		<id>COCD_TP145007UK03</id>
	</Template>
	<!--Performer-->
	<Template id="NPFIT-000195#Role" version="1.0" status="A" derivedFrom="NPFIT-990010#Role">
		<comments>
			<auto-generated_for_wildcard/>
		</comments>
		<parentModel>
			<domain id="TEM">
				<id>COCD_TP146073GB01</id>
			</domain>
		</parentModel>
		<id>COCD_TP145210GB01</id>
		<id>COCD_TP145212GB02</id>
	</Template>
	<!--Consent-->
	<Template id="NPFIT-500051#Act" version="2.0" status="A" derivedFrom="NPFIT-990003#Act">
		<comments>
			<auto-generated_for_wildcard/>
		</comments>
		<parentModel>
			<domain id="CCE">
				<id>POCD_MT000042GB01</id>
			</domain>
		</parentModel>
		<id>COCD_TP146226GB02</id>
	</Template>
	<!--ServiceEvent -->
	<Template id="NPFIT-500050#Act" version="2.0" status="A" derivedFrom="NPFIT-990002#Act">
		<comments>
			<auto-generated_for_wildcard/>
		</comments>
		<parentModel>
			<domain id="GSH">
				<id>POCD_MT000042GB01</id>
			</domain>
		</parentModel>
		<id>COCD_TP146227GB02</id>
	</Template>
	<!--ORDER REF Removed, as there is no link-->
	<!--<Template id="NPFIT-500026#ActRef" version="1.0" status="A" derivedFrom="NPFIT-900001#ActRef">
	<comments>
			<auto-generated_for_wildcard/>
		</comments>
		<comments>
			<p>Order Reference Templates</p>
			<b>
				<font color="#FF0000" size="4">Constraint :- For a reference to be used within a domain, the template referred to must be utilised within that domain</font>
			</b>
		</comments>
		<parentModel>
			<domain id="GSH">
				<id>POCD_MT000042GB01</id>
			</domain>
		</parentModel>
		<id>COCD_TP147000GB01</id>
	</Template>-->
	<!--EncompassingEncounter (COCD_TP146228GB01) - HealthCareFacilityChoice-->
	<Template id="NPFIT-000090#Role" version="1.0" status="A">
		<comments>
			<auto-generated_for_wildcard/>
		</comments>
		<parentModel>
			<domain id="TEM">
				<id>COCD_TP146228GB01</id>
			</domain>
		</parentModel>
		<id>COCD_TP145211GB01</id>
	</Template>
	<!--EncompassingEncounter (COCD_TP146228GB01) -  ParticipantChoice -->
	<Template id="NPFIT-000089#Role" version="1.0" status="A">
		<comments>
			<auto-generated_for_wildcard/>
		</comments>
		<parentModel>
			<domain id="TEM">
				<id>COCD_TP146228GB01</id>
			</domain>
		</parentModel>
		<id>COCD_TP145210GB01</id>
		<id>COCD_TP145212GB02</id>
	</Template>
	<!--EncompassingEncounter (COCD_TP146228GB01) - ResponsiblePartyChoice -->
	<Template id="NPFIT-000088#Role" version="1.0" status="A">
		<comments>
			<auto-generated_for_wildcard/>
		</comments>
		<parentModel>
			<domain id="TEM">
				<id>COCD_TP146228GB01</id>
			</domain>
		</parentModel>
		<id>COCD_TP145210GB01</id>
		<id>COCD_TP145212GB02</id>
	</Template>
	<!--SectionChoice-->
	<Template id="NPFIT-500004#Section" version="1.0" status="A" derivedFrom="NPFIT-990002#Section">
		<comments>Note: Not all headings will need to be used in all care settings or circumstances, and the order in which they appear in EHR applications, communications and letters can be agreed by system providers and end users.<auto-generated_for_wildcard/>
		</comments>
		<!--Note this has evolved from NPFIT-200002#Section used by Transfer of Care Version: 1.0; Status: Draft B, but includes two extra templates, HistorySection (COCD_TP000064GB01) and PreadoptedSection (COCD_TP000065GB01)-->
		<parentModel>
			<domain id="CCE">
				<id>POCD_MT000042GB01</id>
			</domain>
		</parentModel>
		<id>COCD_TP000001GB01</id>
		<id>COCD_TP000008GB01</id>
		<id>COCD_TP000010GB01</id>
		<id>COCD_TP000014GB01</id>
		<id>COCD_TP000015GB01</id>
		<id>COCD_TP000033GB01</id>
		<id>COCD_TP000034GB01</id>
		<id>COCD_TP000035GB01</id>
		<id>COCD_TP000036GB01</id>
		<id>COCD_TP000037GB01</id>
		<id>COCD_TP000038GB01</id>
		<id>COCD_TP000039GB01</id>
		<id>COCD_TP000040GB01</id>
		<id>COCD_TP000041GB01</id>
		<id>COCD_TP000042GB01</id>
		<id>COCD_TP000043GB01</id>
		<id>COCD_TP000044GB01</id>
		<id>COCD_TP000046GB01</id>
		<id>COCD_TP000064GB01</id>
		<id>COCD_TP000065GB01</id>
		<id>COCD_TP000067GB01</id>
		<id>COCD_TP000068GB01</id>
		<id>COCD_TP000069GB01</id>
		<id>COCD_TP000070GB01</id>
		<id>COCD_TP000071GB01</id>
		<id>COCD_TP000072GB01</id>
		<id>COCD_TP000073GB01</id>
		<id>COCD_TP000074GB01</id>
		<id>COCD_TP000075GB01</id>
		<id>COCD_TP000076GB01</id>
		<id>COCD_TP000077GB01</id>
		<id>COCD_TP000078GB01</id>
		<id>COCD_TP000079GB01</id>
		<id>COCD_TP000080GB01</id>
		<id>COCD_TP000081GB01</id>
		<id>COCD_TP000082GB01</id>
		<id>COCD_TP000083GB01</id>
		<id>COCD_TP000084GB01</id>
		<id>COCD_TP000085GB01</id>
		<id>COCD_TP000086GB01</id>
	</Template>
	<Template id="NPFIT-300001#Act" version="1.0" status="A">
		<comments>
			<auto-generated_for_wildcard/>
		</comments>
		<parentModel>
			<domain id="TEM">
				<id>COCD_TP000034GB01</id>
			</domain>
		</parentModel>
		<id>COCD_TP146062GB01</id>
	</Template>
	<Template id="NPFIT-300001#Role" version="2.0" status="A">
		<comments>Added Section Templates for version 2.0 of NPFIT-300001#Role.<auto-generated_for_wildcard/>
		</comments>
		<parentModel>
			<domain id="TEM">
				<!--<id>COCD_TP146062GB01</id>-->
				<id>COCD_TP000001GB01</id>
				<id>COCD_TP000008GB01</id>
				<id>COCD_TP000010GB01</id>
				<id>COCD_TP000014GB01</id>
				<id>COCD_TP000015GB01</id>
				<id>COCD_TP000033GB01</id>
				<id>COCD_TP000034GB01</id>
				<id>COCD_TP000035GB01</id>
				<id>COCD_TP000036GB01</id>
				<id>COCD_TP000037GB01</id>
				<id>COCD_TP000038GB01</id>
				<id>COCD_TP000039GB01</id>
				<id>COCD_TP000040GB01</id>
				<id>COCD_TP000041GB01</id>
				<id>COCD_TP000042GB01</id>
				<id>COCD_TP000043GB01</id>
				<id>COCD_TP000044GB01</id>
				<!--<id>COCD_TP000045GB01</id>-->
				<id>COCD_TP000046GB01</id>
				<id>COCD_TP000064GB01</id>
				<id>COCD_TP000065GB01</id>
				<id>COCD_TP000067GB01</id>
				<!--<id>COCD_TP146067GB01</id>-->
				<id>COCD_TP000068GB01</id>
				<id>COCD_TP000069GB01</id>
				<id>COCD_TP000070GB01</id>
				<id>COCD_TP000071GB01</id>
				<id>COCD_TP000072GB01</id>
				<id>COCD_TP000073GB01</id>
				<id>COCD_TP000074GB01</id>
				<id>COCD_TP000075GB01</id>
				<id>COCD_TP000076GB01</id>
				<id>COCD_TP000077GB01</id>
				<id>COCD_TP000079GB01</id>
				<id>COCD_TP000078GB01</id>
				<id>COCD_TP000080GB01</id>
				<id>COCD_TP000081GB01</id>
				<id>COCD_TP000082GB01</id>
				<id>COCD_TP000083GB01</id>
				<id>COCD_TP000084GB01</id>
				<id>COCD_TP000085GB01</id>
				<id>COCD_TP000086GB01</id>
				<id>COCD_TP146052GB01</id>
				<id>COCD_TP146053GB01</id>
				<id>COCD_TP146054GB01</id>
				<id>COCD_TP146057GB01</id>
				<id>COCD_TP146060GB01</id>
				<id>COCD_TP146060GB02</id>
				<id>COCD_TP146061GB01</id>
				<id>COCD_TP146062GB01</id>
				<id>COCD_TP146063GB02</id>
				<id>COCD_TP146066GB02</id>
				<id>COCD_TP146067GB01</id>
				<id>COCD_TP146088GB01</id>
			</domain>
		</parentModel>
		<id>COCD_TP145200GB01</id>
		<id>COCD_TP145207GB01</id>
		<id>COCD_TP145208GB01</id>
		<id>COCD_TP145212GB02</id>
	</Template>
	<Template id="NPFIT-000001#Role" version="1.0" status="A">
		<comments>Author Templates for PersonalCarePreference and CrisisCareObservation<auto-generated_for_wildcard/>
		</comments>
		<parentModel>
			<domain id="TEM">
				<id>COCD_TP146055GB01</id>
				<id>COCD_TP146056GB01</id>
				<id>COCD_TP146079GB01</id>
				<id>COCD_TP146083GB01</id>
				<id>COCD_TP146086GB01</id>
				<id>COCD_TP146087GB01</id>
			</domain>
		</parentModel>
		<id>COCD_TP145200GB01</id>
		<id>COCD_TP145207GB01</id>
		<id>COCD_TP145208GB01</id>
		<id>COCD_TP145212GB02</id>
	</Template>
	<Template id="NPFIT-000005#Role" version="1.0" status="A">
		<comments>Author Templates<auto-generated_for_wildcard/>
		</comments>
		<parentModel>
			<domain id="TEM">
				<id>COCD_TP146070GB01</id>
				<id>COCD_TP146071GB01</id>
				<id>COCD_TP146072GB01</id>
				<id>COCD_TP146074GB01</id>
				<id>COCD_TP146075GB01</id>
				<id>COCD_TP146076GB01</id>
				<id>COCD_TP146081GB01</id>
				<id>COCD_TP146084GB01</id>
				<id>COCD_TP146085GB01</id>
				<id>COCD_TP146093GB01</id>
			</domain>
		</parentModel>
		<id>COCD_TP145200GB01</id>
		<id>COCD_TP145207GB01</id>
		<id>COCD_TP145208GB01</id>
		<id>COCD_TP145212GB02</id>
	</Template>
	<Template id="NPFIT-000021#Role" version="1.0" status="A">
		<comments>Author Templates<auto-generated_for_wildcard/>
		</comments>
		<parentModel>
			<domain id="TEM">
				<id>COCD_TP146085GB01</id>
			</domain>
		</parentModel>
		<id>COCD_TP145210GB01</id>
		<id>COCD_TP145007UK04</id>
	</Template>
	<Template id="NPFIT-000192#Role" version="1.0" status="A">
		<comments>Author Templates for AdvanceDecisionToRefuseTreatment  <auto-generated_for_wildcard/>
		</comments>
		<parentModel>
			<domain id="TEM">
				<id>COCD_TP146059GB01</id>
				<id>COCD_TP146058GB01</id>
				<id>COCD_TP146073GB01</id>
				<id>COCD_TP146077GB01</id>
				<id>COCD_TP146078GB01</id>
				<id>COCD_TP146422GB02</id>
			</domain>
		</parentModel>
		<id>COCD_TP145200GB01</id>
		<id>COCD_TP145207GB01</id>
		<id>COCD_TP145208GB01</id>
		<id>COCD_TP145212GB02</id>
	</Template>
	<Template id="NPFIT-000002#Role" version="1.0" status="A">
		<comments>Informant Templates for PersonalCarePreference<auto-generated_for_wildcard/>
		</comments>
		<parentModel>
			<domain id="TEM">
				<id>COCD_TP146055GB01</id>
				<id>COCD_TP146056GB01</id>
				<id>COCD_TP146070GB01</id>
				<id>COCD_TP146071GB01</id>
				<id>COCD_TP146072GB01</id>
				<id>COCD_TP146074GB01</id>
				<id>COCD_TP146075GB01</id>
				<id>COCD_TP146077GB01</id>
				<id>COCD_TP146093GB01</id>
			</domain>
		</parentModel>
		<id>COCD_TP145210GB01</id>
		<id>COCD_TP145007UK03</id>
	</Template>
	<Template id="NPFIT-300003#Act" version="1.0" status="A">
		<comments>
			<auto-generated_for_wildcard/>
		</comments>
		<parentModel>
			<domain id="TEM">
				<id>COCD_TP000037GB01</id>
			</domain>
		</parentModel>
		<id>COCD_TP146063GB02</id>
	</Template>
	<Template id="NPFIT-300004#Act" version="2.0" status="A">
		<comments>
			<!--AllergicOrAdverseReactionEvent (COCD_TP146060GB01) added for backwards compatibility for version 2.0 of this constraint-->
			<auto-generated_for_wildcard/>
		</comments>
		<parentModel>
			<domain id="TEM">
				<id>COCD_TP000035GB01</id>
			</domain>
		</parentModel>
		<id>COCD_TP146060GB01</id>
		<id>COCD_TP146060GB02</id>
		<id>COCD_TP146061GB01</id>
	</Template>
	<Template id="NPFIT-300005#Act" version="1.0" status="A">
		<comments>
			<auto-generated_for_wildcard/>
		</comments>
		<parentModel>
			<domain id="TEM">
				<id>COCD_TP000038GB01</id>
			</domain>
		</parentModel>
		<id>COCD_TP146066GB02</id>
	</Template>
	<Template id="NPFIT-300006#Act" version="1.0" status="A">
		<comments>
			<auto-generated_for_wildcard/>
		</comments>
		<parentModel>
			<domain id="TEM">
				<id>COCD_TP000036GB01</id>
			</domain>
		</parentModel>
		<id>COCD_TP146067GB01</id>
	</Template>
	<!--New constraints added for End of Life Structured Headings-->
	<Template id="NPFIT-300008#Act" version="2.0" status="A">
		<comments>Removed  EoLCarePlan (COCD_TP146077GB01) and Removed  SignificantPastMedicalHistory (COCD_TP146083GB01) for version 2.0.<auto-generated_for_wildcard/>
		</comments>
		<parentModel>
			<domain id="TEM">
				<id>COCD_TP000085GB01</id>
			</domain>
		</parentModel>
		<id>COCD_TP146422GB02</id>
		<id>COCD_TP146057GB01</id>
		<id>COCD_TP146056GB01</id>
		<id>COCD_TP146073GB01</id>
	</Template>
	<Template id="NPFIT-300009#Act" version="2.0" status="A">
		<comments>
			<auto-generated_for_wildcard/>
		</comments>
		<parentModel>
			<domain id="TEM">
				<id>COCD_TP000010GB01</id>
			</domain>
		</parentModel>
		<id>COCD_TP146072GB01</id>
	</Template>
	<Template id="NPFIT-300010#Act" version="1.0" status="A">
		<comments>
			<auto-generated_for_wildcard/>
		</comments>
		<parentModel>
			<domain id="TEM">
				<id>COCD_TP000037GB01</id>
			</domain>
		</parentModel>
		<id>COCD_TP146063GB02</id>
	</Template>
	<Template id="NPFIT-300011#Act" version="1.0" status="A">
		<comments>
			<auto-generated_for_wildcard/>
		</comments>
		<parentModel>
			<domain id="TEM">
				<id>COCD_TP000044GB01</id>
			</domain>
		</parentModel>
		<id>COCD_TP146059GB01</id>
		<id>COCD_TP146058GB01</id>
		<id>COCD_TP146070GB01</id>
		<id>COCD_TP146071GB01</id>
		<id>COCD_TP146093GB01</id>
	</Template>
	<Template id="NPFIT-300012#Act" version="1.0" status="A">
		<comments>
			<auto-generated_for_wildcard/>
		</comments>
		<parentModel>
			<domain id="TEM">
				<id>COCD_TP000040GB01</id>
			</domain>
		</parentModel>
		<id>COCD_TP146052GB01</id>
		<id>COCD_TP146053GB01</id>
		<id>COCD_TP146054GB01</id>
	</Template>
	<Template id="NPFIT-300013#Act" version="2.0" status="A">
		<comments>RiskToPatient (COCD_TP146081GB01) has been removed, however, we shall add COCD_TP146063GB02-Diagnosis.mif and COCD_TP146066GB02-Procedure.mif to the history section.<auto-generated_for_wildcard/>
		</comments>
		<parentModel>
			<domain id="TEM">
				<id>COCD_TP000064GB01</id>
			</domain>
		</parentModel>
		<id>COCD_TP146063GB02</id>
		<id>COCD_TP146066GB02</id>
	</Template>
	<Template id="NPFIT-300014#Act" version="2.0" status="A">
		<comments>
			<auto-generated_for_wildcard/>
		</comments>
		<parentModel>
			<domain id="TEM">
				<id>COCD_TP000039GB01</id>
			</domain>
		</parentModel>
		<id>COCD_TP146081GB01</id>
		<id>COCD_TP146084GB01</id>
		<id>COCD_TP146086GB01</id>
	</Template>
	<Template id="NPFIT-300015#Act" version="1.0" status="A">
		<comments>
			<auto-generated_for_wildcard/>
		</comments>
		<parentModel>
			<domain id="TEM">
				<id>COCD_TP000043GB01</id>
			</domain>
		</parentModel>
		<id>COCD_TP146074GB01</id>
		<id>COCD_TP146075GB01</id>
		<id>COCD_TP146076GB01</id>
		<id>COCD_TP146079GB01</id>
		<id>COCD_TP146085GB01</id>
	</Template>
	<!--<Template id="NPFIT-300016#Act" version="1.0" status="A">
		<comments>
			<auto-generated_for_wildcard/>
		</comments>
		<parentModel>
			<domain id="TEM">
				<id>COCD_TP000082GB01</id>
			</domain>
		</parentModel>
		<id>CTBA_TP999999GB01</id>
	</Template>-->
	<Template id="NPFIT-300017#Act" version="1.0" status="A">
		<comments>
			<auto-generated_for_wildcard/>
		</comments>
		<parentModel>
			<domain id="TEM">
				<id>COCD_TP000086GB01</id>
			</domain>
		</parentModel>
		<id>COCD_TP146077GB01</id>
		<id>COCD_TP146078GB01</id>
	</Template>
	<!--Consent Coded Choice-->
	<!--	<Template id="NPFIT-300018#Act" version="1.0" status="A">
		<comments>
			<auto-generated_for_wildcard/>
		</comments>
		<parentModel>
			<domain id="TEM">
				<id>COCD_TP146226GB02</id>
				-->
	<!--NOTE THIS TEMPLATE MAY GET UPVERSIONED-->
	<!--
			</domain>
		</parentModel>
		<id>CTBA_TP999999GB01</id>
	</Template>-->
	<!--Added 24/06/2016-->
	<Template id="NPFIT-000091#Role" version="1.0" status="A">
		<comments>
			<auto-generated_for_wildcard/>
		</comments>
		<parentModel>
			<domain id="TEM">
				<id>COCD_TP146227GB02</id>
			</domain>
		</parentModel>
		<id>COCD_TP145210GB01</id>
		<id>COCD_TP145212GB02</id>
	</Template>
	<Template id="NPFIT-300004#Role" version="1.0" status="A">
		<comments>
			<auto-generated_for_wildcard/>
		</comments>
		<parentModel>
			<domain id="TEM">
				<id>COCD_TP146067GB01</id>
			</domain>
		</parentModel>
		<id>COCD_TP145243GB01</id>
	</Template>
	<Template id="NPFIT-300020#Act" version="1.0" status="A">
		<comments>
			<auto-generated_for_wildcard/>
		</comments>
		<parentModel>
			<domain id="TEM">
				<id>COCD_TP146052GB01</id>
				<id>COCD_TP146088GB01</id>
			</domain>
		</parentModel>
		<id>COCD_TP146063GB02</id>
	</Template>
	<Template id="NPFIT-300021#Act" version="1.0" status="A">
		<comments>
			<auto-generated_for_wildcard/>
		</comments>
		<parentModel>
			<domain id="TEM">
				<id>COCD_TP146073GB01</id>
			</domain>
		</parentModel>
		<id>COCD_TP146088GB01</id>
	</Template>
	<Template id="NPFIT-300022#Act" version="2.0" status="A">
		<comments>Removed PatientDeathInformation (COCD_TP146078GB01) for version 2.0<auto-generated_for_wildcard/>
		</comments>
		<parentModel>
			<domain id="TEM">
				<id>COCD_TP000084GB01</id>
			</domain>
		</parentModel>
		<id>COCD_TP146055GB01</id>
		<id>COCD_TP146087GB01</id>
	</Template>
	<Template id="NPFIT-300023#Act" version="1.0" status="A">
		<comments>The SignificantPastMedicalHistory (COCD_TP146083GB01) was removed from CrisisCarePlanSection (COCD_TP000085GB01) NPFIT-300008#Act, as it should actually be in the RelevantPastMedicalSurgicalAndMentalHealthHistorySection (COCD_TP000083GB01).<auto-generated_for_wildcard/>
		</comments>
		<parentModel>
			<domain id="TEM">
				<id>COCD_TP000083GB01</id>
			</domain>
		</parentModel>
		<id>COCD_TP146083GB01</id>
	</Template>
	<!--<Template id="NPFIT-000014#Role" version="3.0" status="A" derivedFrom="NPFIT-900008#Role">
		<ChangeHistory>
			<p>Version 3.0 added ADM, HSC and DIG</p>
		</ChangeHistory>
		<comments>
			<p>Custodian Organisation Templates</p>
		</comments>
		<parentModel>
			<domain id="NUL">
				<id>POCD_MT130001UK05</id>
			</domain>
			<domain id="HLP">
				<id>POCD_MT140001UK05</id>
			</domain>
			<domain id="DIS">
				<id>POCD_MT150001UK06</id>
			</domain>
			<domain id="OOH">
				<id>POCD_MT020001UK01</id>
			</domain>
			<domain id="EDT">
				<id>POCD_MT160001UK06</id>
			</domain>
			<domain id="OPS">
				<id>POCD_MT170001UK06</id>
			</domain>
			<domain id="SES">
				<id>POCD_MT180001UK05</id>
				<id>POCD_MT180002UK02</id>
				<id>POCD_MT180003UK02</id>
			</domain>
			<domain id="MHS">
				<id>POCD_MT060001UK01</id>
				<id>POCD_MT060002UK01</id>
				<id>POCD_MT060003UK01</id>
				<id>POCD_MT060004UK01</id>
			</domain>
			<domain id="ADM">
				<id>POCD_MT040001UK01</id>
			</domain>
			<domain id="HSC">
				<id>POCD_MT010001UK01</id>
				<id>POCD_MT010002UK01</id>
				<id>POCD_MT010003UK01</id>
				<id>POCD_MT010004UK01</id>
				<id>POCD_MT010005UK01</id>
			</domain>
			<domain id="ABM">
				<id>POCD_MT030001UK01</id>
			</domain>
			<domain id="DIG">
				<id>POCD_MT050001UK01</id>
			</domain>
			<domain id="NHD">
				<id>POCD_MT070001UK01</id>
			</domain>
		</parentModel>
		<id>COCD_TP145018UK03</id>
	</Template>
	<Template id="NPFIT-000081#Role" version="1.0" status="A">
		<ChangeHistory>
			<p>Version 1: Author constraints added - universal templates only</p>
		</ChangeHistory>
		<comments>
			<font color="black">Author Templates</font>
			<br/>
		</comments>
		<parentModel>
			<domain id="TEM">
				<id>COCD_TP146297GB01</id>
			</domain>
		</parentModel>
		<id>COCD_TP145200GB01</id>
		<id>COCD_TP145208GB01</id>
		<id>COCD_TP145212GB02</id>
		<id>COCD_TP145207GB01</id>
	</Template>-->
	<!--<Template id="NPFIT-300004#Role" version="1.0" status="A">
		<comments>
			<auto-generated_for_wildcard/>
		</comments>
		<parentModel>
			<domain id="TEM">
				<id>COCD_TP146067GB01</id>
			</domain>
		</parentModel>
		<id>COCD_TP145243GB01</id>
	</Template>-->
</Templates>
