<ReferralRequest xmlns="http://hl7.org/fhir"><id value="ae745610-e3c4-4a8c-b321-830b9d624f51" /><meta><profile value="http://fhir.nhs.net/StructureDefinition/adw-referral-request-accepted-1-0" /></meta><status value="accepted" /><identifier><value value="311fcae7-32a7-4a8e-a15c-eebae3a246b9" /></identifier><patient><reference value="Patient/feda987e-c482-4c27-9d2a-943fdf6b3714" /></patient><requester><reference value="Practitioner/5295add6-6fc3-47aa-ad4a-4dc14911154d" /></requester><recipient><reference value="Organization/bb8d8c2b-30f8-4567-83aa-e127a16c5122" /></recipient><encounter><reference value="Encounter/1dc3c1fc-9b5a-433e-849a-fc2a78640caf" /></encounter></ReferralRequest>