<MessageHeader xmlns="http://hl7.org/fhir"><id value="f30279eb-939c-4d46-804e-9a13fa7ce8a1" /><meta><profile value="http://fhir.nhs.net/StructureDefinition/adw-assessment-notice-accept-response-message-header-1-0" /></meta><timestamp value="2016-07-25T12:30:00+00:00" /><event><system value="http://fhir.nhs.net/ValueSet/adw-message-event-1-0" /><code value="975711000000108" /></event><response><identifier value="5bfa2a2e-923b-440d-82d6-38e24b666be6" /><code value="ok" /></response><source><name value="Local Authority Sending System" /><endpoint value="urn:nhs-uk:addressing:ods:V396BB" /></source><destination><name value="Hospital Receiving System" /><endpoint value="urn:nhs-uk:addressing:ods:RFM" /></destination><author><reference value="Practitioner/9255f4e3-d65d-4b96-8b8e-586e9f8e9828" /></author><receiver><reference value="Practitioner/5295add6-6fc3-47aa-ad4a-4dc14911154d" /></receiver><reason><coding><system value="http://fhir.nhs.net/ValueSet/adw-assessment-notice-accept-reason-1-0" /><code value="OFT" /></coding><text value="Referred patient." /></reason><data><reference value="ReferralRequest/ae745610-e3c4-4a8c-b321-830b9d624f51" /></data></MessageHeader>