<Organization xmlns="http://hl7.org/fhir"><id value="bb8d8c2b-30f8-4567-83aa-e127a16c5122" /><meta><profile value="http://fhir.nhs.net/StructureDefinition/adw-social-services-team-organization-1-0" /></meta><type><coding><system value="http://hl7.org/fhir/ValueSet/organization-type" /><code value="other" /><display value="Other" /></coding><text value="Local Authority Social Services' department Community Team" /></type><name value="Social Services' Community Team" /><partOf><reference value="Organization/f4f89d27-8e5e-44a3-95d2-e3301b7d1420" /><display value="Hebburn Social Services" /></partOf></Organization>