<Location xmlns="http://hl7.org/fhir"><id value="24ff27b4-d2f4-4a3c-9858-b8d37dd3abeb" /><meta><profile value="http://fhir.nhs.net/StructureDefinition/adw-location-1-0" /></meta><identifier><use value="official" /><system value="http://fhir.nhs.net/Id/ods-organization-code" /><value value="RFM7C7" /></identifier><name value="Collier Ward" /><managingOrganization><reference value="Organization/e3453363-1887-4b98-a12b-60f5852e0a2b" /><display value="Hebburn Hospital" /></managingOrganization></Location>