<Practitioner xmlns="http://hl7.org/fhir"><id value="9255f4e3-d65d-4b96-8b8e-586e9f8e9828" /><meta><profile value="http://fhir.nhs.net/StructureDefinition/adw-practitioner-1-0" /></meta><name><family value="Jones" /><given value="Lee" /></name><telecom><system value="phone" /><value value="0191223888" /><use value="work" /></telecom><telecom><system value="email" /><value value="lee.jones@nhs.net" /><use value="work" /></telecom><practitionerRole><managingOrganization><reference value="Organization/bb8d8c2b-30f8-4567-83aa-e127a16c5122" /><display value="Hebburn Social Services Community Team" /></managingOrganization><role><coding><system value="http://fhir.nhs.net/ValueSet/job-role-name-1-0" /><code value="NR1340" /><display value="Approved Social Worker" /></coding><text value="Local Authority Contact (Social Worker)" /></role></practitionerRole></Practitioner>