<Patient xmlns="http://hl7.org/fhir"><id value="feda987e-c482-4c27-9d2a-943fdf6b3714" /><meta><profile value="http://fhir.nhs.net/StructureDefinition/adw-patient-1-0" /></meta><identifier><use value="official" /><type><coding><system value="http://fhir.nhs.net/ValueSet/nhs-number-status-indicator-1-0" /><code value="01" /><display value="Number present and verified" /></coding></type><system value="http://fhir.nhs.net/Id/nhs-number" /><value value="9413946000" /></identifier><identifier><system value="http://fhir.nhs.net/Id/hospital-patient-identifier" /><value value="A1234521" /><assigner><reference value="Organization/e3453363-1887-4b98-a12b-60f5852e0a2b" /><display value="Hebburn Hospital" /></assigner></identifier><name><family value="Jones" /><given value="Barry" /></name><gender value="male" /><birthDate value="1941-01-01" /><managingOrganization><reference value="Organization/e3453363-1887-4b98-a12b-60f5852e0a2b" /><display value="Hebburn Hospital" /></managingOrganization></Patient>