<Encounter xmlns="http://hl7.org/fhir"><id value="1dc3c1fc-9b5a-433e-849a-fc2a78640caf" /><meta><profile value="http://fhir.nhs.net/StructureDefinition/adw-response-encounter-1-0" /></meta><identifier><value value="2562b8b6-c0db-424a-8c6b-0fa43b0d6c2f" /></identifier><status value="in-progress" /><class value="inpatient" /><patient><reference value="Patient/feda987e-c482-4c27-9d2a-943fdf6b3714" /></patient><location><location><reference value="Location/24ff27b4-d2f4-4a3c-9858-b8d37dd3abeb" /></location></location><serviceProvider><reference value="Organization/e3453363-1887-4b98-a12b-60f5852e0a2b" /></serviceProvider></Encounter>