<Practitioner xmlns="http://hl7.org/fhir"><id value="5295add6-6fc3-47aa-ad4a-4dc14911154d" /><meta><profile value="http://fhir.nhs.net/StructureDefinition/adw-practitioner-1-0" /></meta><name><family value="Gulliver" /><given value="Leticia" /></name><telecom><system value="phone" /><value value="0191223344" /><use value="work" /></telecom><telecom><system value="email" /><value value="leticia.gulliver@nhs.net" /><use value="work" /></telecom><practitionerRole><managingOrganization><reference value="Organization/e3453363-1887-4b98-a12b-60f5852e0a2b" /><display value="Hebburn Hospital" /></managingOrganization><role><coding><system value="http://fhir.nhs.net/ValueSet/job-role-name-1-0" /><code value="NR2060" /><display value="Discharge coordinator" /></coding><text value="Hospital Liaison" /></role></practitionerRole></Practitioner>