<?xml version="1.0" encoding="UTF-8"?>
<snomed>
	<code code="182836005" type="Act">
		<name>Review of medication</name>
	</code>
	<code code="60621009" type="Act">
		<name>DeviceReadBodyMassIndex</name>
	</code>
	<code code="75367002" type="Act">
		<name>DeviceReadBloodPressure</name>
	</code>
	<code code="50373000" type="Act">
		<name>DeviceReadHeight</name>
	</code>
	<code code="6797001" type="Act">
		<name>DeviceReadMeanBloodPressure</name>
	</code>
	<code code="365811003" type="Act">
		<name>DeviceReadTestResult</name>
	</code>
	<code code="27113001" type="Act">
		<name>DeviceReadWeightx</name>
	</code>
	<code code="386725007" type="Act">
		<name>DeviceReadBodyTemperature</name>
	</code>
	<code code="78564009" type="Act">
		<name>DeviceReadPulse</name>
	</code>
	<code code="185381000000106" type="Act">
		<name>Patient informed of discontinuation of medication</name>
	</code>
	<code code="274512008" type="Act">
		<name>Drug therapy discontinued</name>
	</code>
	<code code="196971000000103" type="Event">
		<name>General Practice Initial Summary</name>
	</code>
	<code code="196981000000101" type="Event">
		<name>General Practice Summary</name>
	</code>
	<code code="181301000000103" type="Act">
		<name>Abstract problem node</name>
	</code>
	<code code="416586004" type="Act">
		<name>Has problem name</name>
	</code>
	<code code="416271009" type="Act">
		<name>Has problem member</name>
	</code>
	<code code="181311000000101" type="Act">
		<name>Problem link</name>
	</code>
	<code code="222671000000103" type="Act">
		<name>Acute medication</name>
	</code>
	<code code="222681000000101" type="Act">
		<name>Repeat medication</name>
	</code>
	<code code="222691000000104" type="Act">
		<name>Discontinued repeat medication</name>
	</code>
	<code code="222701000000104" type="Act">
		<name>Risk to patient</name>
	</code>
	<code code="18629005" type="Act">
		<name>Administration of medication</name>
	</code>
	<code code="271650006" type="Act">
		<name>Diastolic blood pressure</name>
	</code>
	<code code="271649006" type="Act">
		<name>Systolic blood pressure</name>
	</code>
	<code code="246205007" type="Act">
		<name>Quantity</name>
	</code>
	<code code="228864003" type="Act">
		<name>Duration of course of treatment</name>
	</code>
	<code code="416308001" type="Act">
		<name>Refused consent for upload to national shared electronic record</name>
	</code>
	<code code="185291000000100" type="Act">
		<name>Emergency Department Event</name>
	</code>
	<code code="163381000000105" type="Act">
		<name>Outpatient Clinic Attendance</name>
	</code>
	<code code="163391000000107" type="Act">
		<name>Discharge from Inpatient Care</name>
	</code>
	<code code="163141000000104" type="CareRecordElement">
		<name>Investigation Results</name>
	</code>
	<code code="163091000000105" type="CareRecordElement">
		<name>Administrative Procedures</name>
	</code>
	<code code="75367002" type="Act">
		<name>Blood pressure</name>
	</code>
	<code code="107724000" type="Act">
		<name>Patient transfer</name>
	</code>
	<code code="283281000000100" type="Act">
		<name>HealthSpace Summary</name>
	</code>
	<code code="16521000000101" type="Act">
		<name>Lloyd George record folder</name>
	</code>
	<code code="246435002" type="Act">
		<name>Number of fetuses</name>
	</code>
	<code code="268477000" type="Act">
		<name>Fetal gestation at delivery</name>
	</code>
	<code code="364589006" type="Act">
		<name>Birth weight</name>
	</code>
	<code code="237364002" type="Act">
		<name>Stillbirth</name>
	</code>
	<code code="66091009" type="Act">
		<name>Congenital disease</name>
	</code>
	<code code="285101000000100" type="Act">
		<name>Refusal To Seal Document</name>
	</code>
	<code code="314530002" type="Act">
		<name>Medication review done</name>
	</code>
	<code code="314529007" type="Act">
		<name>Medication review due</name>
	</code>
	<code code="305056002" type="Act">
		<name>Admission procedure</name>
	</code>
	<code code="226081000000107" type="Act">
		<name>Gestational age</name>
	</code>
	<code code="21840007" type="Act">
		<name>Date of last menstrual period</name>
	</code>
	<code code="16310003" type="Act">
		<name>Ultrasonography</name>
	</code>
	<code code="193831000000104" type="Act">
		<name>Pathology Request Event</name>
	</code>
	<code code="197431000000109" type="Act">
		<name>Laboratory report</name>
	</code>
	<code code="197421000000107" type="Act">
		<name>isolate identified</name>
	</code>
	<code code="225426007" type="Act">
		<name>Administration of theraputic substance</name>
	</code>
	<code code="243788004" type="Act">
		<name>NewBornPhysicalExamination</name>
	</code>
	<code code="170205006" type="Act">
		<name>HipsExamination</name>
	</code>
	<code code="170203004" type="Act">
		<name>HeartExamination</name>
	</code>
	<code code="170195005" type="Act">
		<name>EyesExamination</name>
	</code>
	<code code="170209000" type="Act">
		<name>TestesExamination</name>
	</code>
	<code code="426903000" type="Act">
		<name>HipsUltraSound</name>
	</code>
	<code code="428447008" type="Act">
		<name>HBloodSpotScreening</name>
	</code>
	<code code="314081000" type="Act">
		<name>PKUScreening</name>
	</code>
	<code code="442186003" type="Act">
		<name>SCDScreening</name>
	</code>
	<code code="314080004" type="Act">
		<name>CFScreening</name>
	</code>
	<code code="400984005" type="Act">
		<name>CHTScreening</name>
	</code>
	<code code="428056008" type="Act">
		<name>MCADDScreening</name>
	</code>
	<code code="417491009" type="Act">
		<name>NewBornHearingScreening</name>
	</code>
	<code code="252957005" type="Act">
		<name>AudiologyTest</name>
	</code>
	<code code="405180000" type="Act">
		<name>AudiologyTestFinding</name>
	</code>
	<code code="309619003" type="Act">
		<name>AudiologyReferral</name>
	</code>
	<code code="382391000000106" type="Act">
		<name>BirthOrder</name>
	</code>
	<code code="246435002" type="Act">
		<name>NoOfFoetusInConfinement</name>
	</code>
	<code code="364589006" type="Act">
		<name>BirthWeight</name>
	</code>
	<code code="866371000000107" type="Act">
		<name>Child Screening Report</name>
	</code>
	<code code="305056002" type="Act">
		<name>Admission</name>
	</code>
	<code code="439401001" type="Act">
		<name>Diagnosis</name>
	</code>
	<code code="116223007" type="Act">
		<name>Complication</name>
	</code>
	<code code="58000006" type="Act">
		<name>Patient discharge</name>
	</code>
	<!--New codes added for Section Templates in Crisis Care Extract DMS-->
	<code code="717121000000105" type="Act">
		<name>HistorySection</name>
	</code>
	<code code="886781000000108" type="Act">
		<name>AdmissionDetailsSection</name>
	</code>
	<code code="886921000000105" type="Act">
		<name>AllergiesAndAdverseReactionsSection</name>
	</code>
	<code code="887141000000103" type="Act">
		<name>AssessmentScalesSection</name>
	</code>
	<code code="887181000000106" type="Act">
		<name>ClinicalSummarySection</name>
	</code>
	<code code="887161000000102" type="Act">
		<name>DiagnosesSection</name>
	</code>
	<code code="886811000000106" type="Act">
		<name>DischargeDetailsSection</name>
	</code>
	<code code="887221000000101" type="Act">
		<name>InformationGivenSection</name>
	</code>
	<code code="887191000000108" type="Act">
		<name>InvestigationsAndResultsSection</name>
	</code>
	<code code="886961000000102" type="Act">
		<name>LegalInformationSection</name>
	</code>
	<code code="933361000000108" type="Act">
		<name>MedicationsAndMedicalDevicesSection</name>
	</code>
	<code code="933361000000108" type="Act">
		<name>MedicationsAndMedicalDevicesSection</name>
	</code>
	<code code="886751000000102" type="Act">
		<name>ParticipationInResearchSection</name>
	</code>
	<code code="887131000000107" type="Act">
		<name>PatientAndCarerConcernsSection</name>
	</code>
	<code code="887231000000104" type="Act">
		<name>PersonCompletingRecordSection</name>
	</code>
	<code code="887201000000105" type="Act">
		<name>PlanAndRequestedActionsSection</name>
	</code>
	<code code="887171000000109" type="Act">
		<name>ProceduresSection</name>
	</code>
	<code code="886931000000107" type="Act">
		<name>SafetyAlertsSection</name>
	</code>
	<code code="887051000000101" type="Act">
		<name>SocialContextSection</name>
	</code>
	<code code="886741000000100" type="Act">
		<name>SpecialRequirementsSection</name>
	</code>
	<!--New codes added for Section Templates in End of Life DMS-->
	<code code="886791000000105" type="Act">
		<name>HandoverDetailsSection</name>
	</code>
	<code code="886801000000109" type="Act">
		<name>OutpatientDetailsSection</name>
	</code>
	<code code="886821000000100" type="Act">
		<name>RelevantClinicalRiskFactorsSection</name>
	</code>
	<code code="886851000000105" type="Act">
		<name>ReasonForContactSection</name>
	</code>
	<code code="886891000000102" type="Act">
		<name>PresentingComplaintsOrIssuesSection </name>
	</code>
	<code code="887111000000104" type="Act">
		<name>FamilyHistorySection</name>
	</code>
	<code code="887121000000105" type="Act">
		<name>ReviewOfSystemsSection</name>
	</code>
	<code code="715851000000102" type="Act">
		<name>ExaminationFindingsSection</name>
	</code>
	<code code="887151000000100" type="Act">
		<name>ProblemsAndIssuesSection</name>
	</code>
	<code code="887211000000107" type="Act">
		<name>OutstandingIssuesSection </name>
	</code>
	<code code="887241000000108" type="Act">
		<name>PersonHandingOverSection</name>
	</code>
	<code code="887251000000106" type="Act">
		<name>PersonReceivingHandoverSection</name>
	</code>
	<code code="887261000000109" type="Act">
		<name>DistributionListSection</name>
	</code>
	<code code="886721000000107" type="Act">
		<name>ReferralDetailsSection</name>
	</code>
	<code code="1052901000000109" type="Act">
		<name>IndividualRequirementsSection</name>
	</code>
	<code code="933271000000106" type="Act">
		<name>RelevantPastMedicalSurgicalAndMentalHealthHistorySection</name>
	</code>
	<code code="325681000000102" type="Act">
		<name>CrisisCarePlanSection</name>
	</code>
	<code code="935921000000102" type="Act">
		<name>EndOfLifeSection</name>
	</code>
	<code code="935921000000102" type="Act">
		<name>EndOfLifeSection</name>
	</code>
	<code code="182838006" type="Act">
		<name>MedicationChangeSummary</name>
	</code>
	<code code="18629005" type="Act">
		<name>MedicationItem</name>
	</code>
	<code code="447487007" type="Act">
		<name>AdministrationMethod</name>
	</code>
	<code code="408102007" type="Act">
		<name>DoseAmount</name>
	</code>
	<code code="410675002" type="Act">
		<name>RouteOfAdministration</name>
	</code>
	<code code="410665000" type="Act">
		<name>ChangeIndication</name>
	</code>
	<code code="170967006" type="Act">
		<name>Prognosis</name>
	</code>
	<code code="373784005" type="Act">
		<name>MedicationItem</name>
	</code>
	<code code="921551000000101" type="Act">
		<name>InformedOfDecision</name>
	</code>
</snomed>
