<ValueSet xmlns="http://hl7.org/fhir"><meta><lastUpdated value="2016-07-13T09:00:00+00:00" /></meta><url value="http://fhir.nhs.net/ValueSet/adw-assessment-notice-accept-reason-1-0" /><name value="ADW Assessment Notice Accept Reason" /><status value="active" /><publisher value="Health and Social Care Information Centre" /><contact><telecom><system value="email" /><value value="information.standards@hscic.gov.uk" /><use value="work" /></telecom></contact><description value="A vocabulary that identifies the reason for accepting an Assessment Notice" /><requirements value="This vocabulary contains values to be selected to set the notice type for a patient's referral." /><codeSystem><system value="http://fhir.nhs.net/ValueSet/adw-assessment-notice-accept-reason-1-0" /><concept><code value="OFT" /><display value="Other - Free Text" /></concept></codeSystem></ValueSet>