<Encounter xmlns="http://hl7.org/fhir"><id value="fd60ffd5-3e41-4b68-aa62-37f5407d8c03" /><meta><profile value="http://fhir.nhs.net/StructureDefinition/adw-encounter-1-0" /></meta><status value="in-progress" /><class value="inpatient" /><priority><coding><system value="http://fhir.nhs.net/ValueSet/adw-admission-type-1-0" /><code value="13" /><display value="Planned" /></coding></priority><patient><reference value="Patient/bc3027a7-924c-44b5-8f1b-bfd5266c6905" /></patient><period><start value="2016-07-14T09:00:00+00:00" /></period><hospitalization><admittingDiagnosis><reference value="QuestionnaireResponse/fd60ffd5-3e41-4b68-aa62-37f5407d8c03" /></admittingDiagnosis></hospitalization><serviceProvider><reference value="Organization/1ebc76fd-9612-4c72-81dd-de294a0e7287" /></serviceProvider></Encounter>