<Organization xmlns="http://hl7.org/fhir"><id value="ce114cdd-cfeb-4533-b3c4-3c0dd450b25c" /><meta><profile value="http://fhir.nhs.net/StructureDefinition/adw-organisation-1-0" /></meta><identifier><use value="official" /><system value="http://fhir.nhs.net/Id/ods-organization-code" /><value value="RFM7C7" /></identifier><type><coding><system value="http://hl7.org/fhir/ValueSet/organization-type" /><code value="prov" /><display value="Healthcare Provider" /></coding><text value="Hospital ward" /></type><name value="Ward 5" /><partOf><reference value="Organization/1ebc76fd-9612-4c72-81dd-de294a0e7287" /><display value="Hebburn Hospital" /></partOf></Organization>