<Practitioner xmlns="http://hl7.org/fhir"><id value="be4f73b4-2969-4ae8-8ff1-e2e798967f91" /><meta><profile value="http://fhir.nhs.net/StructureDefinition/adw-practitioner-1-0" /></meta><name><use value="official" /><family value="Stibbs" /><given value="Nigel" /><prefix value="Dr" /></name><practitionerRole><managingOrganization><reference value="Organization/1ebc76fd-9612-4c72-81dd-de294a0e7287" /><display value="Hebburn Hospital" /></managingOrganization><role><coding><system value="http://fhir.nhs.net/ValueSet/job-role-name-1-0" /><code value="NR0050" /><display value="Consultant" /></coding><text value="Lead Clinician" /></role></practitionerRole></Practitioner>