<ReferralRequest xmlns="http://hl7.org/fhir"><id value="37c1099d-638c-4970-bcc6-539403f6ca8e" /><meta><profile value="http://fhir.nhs.net/StructureDefinition/adw-referralrequest-1-0" /></meta><status value="requested" /><identifier><value value="311fcae7-32a7-4a8e-a15c-eebae3a246b9" /></identifier><patient><reference value="Patient/bc3027a7-924c-44b5-8f1b-bfd5266c6905" /></patient><requester><reference value="Practitioner/5b5d3bab-c1bb-434a-ab0d-82c4860bb098" /></requester><recipient><reference value="Organization/ac831651-0ed4-4b25-97d9-2f204a51c182" /></recipient><encounter><reference value="Encounter/TBAe" /></encounter><supportingInformation><reference value="QuestionnaireResponse/9c7eb664-d257-4250-aee2-20ad202919e8" /></supportingInformation></ReferralRequest>