<Organization xmlns="http://hl7.org/fhir"><id value="dab4b872-e000-42ec-bd4e-0d804fc3b92e" /><meta><profile value="http://fhir.nhs.net/StructureDefinition/adw-organisation-1-0" /></meta><identifier><use value="official" /><system value="http://fhir.nhs.net/Id/ods-organization-code" /><value value="V396AA" /></identifier><type><coding><system value="http://hl7.org/fhir/ValueSet/organization-type" /><code value="other" /><display value="Other" /></coding><text value="Local Authority Social Services department" /></type><name value="Hebburn Social Services" /></Organization>