<Patient xmlns="http://hl7.org/fhir"><id value="bc3027a7-924c-44b5-8f1b-bfd5266c6905" /><meta><profile value="http://fhir.nhs.net/StructureDefinition/adw-patient-1-0" /></meta><identifier><use value="official" /><type><coding><system value="http://fhir.nhs.net/ValueSet/nhs-number-status-indicator-1-0" /><code value="01" /><display value="Number present and verified" /></coding></type><system value="http://fhir.nhs.net/Id/nhs-number" /><value value="9413946000" /></identifier><identifier><system value="http://fhir.nhs.net/Id/hospital-reference-number" /><value value="A1234521" /><assigner><reference value="Organization/1ebc76fd-9612-4c72-81dd-de294a0e7287" /><display value="Hebburn Hospital" /></assigner></identifier><name><text value="Barry Jones" /><family value="Jones" /><given value="Barry" /></name><telecom><system value="phone" /><value value="0113554466" /></telecom><telecom><system value="email" /><value value="barryJ@googlemail.com" /></telecom><gender value="male" /><birthDate value="1941-01-01" /><address><use value="home" /><type value="both" /><text value="1, Little Street, Chapeltown, Leeds, West Yorkshire LS6 1UR" /><line value="1 Little Street" /><line value="Chapeltown" /><city value="Leeds" /><district value="West Yorkshire" /><postalCode value="LS6 1UR" /></address><contact><relationship><coding><system value="http://hl7.org/fhir/ValueSet/patient-contact-relationship" /><code value="caregiver" /><display value="Caregiver" /></coding></relationship><name><text value="Sandra Bloom" /><family value="Bloom" /><given value="Sandra" /></name><telecom><system value="phone" /><value value="0113237656" /></telecom><telecom><system value="email" /><value value="Sbloom123@yahoo.com" /></telecom><address><use value="home" /><type value="both" /><text value="1, Little Street, Chapeltown, Leeds, West Yorkshire LS6 1UR" /><line value="1 Little Street" /><line value="Chapeltown" /><city value="Leeds" /><district value="West Yorkshire" /><postalCode value="LS6 1UR" /></address></contact><communication><extension url="http://fhir.nhs.net/StructureDefinition/extension-interpreter-required-1-0"><valueBoolean value="false" /></extension><language><coding><system value="http://fhir.nhs.net/ValueSet/human-language-1-0.html" /><code value="en" /><display value="English" /></coding></language><preferred value="true" /></communication><managingOrganization><reference value="Organization/1ebc76fd-9612-4c72-81dd-de294a0e7287" /><display value="Hebburn Hospital" /></managingOrganization></Patient>