<Practitioner xmlns="http://hl7.org/fhir"><id value="4BFCA0EF-85D0-4C5E-B662-D4910BB83D82" /><meta><profile value="http://fhir.nhs.net/StructureDefinition/dds-report-health-care-professional-1-0" /></meta><identifier><system value="http://fhir.nhs.net/Id/sds-user-id" /><value value="9900000276" /></identifier><name><family value="Jones" /><given value="Tim" /><prefix value="Dr" /></name><telecom><system value="phone" /><value value="07887351362" /><use value="mobile" /></telecom><gender value="male" /><practitionerRole><managingOrganization><reference value="Organisation/78D64BB3-B5B2-450B-AEB7-D9035EBC711D" /><display value="MGP Medical Centre" /></managingOrganization><role><coding><system value="http://fhir.nhs.net/Id/snomed.info/sct" /><code value="24841000000106" /><display value="Usual general practitioner" /></coding></role></practitionerRole></Practitioner>