<Organization xmlns="http://hl7.org/fhir"><id value="78D64BB3-B5B2-450B-AEB7-D9035EBC711D" /><meta><profile value="http://fhir.nhs.net/StructureDefinition/dds-report-organisation-1-0" /></meta><identifier><system value="http://fhir.nhs.net/Id/ods-organization-code" /><value value="H81010002" /></identifier><name value="MGP Medical Centre" /><telecom><system value="phone" /><value value="01132167889" /><use value="work" /></telecom><telecom><system value="email" /><value value="jlorenzo@MMC.co.uk" /><use value="home" /></telecom><address><type value="both" /><line value="1 MGP House" /><line value="Overtown" /><city value="Leeds" /><district value="West Yorkshire" /><postalCode value="LS21 7PA" /></address><contact><name><text value="MGP Medical Centre Administrative Department" /></name><address><type value="both" /><line value="Administrative Department, 1 MGP House" /><line value="Overtown" /><city value="Leeds" /><district value="West Yorkshire" /><postalCode value="LS21 7PA" /></address></contact></Organization>