<Specimen xmlns="http://hl7.org/fhir"><id value="B603CEDE-8C3F-4909-9CB1-D47C0FDE9F8A" /><meta><profile value="http://fhir.nhs.net/StructureDefinition/dds-report-specimen-1-0" /></meta><identifier><use value="official" /><value value="B603CEDE-8C3F-4909-9CB1-D47C0FDE9F8A" /><assigner><reference value="Organization/78D64BB3-B5B2-450B-AEB7-D9035EBC711D" /><display value="MGP Medical Centre" /></assigner></identifier><type><coding><system value="http://snomed.info/sct" /><version value=" 20150731" /><code value="119297000" /><display value="blood specimen" /></coding></type><subject><reference value="Patient/B2D4B85D-AC24-4E9C-A368-588C3F34F570" /><display value="William Arthur Smith" /></subject><accessionIdentifier><value value="ECC4D353" /><period><start value="2016-01-03T09:00:00+09:00" /></period></accessionIdentifier><receivedTime value="2016-01-03T09:00:00+09:00" /><collection><collector><reference value="Practitioner/4BFCA0EF-85D0-4C5E-B662-D4910BB83D82" /><display value="Dr. Jones" /></collector><quantity><value value="6" /><unit value="mL" /></quantity><method><coding><system value="http://snomed.info/sct" /><code value="32564009" /><display value="arterial specimen collection for laboratory test" /></coding></method><bodySite><coding><system value="http://snomed.info/sct" /><version value=" 20150731" /><code value="53120007" /><display value="Arm" /></coding></bodySite></collection><treatment><description value="Treated with anticoagulants." /><additive><reference value="Substance/FAFEE321-1A7E-4E7C-876A-DEBDFB0AAEDF" /></additive></treatment><container><identifier><value value="08FC96C4-EB3A-46D3-93C5-4B23792DCC1C" /><assigner><reference value="Organisation/78D64BB3-B5B2-450B-AEB7-D9035EBC711D" /><display value="MGP Medical Centre" /></assigner></identifier><type><coding><system value="http://snomed.info/sct" /><version value=" 20150731" /><code value="434746001" /><display value="Specimen vial" /></coding></type><capacity><value value="10" /><unit value="mL" /></capacity><specimenQuantity><value value="3" /><unit value="mL" /></specimenQuantity></container></Specimen>