<DiagnosticReport xmlns="http://hl7.org/fhir"><id value="50BA1013-55F8-4740-880E-1FBB9B4AA125" /><meta><profile value="http://fhir.nhs.net/StructureDefinition/dds-report-1-0" /></meta><identifier><value value="LAB1234" /><assigner /></identifier><status value="final" /><category><coding><system value="http://snomed.info/sct" /><code value="15220000" /><display value="Laboratory test" /></coding><coding><system value="http://hl7.org/fhir/v2/0074" /><code value="LAB" /></coding></category><code><coding><system value="http://snomed.info/sct" /><code value="104177005" /><display value="Blood culture for bacteria, including anaerobic screen" /></coding></code><subject><reference value="Patient/B2D4B85D-AC24-4E9C-A368-588C3F34F570" /><display value="William Arthur Smith" /></subject><effectiveDateTime value="2013-03-11T03:45:00+01:00" /><issued value="2013-03-11T10:28:00+01:00" /><performer /><request><display value="D4910BB83D82" /></request><specimen><reference value="Specimen/B603CEDE-8C3F-4909-9CB1-D47C0FDE9F8A" /></specimen><result><reference value="Observation/B2D4B85D-AC24-4E9C-A368-588C3F34F548" /><display value="Results for staphylococcus analysis on Roel's blood culture" /></result><conclusion value="Blood culture tested positive on staphylococcus aureus" /><codedDiagnosis><coding><system value="http://snomed.info/sct" /><code value="428763004" /><display value="Bacteremia due to staphylococcus" /></coding></codedDiagnosis></DiagnosticReport>