<Patient xmlns="http://hl7.org/fhir"><id value="B2D4B85D-AC24-4E9C-A368-588C3F34F570" /><meta><profile value="http://fhir.nhs.net/StructureDefinition/dds-report-patient-1-0" /></meta><identifier><use value="official" /><type><coding><system value="http://fhir.nhs.net/ValueSet/nhs-number-Status-1-0" /><code value="01" /><display value="Verified NHS Number" /></coding></type><system value="http://fhir.nhs.net/Id/nhs-number" /><value value="9900000276" /></identifier><identifier><use value="temp" /><system value="http://fhir.nhs.net/Id/local-person-identifier" /><value value="12345" /></identifier><active value="true" /><name><use value="official" /><text value="William Arthur Smith" /><family value="Smith" /><given value="William" /><given value="Arthur" /><prefix value="Mr" /></name><gender value="male" /><birthDate value="1956-05-15" /><deceasedBoolean value="false" /><address><use value="home" /><type value="both" /><text value="1a Muirfield Crescent, Sampletown, West Yorkshire, BB1 1BB" /><line value="1a Muirfield Crescent" /><city value="Sampletown" /><district value="West Yorkshire" /><postalCode value="BB1 1BB" /><country value="United Kingdom" /></address><maritalStatus><coding><system value="http://hl7.org/fhir/valueset-marital-status.html" /><code value="M" /><display value="Married/Civil Partner" /><userSelected value="true" /></coding><text /></maritalStatus><multipleBirthInteger value="1" /><contact><relationship><coding><system value="http://fhir.nhs.net/ValueSet/cda-person-relationship-type-1-0" /><code value="01" /><display value="Spouse" /><userSelected value="true" /></coding><text /></relationship><name><use value="official" /><text value="Margaret Kate Smith" /><family value="Smith" /><given value="Margaret Kate" /><prefix value="Mrs" /></name><telecom><system value="phone" /><value value="01254783568" /><use value="home" /><rank value="1" /></telecom><address><use value="home" /><type value="both" /><line value="1a Muirfield Crescent" /><city value="Sampletown" /><district value="West Yorkshire" /><postalCode value="BB1 1BB" /><country value="United Kingdom" /></address><gender value="female" /></contact><communication><language><coding><system value="http://fhir.nhs.net/ValueSet/human-language-1-0.html" /><code value="en" /><display value="English" /><userSelected value="true" /></coding></language><preferred value="true" /></communication><careProvider><reference value="Practitioner/4BFCA0EF-85D0-4C5E-B662-D4910BB83D82" /><display value="Dr. Jones" /></careProvider></Patient>