<MessageHeader xmlns="http://hl7.org/fhir"><meta id="19db5f65-1bad-4ce1-be05-92ff79ab1c8f"><profile value="http://fhir.nhs.net/StructureDefinition/adw-assessment-notice-message-header-1-0" /></meta><timestamp value="2016-07-25T13:00:00+01:00" /><event><system value="http://fhir.nhs.net/ValueSet/adw-message-event-1-0" /><code value="975731000000100" /></event><source><name value="Hospital Sending System" /><endpoint value="urn:nhs-uk:addressing:ods:RFM" /></source><destination><name value="Local Authority Receiving System" /><endpoint value="urn:nhs-uk:addressing:ods:V396AA" /></destination><author><reference value="Practitioner/5b5d3bab-c1bb-434a-ab0d-82c4860bb098" /></author><receiver><reference value="Organization/ac831651-0ed4-4b25-97d9-2f204a51c182" /></receiver><responsible><reference value="Practitioner/be4f73b4-2969-4ae8-8ff1-e2e798967f91" /></responsible><data><reference value="ReferralRequest/37c1099d-638c-4970-bcc6-539403f6ca8e" /></data></MessageHeader>