<StructureDefinition xmlns="http://hl7.org/fhir"><meta><lastUpdated value="2015-09-22T20:02:49.724+10:00" /><tag><system value="urn:hscic:examples" /><code value="ADW-Location-1-0-Ex01" /><display value="XML example of an NHS hospital ward" /></tag><tag><system value="urn:hscic:publishOrder" /><code value="11" /></tag></meta><extension url="http://hl7.org/fhir/StructureDefinition/structuredefinition-fmm"><valueInteger value="1" /></extension><url value="http://fhir.nhs.net/StructureDefinition/adw-location-1-0" /><version value="1.0" /><name value="ADW-Location-1-0" /><status value="draft" /><publisher value="HSCIC" /><contact><name value="Interoperability Team" /><telecom><system value="email" /><value value="interoperabilityteam@hscic.gov.uk" /><use value="work" /></telecom></contact><date value="2015-09-22T20:02:49+10:00" /><description value="The Location Profile is a constrained version of the Location Resource to provide a standard for a hospital ward within the context of an ADW message." /><fhirVersion value="1.0.1" /><mapping><identity value="rim" /><uri value="http://hl7.org/v3" /><name value="RIM" /></mapping><mapping><identity value="w5" /><uri value="http://hl7.org/fhir/w5" /><name value="W5 Mapping" /></mapping><kind value="resource" /><constrainedType value="Location" /><abstract value="false" /><base value="http://hl7.org/fhir/StructureDefinition/Location" /><snapshot><element><path value="Location" /><short value="Details and position information for a physical place, in this case a Hospital Ward." /><definition value="Details and position information for a physical place where services are provided  and resources and participants may be stored, found, contained or accommodated." /><min value="0" /><max value="*" /><base><path value="Location" /><min value="0" /><max value="*" /></base><type><code value="Location" /></type><mapping><identity value="rim" /><map value=".Role[classCode=SDLC]" /></mapping><mapping><identity value="w5" /><map value="administrative.entity" /></mapping></element><element><path value="Location.identifier" /><short value="Unique code or number identifying the location to its users" /><definition value="Unique code or number identifying the location to its users." /><requirements value="Organization label locations in registries, need to keep track of those." /><min value="0" /><max value="*" /><base><path value="Location.identifier" /><min value="0" /><max value="*" /></base><type><code value="Identifier" /></type><isSummary value="true" /><mapping><identity value="rim" /><map value=".id" /></mapping><mapping><identity value="w5" /><map value="id" /></mapping></element><element><path value="Location.identifier.use" /><short value="usual | official | temp | secondary (If known)" /><definition value="The purpose of this identifier." /><comments value="This is labeled as &quot;Is Modifier&quot; because applications should not mistake a temporary id for a permanent one. Applications can assume that an identifier is permanent unless it explicitly says that it is temporary." /><requirements value="Allows the appropriate identifier for a particular context of use to be selected from among a set of identifiers." /><min value="0" /><max value="1" /><base><path value="Identifier.use" /><min value="0" /><max value="1" /></base><type><code value="code" /></type><isModifier value="true" /><isSummary value="true" /><binding><strength value="required" /><description value="Identifies the purpose for this identifier, if known ." /><valueSetReference><reference value="http://hl7.org/fhir/ValueSet/identifier-use" /></valueSetReference></binding><mapping><identity value="v2" /><map value="N/A" /></mapping><mapping><identity value="rim" /><map value="Role.code or implied by context" /></mapping></element><element><path value="Location.identifier.type" /><short value="Description of identifier" /><definition value="A coded type for the identifier that can be used to determine which identifier to use for a specific purpose." /><comments value="This element deals only with general categories of identifiers.  It SHOULD not be used for codes that correspond 1..1 with the Identifier.system. Some identifiers may fall into multiple categories due to common usage.   Where the system is known, a type is unnecessary because the type is always part of the system definition. However systems often need to handle identifiers where the system is not known. There is not a 1:1 relationship between type and system, since many different systems have the same type." /><requirements value="Allows users to make use of identifiers when the identifier system is not known." /><min value="0" /><max value="0" /><base><path value="Identifier.type" /><min value="0" /><max value="1" /></base><type><code value="CodeableConcept" /></type><isSummary value="true" /><binding><strength value="extensible" /><description value="A coded type for an identifier that can be used to determine which identifier to use for a specific purpose." /><valueSetReference><reference value="http://hl7.org/fhir/ValueSet/identifier-type" /></valueSetReference></binding><mapping><identity value="v2" /><map value="CX.5" /></mapping><mapping><identity value="rim" /><map value="Role.code or implied by context" /></mapping></element><element><path value="Location.identifier.type.coding" /><short value="Code defined by a terminology system" /><definition value="A reference to a code defined by a terminology system." /><comments value="Codes may be defined very casually in enumerations, or code lists, up to very formal definitions such as SNOMED CT - see the HL7 v3 Core Principles for more information.  Ordering of codings is undefined and SHALL NOT be used to infer meaning. Generally, at most only one of the coding values will be labelled as UserSelected = true." /><requirements value="Allows for translations and alternate encodings within a code system.  Also supports communication of the same instance to systems requiring different encodings." /><min value="0" /><max value="*" /><base><path value="CodeableConcept.coding" /><min value="0" /><max value="*" /></base><type><code value="Coding" /></type><isSummary value="true" /><mapping><identity value="v2" /><map value="C*E.1-8, C*E.10-22" /></mapping><mapping><identity value="rim" /><map value="union(., ./translation)" /></mapping><mapping><identity value="orim" /><map value="fhir:CodeableConcept.coding rdfs:subPropertyOf dt:CD.coding" /></mapping></element><element><path value="Location.identifier.type.coding.system" /><short value="Identity of the terminology system" /><definition value="The identification of the code system that defines the meaning of the symbol in the code." /><comments value="The URI may be an OID (urn:oid:...) or a UUID (urn:uuid:...).  OIDs and UUIDs SHALL be references to the HL7 OID registry. Otherwise, the URI should come from HL7's list of FHIR defined special URIs or it should de-reference to some definition that establish the system clearly and unambiguously." /><requirements value="Need to be unambiguous about the source of the definition of the symbol." /><min value="0" /><max value="1" /><base><path value="Coding.system" /><min value="0" /><max value="1" /></base><type><code value="uri" /></type><isSummary value="true" /><mapping><identity value="v2" /><map value="C*E.3" /></mapping><mapping><identity value="rim" /><map value="./codeSystem" /></mapping><mapping><identity value="orim" /><map value="fhir:Coding.system rdfs:subPropertyOf dt:CDCoding.codeSystem" /></mapping></element><element><path value="Location.identifier.type.coding.version" /><short value="Version of the system - if relevant" /><definition value="The version of the code system which was used when choosing this code. Note that a well-maintained code system does not need the version reported, because the meaning of codes is consistent across versions. However this cannot consistently be assured. and when the meaning is not guaranteed to be consistent, the version SHOULD be exchanged." /><comments value="Where the terminology does not clearly define what string should be used to identify code system versions, the recommendation is to use the date (expressed in FHIR date format) on which that version was officially published as the version date." /><min value="0" /><max value="1" /><base><path value="Coding.version" /><min value="0" /><max value="1" /></base><type><code value="string" /></type><isSummary value="true" /><mapping><identity value="v2" /><map value="C*E.7" /></mapping><mapping><identity value="rim" /><map value="./codeSystemVersion" /></mapping><mapping><identity value="orim" /><map value="fhir:Coding.version rdfs:subPropertyOf dt:CDCoding.codeSystemVersion" /></mapping></element><element><path value="Location.identifier.type.coding.code" /><short value="Symbol in syntax defined by the system" /><definition value="A symbol in syntax defined by the system. The symbol may be a predefined code or an expression in a syntax defined by the coding system (e.g. post-coordination)." /><requirements value="Need to refer to a particular code in the system." /><min value="0" /><max value="1" /><base><path value="Coding.code" /><min value="0" /><max value="1" /></base><type><code value="code" /></type><isSummary value="true" /><mapping><identity value="v2" /><map value="C*E.1" /></mapping><mapping><identity value="rim" /><map value="./code" /></mapping><mapping><identity value="orim" /><map value="fhir:Coding.code rdfs:subPropertyOf dt:CDCoding.code" /></mapping></element><element><path value="Location.identifier.type.coding.display" /><short value="Representation defined by the system" /><definition value="A representation of the meaning of the code in the system, following the rules of the system." /><requirements value="Need to be able to carry a human-readable meaning of the code for readers that do not know  the system." /><min value="0" /><max value="1" /><base><path value="Coding.display" /><min value="0" /><max value="1" /></base><type><code value="string" /></type><isSummary value="true" /><mapping><identity value="v2" /><map value="C*E.2 - but note this is not well followed" /></mapping><mapping><identity value="rim" /><map value="CV.displayName" /></mapping><mapping><identity value="orim" /><map value="fhir:Coding.display rdfs:subPropertyOf dt:CDCoding.displayName" /></mapping></element><element><path value="Location.identifier.type.coding.userSelected" /><short value="If this coding was chosen directly by the user" /><definition value="Indicates that this coding was chosen by a user directly - i.e. off a pick list of available items (codes or displays)." /><comments value="Amongst a set of alternatives, a directly chosen code is the most appropriate starting point for new translations. There is some ambiguity about what exactly 'directly chosen' implies, and trading partner agreement may be needed to clarify the use of this element and its consequences more completely." /><requirements value="This has been identified as a clinical safety criterium - that this exact system/code pair was chosen explicitly, rather than inferred by the system based on some rules or language processing." /><min value="0" /><max value="1" /><base><path value="Coding.userSelected" /><min value="0" /><max value="1" /></base><type><code value="boolean" /></type><isSummary value="true" /><mapping><identity value="v2" /><map value="Sometimes implied by being first" /></mapping><mapping><identity value="rim" /><map value="CD.codingRationale" /></mapping><mapping><identity value="orim" /><map value="fhir:Coding.userSelected fhir:mapsTo dt:CDCoding.codingRationale. fhir:Coding.userSelected fhir:hasMap fhir:Coding.userSelected.map. fhir:Coding.userSelected.map a fhir:Map;   fhir:target dt:CDCoding.codingRationale. fhir:Coding.userSelected\#true a [     fhir:source &quot;true&quot;;     fhir:target dt:CDCoding.codingRationale\#O   ]" /></mapping></element><element><path value="Location.identifier.type.text" /><short value="Plain text representation of the concept" /><definition value="A human language representation of the concept as seen/selected/uttered by the user who entered the data and/or which represents the intended meaning of the user." /><comments value="Very often the text is the same as a displayName of one of the codings." /><requirements value="The codes from the terminologies do not always capture the correct meaning with all the nuances of the human using them, or sometimes there is no appropriate code at all. In these cases, the text is used to capture the full meaning of the source." /><min value="0" /><max value="1" /><base><path value="CodeableConcept.text" /><min value="0" /><max value="1" /></base><type><code value="string" /></type><isSummary value="true" /><mapping><identity value="v2" /><map value="C*E.9. But note many systems use C*E.2 for this" /></mapping><mapping><identity value="rim" /><map value="./originalText[mediaType/code=&quot;text/plain&quot;]/data" /></mapping><mapping><identity value="orim" /><map value="fhir:CodeableConcept.text rdfs:subPropertyOf dt:CD.originalText" /></mapping></element><element><path value="Location.identifier.system" /><short value="The namespace for the identifier" /><definition value="Establishes the namespace in which set of possible id values is unique." /><requirements value="There are many sequences of identifiers.  To perform matching, we need to know what sequence we're dealing with. The system identifies a particular sequence or set of unique identifiers." /><min value="1" /><max value="1" /><base><path value="Identifier.system" /><min value="0" /><max value="1" /></base><type><code value="uri" /></type><exampleUri value="http://fhir.nhs.net/Id/ods-organization-code" /><isSummary value="true" /><mapping><identity value="v2" /><map value="CX.4 / EI-2-4" /></mapping><mapping><identity value="rim" /><map value="II.root or Role.id.root" /></mapping><mapping><identity value="servd" /><map value="./IdentifierType" /></mapping></element><element><path value="Location.identifier.value" /><short value="The value that is unique" /><definition value="The portion of the identifier typically displayed to the user and which is unique within the context of the system." /><comments value="If the value is a full URI, then the system SHALL be urn:ietf:rfc:3986." /><min value="1" /><max value="1" /><base><path value="Identifier.value" /><min value="0" /><max value="1" /></base><type><code value="string" /></type><exampleString value="RFM7C7" /><isSummary value="true" /><mapping><identity value="v2" /><map value="CX.1 / EI.1" /></mapping><mapping><identity value="rim" /><map value="II.extension or II.root if system indicates OID or GUID (Or Role.id.extension or root)" /></mapping><mapping><identity value="servd" /><map value="./Value" /></mapping></element><element><path value="Location.identifier.period" /><short value="Time period when id is/was valid for use" /><definition value="Time period during which identifier is/was valid for use." /><min value="0" /><max value="0" /><base><path value="Identifier.period" /><min value="0" /><max value="1" /></base><type><code value="Period" /></type><isSummary value="true" /><mapping><identity value="v2" /><map value="CX.7 + CX.8" /></mapping><mapping><identity value="rim" /><map value="Role.effectiveTime or implied by context" /></mapping><mapping><identity value="servd" /><map value="./StartDate and ./EndDate" /></mapping></element><element><path value="Location.identifier.period.start" /><short value="Starting time with inclusive boundary" /><definition value="The start of the period. The boundary is inclusive." /><comments value="If the low element is missing, the meaning is that the low boundary is not known." /><min value="0" /><max value="1" /><base><path value="Period.start" /><min value="0" /><max value="1" /></base><type><code value="dateTime" /></type><condition value="per-1" /><isSummary value="true" /><mapping><identity value="v2" /><map value="DR.1" /></mapping><mapping><identity value="rim" /><map value="./low" /></mapping></element><element><path value="Location.identifier.period.end" /><short value="End time with inclusive boundary, if not ongoing" /><definition value="The end of the period. If the end of the period is missing, it means that the period is ongoing. The start may be in the past, and the end date in the future, which means that period is expected/planned to end at that time." /><comments value="The high value includes any matching date/time. i.e. 2012-02-03T10:00:00 is in a period that has a end value of 2012-02-03." /><min value="0" /><max value="1" /><base><path value="Period.end" /><min value="0" /><max value="1" /></base><type><code value="dateTime" /></type><meaningWhenMissing value="If the end of the period is missing, it means that the period is ongoing" /><condition value="per-1" /><isSummary value="true" /><mapping><identity value="v2" /><map value="DR.2" /></mapping><mapping><identity value="rim" /><map value="./high" /></mapping></element><element><path value="Location.identifier.assigner" /><short value="Organization that issued id (may be just text)" /><definition value="Organization that issued/manages the identifier." /><comments value="The reference may be just a text description of the assigner." /><min value="0" /><max value="1" /><base><path value="Identifier.assigner" /><min value="0" /><max value="1" /></base><type><code value="Reference" /><profile value="http://hl7.org/fhir/StructureDefinition/Organization" /></type><isSummary value="true" /><mapping><identity value="v2" /><map value="CX.4 / (CX.4,CX.9,CX.10)" /></mapping><mapping><identity value="rim" /><map value="II.assigningAuthorityName but note that this is an improper use by the definition of the field.  Also Role.scoper" /></mapping><mapping><identity value="servd" /><map value="./IdentifierIssuingAuthority" /></mapping></element><element><path value="Location.identifier.assigner.reference" /><short value="Relative, internal or absolute URL reference" /><definition value="A reference to a location at which the other resource is found. The reference may be a relative reference, in which case it is relative to the service base URL, or an absolute URL that resolves to the location where the resource is found. The reference may be version specific or not. If the reference is not to a FHIR RESTful server, then it should be assumed to be version specific. Internal fragment references (start with '#') refer to contained resources." /><comments value="Using absolute URLs provides a stable scalable approach suitable for a cloud/web context, while using relative/logical references provides a flexible approach suitable for use when trading across closed eco-system boundaries.   Absolute URLs do not need to point to a FHIR RESTful server, though this is the preferred approach. If the URL conforms to the structure &quot;/[type]/[id]&quot; then it should be assumed that the reference is to a FHIR RESTful server." /><min value="1" /><max value="1" /><base><path value="Reference.reference" /><min value="0" /><max value="1" /></base><type><code value="string" /></type><condition value="ref-1" /><isSummary value="true" /><mapping><identity value="rim" /><map value="N/A" /></mapping></element><element><path value="Location.identifier.assigner.display" /><short value="Text alternative for the resource" /><definition value="Plain text narrative that identifies the resource in addition to the resource reference." /><comments value="This is generally not the same as the Resource.text of the referenced resource.  The purpose is to identify what's being referenced, not to fully describe it." /><min value="0" /><max value="1" /><base><path value="Reference.display" /><min value="0" /><max value="1" /></base><type><code value="string" /></type><isSummary value="true" /><mapping><identity value="rim" /><map value="N/A" /></mapping></element><element><path value="Location.status" /><short value="active | suspended | inactive" /><definition value="active | suspended | inactive." /><min value="0" /><max value="0" /><base><path value="Location.status" /><min value="0" /><max value="1" /></base><type><code value="code" /></type><isModifier value="true" /><isSummary value="true" /><binding><strength value="required" /><description value="Indicates whether the location is still in use." /><valueSetReference><reference value="http://hl7.org/fhir/ValueSet/location-status" /></valueSetReference></binding><mapping><identity value="rim" /><map value=".statusCode" /></mapping><mapping><identity value="w5" /><map value="status" /></mapping></element><element><path value="Location.name" /><name value="Ward name" /><short value="The name of the hospital ward within the hospital where the patient has been admitted." /><definition value="Name of the location as used by humans. Does not need to be unique." /><min value="0" /><max value="1" /><base><path value="Location.name" /><min value="0" /><max value="1" /></base><type><code value="string" /></type><mustSupport value="true" /><isSummary value="true" /><mapping><identity value="rim" /><map value=".name" /></mapping></element><element><path value="Location.description" /><short value="Description of the location" /><definition value="Description of the Location, which helps in finding or referencing the place." /><requirements value="Humans need additional information to verify a correct location has been identified." /><min value="0" /><max value="0" /><base><path value="Location.description" /><min value="0" /><max value="1" /></base><type><code value="string" /></type><isSummary value="true" /><mapping><identity value="rim" /><map value=".playingEntity[classCode=PLC determinerCode=INSTANCE].desc" /></mapping></element><element><path value="Location.mode" /><short value="instance | kind" /><definition value="Indicates whether a resource instance represents a specific location or a class of locations." /><requirements value="When using a Location resource for scheduling or orders, we need to be able to refer to a class of Locations instead of a specific Location." /><min value="0" /><max value="0" /><base><path value="Location.mode" /><min value="0" /><max value="1" /></base><type><code value="code" /></type><isModifier value="true" /><isSummary value="true" /><binding><strength value="required" /><description value="Indicates whether a resource instance represents a specific location or a class of locations." /><valueSetReference><reference value="http://hl7.org/fhir/ValueSet/location-mode" /></valueSetReference></binding><mapping><identity value="rim" /><map value=".playingEntity[classCode=PLC].determinerCode" /></mapping><mapping><identity value="w5" /><map value="class" /></mapping></element><element><path value="Location.type" /><short value="Type of function performed" /><definition value="Indicates the type of function performed at the location." /><min value="0" /><max value="0" /><base><path value="Location.type" /><min value="0" /><max value="1" /></base><type><code value="CodeableConcept" /></type><isSummary value="true" /><binding><strength value="extensible" /><description value="Indicates the type of function performed at the location." /><valueSetReference><reference value="http://hl7.org/fhir/ValueSet/v3-ServiceDeliveryLocationRoleType" /></valueSetReference></binding><mapping><identity value="rim" /><map value=".code" /></mapping><mapping><identity value="w5" /><map value="class" /></mapping></element><element><path value="Location.type.coding" /><short value="Code defined by a terminology system" /><definition value="A reference to a code defined by a terminology system." /><comments value="Codes may be defined very casually in enumerations, or code lists, up to very formal definitions such as SNOMED CT - see the HL7 v3 Core Principles for more information.  Ordering of codings is undefined and SHALL NOT be used to infer meaning. Generally, at most only one of the coding values will be labelled as UserSelected = true." /><requirements value="Allows for translations and alternate encodings within a code system.  Also supports communication of the same instance to systems requiring different encodings." /><min value="0" /><max value="*" /><base><path value="CodeableConcept.coding" /><min value="0" /><max value="*" /></base><type><code value="Coding" /></type><isSummary value="true" /><mapping><identity value="v2" /><map value="C*E.1-8, C*E.10-22" /></mapping><mapping><identity value="rim" /><map value="union(., ./translation)" /></mapping><mapping><identity value="orim" /><map value="fhir:CodeableConcept.coding rdfs:subPropertyOf dt:CD.coding" /></mapping></element><element><path value="Location.type.coding.system" /><short value="Identity of the terminology system" /><definition value="The identification of the code system that defines the meaning of the symbol in the code." /><comments value="The URI may be an OID (urn:oid:...) or a UUID (urn:uuid:...).  OIDs and UUIDs SHALL be references to the HL7 OID registry. Otherwise, the URI should come from HL7's list of FHIR defined special URIs or it should de-reference to some definition that establish the system clearly and unambiguously." /><requirements value="Need to be unambiguous about the source of the definition of the symbol." /><min value="0" /><max value="1" /><base><path value="Coding.system" /><min value="0" /><max value="1" /></base><type><code value="uri" /></type><isSummary value="true" /><mapping><identity value="v2" /><map value="C*E.3" /></mapping><mapping><identity value="rim" /><map value="./codeSystem" /></mapping><mapping><identity value="orim" /><map value="fhir:Coding.system rdfs:subPropertyOf dt:CDCoding.codeSystem" /></mapping></element><element><path value="Location.type.coding.version" /><short value="Version of the system - if relevant" /><definition value="The version of the code system which was used when choosing this code. Note that a well-maintained code system does not need the version reported, because the meaning of codes is consistent across versions. However this cannot consistently be assured. and when the meaning is not guaranteed to be consistent, the version SHOULD be exchanged." /><comments value="Where the terminology does not clearly define what string should be used to identify code system versions, the recommendation is to use the date (expressed in FHIR date format) on which that version was officially published as the version date." /><min value="0" /><max value="1" /><base><path value="Coding.version" /><min value="0" /><max value="1" /></base><type><code value="string" /></type><isSummary value="true" /><mapping><identity value="v2" /><map value="C*E.7" /></mapping><mapping><identity value="rim" /><map value="./codeSystemVersion" /></mapping><mapping><identity value="orim" /><map value="fhir:Coding.version rdfs:subPropertyOf dt:CDCoding.codeSystemVersion" /></mapping></element><element><path value="Location.type.coding.code" /><short value="Symbol in syntax defined by the system" /><definition value="A symbol in syntax defined by the system. The symbol may be a predefined code or an expression in a syntax defined by the coding system (e.g. post-coordination)." /><requirements value="Need to refer to a particular code in the system." /><min value="0" /><max value="1" /><base><path value="Coding.code" /><min value="0" /><max value="1" /></base><type><code value="code" /></type><isSummary value="true" /><mapping><identity value="v2" /><map value="C*E.1" /></mapping><mapping><identity value="rim" /><map value="./code" /></mapping><mapping><identity value="orim" /><map value="fhir:Coding.code rdfs:subPropertyOf dt:CDCoding.code" /></mapping></element><element><path value="Location.type.coding.display" /><short value="Representation defined by the system" /><definition value="A representation of the meaning of the code in the system, following the rules of the system." /><requirements value="Need to be able to carry a human-readable meaning of the code for readers that do not know  the system." /><min value="0" /><max value="1" /><base><path value="Coding.display" /><min value="0" /><max value="1" /></base><type><code value="string" /></type><isSummary value="true" /><mapping><identity value="v2" /><map value="C*E.2 - but note this is not well followed" /></mapping><mapping><identity value="rim" /><map value="CV.displayName" /></mapping><mapping><identity value="orim" /><map value="fhir:Coding.display rdfs:subPropertyOf dt:CDCoding.displayName" /></mapping></element><element><path value="Location.type.coding.userSelected" /><short value="If this coding was chosen directly by the user" /><definition value="Indicates that this coding was chosen by a user directly - i.e. off a pick list of available items (codes or displays)." /><comments value="Amongst a set of alternatives, a directly chosen code is the most appropriate starting point for new translations. There is some ambiguity about what exactly 'directly chosen' implies, and trading partner agreement may be needed to clarify the use of this element and its consequences more completely." /><requirements value="This has been identified as a clinical safety criterium - that this exact system/code pair was chosen explicitly, rather than inferred by the system based on some rules or language processing." /><min value="0" /><max value="1" /><base><path value="Coding.userSelected" /><min value="0" /><max value="1" /></base><type><code value="boolean" /></type><isSummary value="true" /><mapping><identity value="v2" /><map value="Sometimes implied by being first" /></mapping><mapping><identity value="rim" /><map value="CD.codingRationale" /></mapping><mapping><identity value="orim" /><map value="fhir:Coding.userSelected fhir:mapsTo dt:CDCoding.codingRationale. fhir:Coding.userSelected fhir:hasMap fhir:Coding.userSelected.map. fhir:Coding.userSelected.map a fhir:Map;   fhir:target dt:CDCoding.codingRationale. fhir:Coding.userSelected\#true a [     fhir:source &quot;true&quot;;     fhir:target dt:CDCoding.codingRationale\#O   ]" /></mapping></element><element><path value="Location.type.text" /><short value="Plain text representation of the concept" /><definition value="A human language representation of the concept as seen/selected/uttered by the user who entered the data and/or which represents the intended meaning of the user." /><comments value="Very often the text is the same as a displayName of one of the codings." /><requirements value="The codes from the terminologies do not always capture the correct meaning with all the nuances of the human using them, or sometimes there is no appropriate code at all. In these cases, the text is used to capture the full meaning of the source." /><min value="0" /><max value="1" /><base><path value="CodeableConcept.text" /><min value="0" /><max value="1" /></base><type><code value="string" /></type><isSummary value="true" /><mapping><identity value="v2" /><map value="C*E.9. But note many systems use C*E.2 for this" /></mapping><mapping><identity value="rim" /><map value="./originalText[mediaType/code=&quot;text/plain&quot;]/data" /></mapping><mapping><identity value="orim" /><map value="fhir:CodeableConcept.text rdfs:subPropertyOf dt:CD.originalText" /></mapping></element><element><path value="Location.telecom" /><short value="Contact details of the location" /><definition value="The contact details of communication devices available at the location. This can include phone numbers, fax numbers, mobile numbers, email addresses and web sites." /><min value="0" /><max value="0" /><base><path value="Location.telecom" /><min value="0" /><max value="*" /></base><type><code value="ContactPoint" /></type><mapping><identity value="rim" /><map value=".telecom" /></mapping></element><element><path value="Location.telecom.system" /><short value="phone | fax | email | pager | other" /><definition value="Telecommunications form for contact point - what communications system is required to make use of the contact." /><min value="0" /><max value="1" /><base><path value="ContactPoint.system" /><min value="0" /><max value="1" /></base><type><code value="code" /></type><condition value="cpt-2" /><isSummary value="true" /><binding><strength value="required" /><description value="Telecommunications form for contact point" /><valueSetReference><reference value="http://hl7.org/fhir/ValueSet/contact-point-system" /></valueSetReference></binding><mapping><identity value="v2" /><map value="XTN.3" /></mapping><mapping><identity value="rim" /><map value="./scheme" /></mapping><mapping><identity value="servd" /><map value="./ContactPointType" /></mapping></element><element><path value="Location.telecom.value" /><short value="The actual contact point details" /><definition value="The actual contact point details, in a form that is meaningful to the designated communication system (i.e. phone number or email address)." /><comments value="Additional text data such as phone extension numbers, or notes about use of the contact are sometimes included in the value." /><requirements value="Need to support legacy numbers that are not in a tightly controlled format." /><min value="0" /><max value="1" /><base><path value="ContactPoint.value" /><min value="0" /><max value="1" /></base><type><code value="string" /></type><isSummary value="true" /><mapping><identity value="v2" /><map value="XTN.1 (or XTN.12)" /></mapping><mapping><identity value="rim" /><map value="./url" /></mapping><mapping><identity value="servd" /><map value="./Value" /></mapping></element><element><path value="Location.telecom.use" /><short value="home | work | temp | old | mobile - purpose of this contact point" /><definition value="Identifies the purpose for the contact point." /><comments value="This is labeled as &quot;Is Modifier&quot; because applications should not mistake a temporary or old contact etc.for a current/permanent one. Applications can assume that a contact is current unless it explicitly says that it is temporary or old." /><requirements value="Need to track the way a person uses this contact, so a user can choose which is appropriate for their purpose." /><min value="0" /><max value="1" /><base><path value="ContactPoint.use" /><min value="0" /><max value="1" /></base><type><code value="code" /></type><isModifier value="true" /><isSummary value="true" /><binding><strength value="required" /><description value="Use of contact point" /><valueSetReference><reference value="http://hl7.org/fhir/ValueSet/contact-point-use" /></valueSetReference></binding><mapping><identity value="v2" /><map value="XTN.2 - but often indicated by field" /></mapping><mapping><identity value="rim" /><map value="unique(./use)" /></mapping><mapping><identity value="servd" /><map value="./ContactPointPurpose" /></mapping></element><element><path value="Location.telecom.rank" /><short value="Specify preferred order of use (1 = highest)" /><definition value="Specifies a preferred order in which to use a set of contacts. Contacts are ranked with lower values coming before higher values." /><comments value="Note that rank does not necessarily follow the order in which the contacts are represented in the instance." /><min value="0" /><max value="1" /><base><path value="ContactPoint.rank" /><min value="0" /><max value="1" /></base><type><code value="positiveInt" /></type><isSummary value="true" /><mapping><identity value="v2" /><map value="n/a" /></mapping><mapping><identity value="rim" /><map value="n/a" /></mapping></element><element><path value="Location.telecom.period" /><short value="Time period when the contact point was/is in use" /><definition value="Time period when the contact point was/is in use." /><min value="0" /><max value="1" /><base><path value="ContactPoint.period" /><min value="0" /><max value="1" /></base><type><code value="Period" /></type><isSummary value="true" /><mapping><identity value="v2" /><map value="N/A" /></mapping><mapping><identity value="rim" /><map value="./useablePeriod[type=&quot;IVL&lt;TS&gt;&quot;]" /></mapping><mapping><identity value="servd" /><map value="./StartDate and ./EndDate" /></mapping></element><element><path value="Location.telecom.period.start" /><short value="Starting time with inclusive boundary" /><definition value="The start of the period. The boundary is inclusive." /><comments value="If the low element is missing, the meaning is that the low boundary is not known." /><min value="0" /><max value="1" /><base><path value="Period.start" /><min value="0" /><max value="1" /></base><type><code value="dateTime" /></type><condition value="per-1" /><isSummary value="true" /><mapping><identity value="v2" /><map value="DR.1" /></mapping><mapping><identity value="rim" /><map value="./low" /></mapping></element><element><path value="Location.telecom.period.end" /><short value="End time with inclusive boundary, if not ongoing" /><definition value="The end of the period. If the end of the period is missing, it means that the period is ongoing. The start may be in the past, and the end date in the future, which means that period is expected/planned to end at that time." /><comments value="The high value includes any matching date/time. i.e. 2012-02-03T10:00:00 is in a period that has a end value of 2012-02-03." /><min value="0" /><max value="1" /><base><path value="Period.end" /><min value="0" /><max value="1" /></base><type><code value="dateTime" /></type><meaningWhenMissing value="If the end of the period is missing, it means that the period is ongoing" /><condition value="per-1" /><isSummary value="true" /><mapping><identity value="v2" /><map value="DR.2" /></mapping><mapping><identity value="rim" /><map value="./high" /></mapping></element><element><path value="Location.address" /><short value="Physical location" /><definition value="Physical location." /><comments value="This was kept as 0..1 as there is no use property on the address, so wouldn't be able to identify different address types." /><requirements value="If locations can be visited, we need to keep track of their address." /><min value="0" /><max value="0" /><base><path value="Location.address" /><min value="0" /><max value="1" /></base><type><code value="Address" /></type><mapping><identity value="rim" /><map value=".addr" /></mapping></element><element><path value="Location.address.use" /><short value="home | work | temp | old - purpose of this address" /><definition value="The purpose of this address." /><comments value="This is labeled as &quot;Is Modifier&quot; because applications should not mistake a temporary or old address etc.for a current/permanent one. Applications can assume that an address is current unless it explicitly says that it is temporary or old." /><requirements value="Allows an appropriate address to be chosen from a list of many." /><min value="0" /><max value="1" /><base><path value="Address.use" /><min value="0" /><max value="1" /></base><type><code value="code" /></type><exampleCode value="home" /><isModifier value="true" /><isSummary value="true" /><binding><strength value="required" /><description value="The use of an address" /><valueSetReference><reference value="http://hl7.org/fhir/ValueSet/address-use" /></valueSetReference></binding><mapping><identity value="v2" /><map value="XAD.7" /></mapping><mapping><identity value="rim" /><map value="unique(./use)" /></mapping><mapping><identity value="servd" /><map value="./AddressPurpose" /></mapping></element><element><path value="Location.address.type" /><short value="postal | physical | both" /><definition value="Distinguishes between physical addresses (those you can visit) and mailing addresses (e.g. PO Boxes and care-of addresses). Most addresses are both." /><min value="0" /><max value="1" /><base><path value="Address.type" /><min value="0" /><max value="1" /></base><type><code value="code" /></type><exampleCode value="both" /><isSummary value="true" /><binding><strength value="required" /><description value="The type of an address (physical / postal)" /><valueSetReference><reference value="http://hl7.org/fhir/ValueSet/address-type" /></valueSetReference></binding><mapping><identity value="v2" /><map value="XAD.18" /></mapping><mapping><identity value="rim" /><map value="unique(./use)" /></mapping><mapping><identity value="vcard" /><map value="address type parameter" /></mapping></element><element><path value="Location.address.text" /><short value="Text representation of the address" /><definition value="A full text representation of the address." /><comments value="Can provide both a text representation and parts." /><requirements value="A renderable, unencoded form." /><min value="0" /><max value="1" /><base><path value="Address.text" /><min value="0" /><max value="1" /></base><type><code value="string" /></type><exampleString value="137 Nowhere Street, Erewhon 9132" /><isSummary value="true" /><mapping><identity value="v2" /><map value="XAD.1 + XAD.2 + XAD.3 + XAD.4 + XAD.5 + XAD.6" /></mapping><mapping><identity value="rim" /><map value="./formatted" /></mapping><mapping><identity value="vcard" /><map value="address label parameter" /></mapping></element><element><path value="Location.address.line" /><short value="Street name, number, direction &amp; P.O. Box etc." /><definition value="This component contains the house number, apartment number, street name, street direction,  P.O. Box number, delivery hints, and similar address information." /><requirements value="home | work | temp | old - purpose of this address." /><min value="0" /><max value="*" /><base><path value="Address.line" /><min value="0" /><max value="*" /></base><type><code value="string" /></type><exampleString value="137 Nowhere Street" /><isSummary value="true" /><mapping><identity value="v2" /><map value="XAD.1 + XAD.2 (note: XAD.1 and XAD.2 have different meanings for a company address than for a person address)" /></mapping><mapping><identity value="rim" /><map value="AD.part[parttype = AL]" /></mapping><mapping><identity value="vcard" /><map value="street" /></mapping><mapping><identity value="servd" /><map value="./StreetAddress (newline delimitted)" /></mapping></element><element><path value="Location.address.city" /><short value="Name of city, town etc." /><definition value="The name of the city, town, village or other community or delivery center." /><alias value="Municpality" /><min value="0" /><max value="1" /><base><path value="Address.city" /><min value="0" /><max value="1" /></base><type><code value="string" /></type><exampleString value="Erewhon" /><isSummary value="true" /><mapping><identity value="v2" /><map value="XAD.3" /></mapping><mapping><identity value="rim" /><map value="AD.part[parttype = CTY]" /></mapping><mapping><identity value="vcard" /><map value="locality" /></mapping><mapping><identity value="servd" /><map value="./Jurisdiction" /></mapping></element><element><path value="Location.address.district" /><short value="District name (aka county)" /><definition value="The name of the administrative area (county)." /><comments value="District is sometimes known as county, but in some regions 'county' in used in place of city (municipality), so county name should be conveyed in city instead." /><alias value="County" /><min value="0" /><max value="1" /><base><path value="Address.district" /><min value="0" /><max value="1" /></base><type><code value="string" /></type><exampleString value="Madison" /><isSummary value="true" /><mapping><identity value="v2" /><map value="XAD.9" /></mapping><mapping><identity value="rim" /><map value="AD.part[parttype = CNT | CPA]" /></mapping></element><element><path value="Location.address.state" /><short value="Sub-unit of country (abbreviations ok)" /><definition value="Sub-unit of a country with limited sovereignty in a federally organized country. A code may be used if codes are in common use (i.e. US 2 letter state codes)." /><alias value="Province" /><alias value="Territory" /><min value="0" /><max value="1" /><base><path value="Address.state" /><min value="0" /><max value="1" /></base><type><code value="string" /></type><isSummary value="true" /><mapping><identity value="v2" /><map value="XAD.4" /></mapping><mapping><identity value="rim" /><map value="AD.part[parttype = STA]" /></mapping><mapping><identity value="vcard" /><map value="region" /></mapping><mapping><identity value="servd" /><map value="./Region" /></mapping></element><element><path value="Location.address.postalCode" /><short value="Postal code for area" /><definition value="A postal code designating a region defined by the postal service." /><alias value="Zip" /><min value="0" /><max value="1" /><base><path value="Address.postalCode" /><min value="0" /><max value="1" /></base><type><code value="string" /></type><exampleString value="9132" /><isSummary value="true" /><mapping><identity value="v2" /><map value="XAD.5" /></mapping><mapping><identity value="rim" /><map value="AD.part[parttype = ZIP]" /></mapping><mapping><identity value="vcard" /><map value="code" /></mapping><mapping><identity value="servd" /><map value="./PostalIdentificationCode" /></mapping></element><element><path value="Location.address.country" /><short value="Country (can be ISO 3166 3 letter code)" /><definition value="Country - a nation as commonly understood or generally accepted." /><comments value="ISO 3166 3 letter codes can be used in place of a full country name." /><min value="0" /><max value="1" /><base><path value="Address.country" /><min value="0" /><max value="1" /></base><type><code value="string" /></type><isSummary value="true" /><mapping><identity value="v2" /><map value="XAD.6" /></mapping><mapping><identity value="rim" /><map value="AD.part[parttype = CNT]" /></mapping><mapping><identity value="vcard" /><map value="country" /></mapping><mapping><identity value="servd" /><map value="./Country" /></mapping></element><element><path value="Location.address.period" /><short value="Time period when address was/is in use" /><definition value="Time period when address was/is in use." /><requirements value="Allows addresses to be placed in historical context." /><min value="0" /><max value="1" /><base><path value="Address.period" /><min value="0" /><max value="1" /></base><type><code value="Period" /></type><examplePeriod><start value="2010-03-23" /><end value="2010-07-01" /></examplePeriod><isSummary value="true" /><mapping><identity value="v2" /><map value="XAD.12 / XAD.13 + XAD.14" /></mapping><mapping><identity value="rim" /><map value="./usablePeriod[type=&quot;IVL&lt;TS&gt;&quot;]" /></mapping><mapping><identity value="servd" /><map value="./StartDate and ./EndDate" /></mapping></element><element><path value="Location.address.period.start" /><short value="Starting time with inclusive boundary" /><definition value="The start of the period. The boundary is inclusive." /><comments value="If the low element is missing, the meaning is that the low boundary is not known." /><min value="0" /><max value="1" /><base><path value="Period.start" /><min value="0" /><max value="1" /></base><type><code value="dateTime" /></type><condition value="per-1" /><isSummary value="true" /><mapping><identity value="v2" /><map value="DR.1" /></mapping><mapping><identity value="rim" /><map value="./low" /></mapping></element><element><path value="Location.address.period.end" /><short value="End time with inclusive boundary, if not ongoing" /><definition value="The end of the period. If the end of the period is missing, it means that the period is ongoing. The start may be in the past, and the end date in the future, which means that period is expected/planned to end at that time." /><comments value="The high value includes any matching date/time. i.e. 2012-02-03T10:00:00 is in a period that has a end value of 2012-02-03." /><min value="0" /><max value="1" /><base><path value="Period.end" /><min value="0" /><max value="1" /></base><type><code value="dateTime" /></type><meaningWhenMissing value="If the end of the period is missing, it means that the period is ongoing" /><condition value="per-1" /><isSummary value="true" /><mapping><identity value="v2" /><map value="DR.2" /></mapping><mapping><identity value="rim" /><map value="./high" /></mapping></element><element><path value="Location.physicalType" /><short value="Physical form of the location" /><definition value="Physical form of the location, e.g. building, room, vehicle, road." /><requirements value="For purposes of showing relevant locations in queries, we need to categorize locations." /><min value="0" /><max value="0" /><base><path value="Location.physicalType" /><min value="0" /><max value="1" /></base><type><code value="CodeableConcept" /></type><isSummary value="true" /><binding><strength value="example" /><description value="Physical form of the location" /><valueSetReference><reference value="http://hl7.org/fhir/ValueSet/location-physical-type" /></valueSetReference></binding><mapping><identity value="rim" /><map value=".playingEntity [classCode=PLC].code" /></mapping><mapping><identity value="w5" /><map value="class" /></mapping></element><element><path value="Location.physicalType.coding" /><short value="Code defined by a terminology system" /><definition value="A reference to a code defined by a terminology system." /><comments value="Codes may be defined very casually in enumerations, or code lists, up to very formal definitions such as SNOMED CT - see the HL7 v3 Core Principles for more information.  Ordering of codings is undefined and SHALL NOT be used to infer meaning. Generally, at most only one of the coding values will be labelled as UserSelected = true." /><requirements value="Allows for translations and alternate encodings within a code system.  Also supports communication of the same instance to systems requiring different encodings." /><min value="0" /><max value="*" /><base><path value="CodeableConcept.coding" /><min value="0" /><max value="*" /></base><type><code value="Coding" /></type><isSummary value="true" /><mapping><identity value="v2" /><map value="C*E.1-8, C*E.10-22" /></mapping><mapping><identity value="rim" /><map value="union(., ./translation)" /></mapping><mapping><identity value="orim" /><map value="fhir:CodeableConcept.coding rdfs:subPropertyOf dt:CD.coding" /></mapping></element><element><path value="Location.physicalType.coding.system" /><short value="Identity of the terminology system" /><definition value="The identification of the code system that defines the meaning of the symbol in the code." /><comments value="The URI may be an OID (urn:oid:...) or a UUID (urn:uuid:...).  OIDs and UUIDs SHALL be references to the HL7 OID registry. Otherwise, the URI should come from HL7's list of FHIR defined special URIs or it should de-reference to some definition that establish the system clearly and unambiguously." /><requirements value="Need to be unambiguous about the source of the definition of the symbol." /><min value="0" /><max value="1" /><base><path value="Coding.system" /><min value="0" /><max value="1" /></base><type><code value="uri" /></type><isSummary value="true" /><mapping><identity value="v2" /><map value="C*E.3" /></mapping><mapping><identity value="rim" /><map value="./codeSystem" /></mapping><mapping><identity value="orim" /><map value="fhir:Coding.system rdfs:subPropertyOf dt:CDCoding.codeSystem" /></mapping></element><element><path value="Location.physicalType.coding.version" /><short value="Version of the system - if relevant" /><definition value="The version of the code system which was used when choosing this code. Note that a well-maintained code system does not need the version reported, because the meaning of codes is consistent across versions. However this cannot consistently be assured. and when the meaning is not guaranteed to be consistent, the version SHOULD be exchanged." /><comments value="Where the terminology does not clearly define what string should be used to identify code system versions, the recommendation is to use the date (expressed in FHIR date format) on which that version was officially published as the version date." /><min value="0" /><max value="1" /><base><path value="Coding.version" /><min value="0" /><max value="1" /></base><type><code value="string" /></type><isSummary value="true" /><mapping><identity value="v2" /><map value="C*E.7" /></mapping><mapping><identity value="rim" /><map value="./codeSystemVersion" /></mapping><mapping><identity value="orim" /><map value="fhir:Coding.version rdfs:subPropertyOf dt:CDCoding.codeSystemVersion" /></mapping></element><element><path value="Location.physicalType.coding.code" /><short value="Symbol in syntax defined by the system" /><definition value="A symbol in syntax defined by the system. The symbol may be a predefined code or an expression in a syntax defined by the coding system (e.g. post-coordination)." /><requirements value="Need to refer to a particular code in the system." /><min value="0" /><max value="1" /><base><path value="Coding.code" /><min value="0" /><max value="1" /></base><type><code value="code" /></type><isSummary value="true" /><mapping><identity value="v2" /><map value="C*E.1" /></mapping><mapping><identity value="rim" /><map value="./code" /></mapping><mapping><identity value="orim" /><map value="fhir:Coding.code rdfs:subPropertyOf dt:CDCoding.code" /></mapping></element><element><path value="Location.physicalType.coding.display" /><short value="Representation defined by the system" /><definition value="A representation of the meaning of the code in the system, following the rules of the system." /><requirements value="Need to be able to carry a human-readable meaning of the code for readers that do not know  the system." /><min value="0" /><max value="1" /><base><path value="Coding.display" /><min value="0" /><max value="1" /></base><type><code value="string" /></type><isSummary value="true" /><mapping><identity value="v2" /><map value="C*E.2 - but note this is not well followed" /></mapping><mapping><identity value="rim" /><map value="CV.displayName" /></mapping><mapping><identity value="orim" /><map value="fhir:Coding.display rdfs:subPropertyOf dt:CDCoding.displayName" /></mapping></element><element><path value="Location.physicalType.coding.userSelected" /><short value="If this coding was chosen directly by the user" /><definition value="Indicates that this coding was chosen by a user directly - i.e. off a pick list of available items (codes or displays)." /><comments value="Amongst a set of alternatives, a directly chosen code is the most appropriate starting point for new translations. There is some ambiguity about what exactly 'directly chosen' implies, and trading partner agreement may be needed to clarify the use of this element and its consequences more completely." /><requirements value="This has been identified as a clinical safety criterium - that this exact system/code pair was chosen explicitly, rather than inferred by the system based on some rules or language processing." /><min value="0" /><max value="1" /><base><path value="Coding.userSelected" /><min value="0" /><max value="1" /></base><type><code value="boolean" /></type><isSummary value="true" /><mapping><identity value="v2" /><map value="Sometimes implied by being first" /></mapping><mapping><identity value="rim" /><map value="CD.codingRationale" /></mapping><mapping><identity value="orim" /><map value="fhir:Coding.userSelected fhir:mapsTo dt:CDCoding.codingRationale. fhir:Coding.userSelected fhir:hasMap fhir:Coding.userSelected.map. fhir:Coding.userSelected.map a fhir:Map;   fhir:target dt:CDCoding.codingRationale. fhir:Coding.userSelected\#true a [     fhir:source &quot;true&quot;;     fhir:target dt:CDCoding.codingRationale\#O   ]" /></mapping></element><element><path value="Location.physicalType.text" /><short value="Plain text representation of the concept" /><definition value="A human language representation of the concept as seen/selected/uttered by the user who entered the data and/or which represents the intended meaning of the user." /><comments value="Very often the text is the same as a displayName of one of the codings." /><requirements value="The codes from the terminologies do not always capture the correct meaning with all the nuances of the human using them, or sometimes there is no appropriate code at all. In these cases, the text is used to capture the full meaning of the source." /><min value="0" /><max value="1" /><base><path value="CodeableConcept.text" /><min value="0" /><max value="1" /></base><type><code value="string" /></type><isSummary value="true" /><mapping><identity value="v2" /><map value="C*E.9. But note many systems use C*E.2 for this" /></mapping><mapping><identity value="rim" /><map value="./originalText[mediaType/code=&quot;text/plain&quot;]/data" /></mapping><mapping><identity value="orim" /><map value="fhir:CodeableConcept.text rdfs:subPropertyOf dt:CD.originalText" /></mapping></element><element><path value="Location.position" /><short value="The absolute geographic location" /><definition value="The absolute geographic location of the Location, expressed using the WGS84 datum (This is the same co-ordinate system used in KML)." /><requirements value="For mobile applications and automated route-finding knowing the exact location of the Location is required." /><min value="0" /><max value="0" /><base><path value="Location.position" /><min value="0" /><max value="1" /></base><type><code value="BackboneElement" /></type><mapping><identity value="rim" /><map value=".playingEntity [classCode=PLC determinerCode=INSTANCE].positionText" /></mapping></element><element><path value="Location.position.modifierExtension" /><short value="Extensions that cannot be ignored" /><definition value="May be used to represent additional information that is not part of the basic definition of the element, and that modifies the understanding of the element that contains it. Usually modifier elements provide negation or qualification. In order to make the use of extensions safe and manageable, there is a strict set of governance applied to the definition and use of extensions. Though any implementer is allowed to define an extension, there is a set of requirements that SHALL be met as part of the definition of the extension. Applications processing a resource are required to check for modifier extensions." /><comments value="There can be no stigma associated with the use of extensions by any application, project, or standard - regardless of the institution or jurisdiction that uses or defines the extensions.  The use of extensions is what allows the FHIR specification to retain a core level of simplicity for everyone." /><alias value="extensions" /><alias value="user content" /><alias value="modifiers" /><min value="0" /><max value="*" /><base><path value="BackboneElement.modifierExtension" /><min value="0" /><max value="*" /></base><type><code value="Extension" /></type><isModifier value="true" /><mapping><identity value="rim" /><map value="N/A" /></mapping></element><element><path value="Location.position.longitude" /><short value="Longitude with WGS84 datum" /><definition value="Longitude. The value domain and the interpretation are the same as for the text of the longitude element in KML (see notes below)." /><min value="1" /><max value="1" /><base><path value="Location.position.longitude" /><min value="1" /><max value="1" /></base><type><code value="decimal" /></type><mapping><identity value="rim" /><map value="(RIM Opted not to map the sub-elements of GPS location, is now an OBS)" /></mapping></element><element><path value="Location.position.latitude" /><short value="Latitude with WGS84 datum" /><definition value="Latitude. The value domain and the interpretation are the same as for the text of the latitude element in KML (see notes below)." /><min value="1" /><max value="1" /><base><path value="Location.position.latitude" /><min value="1" /><max value="1" /></base><type><code value="decimal" /></type><mapping><identity value="rim" /><map value="(RIM Opted not to map the sub-elements of GPS location, is now an OBS)" /></mapping></element><element><path value="Location.position.altitude" /><short value="Altitude with WGS84 datum" /><definition value="Altitude. The value domain and the interpretation are the same as for the text of the altitude element in KML (see notes below)." /><min value="0" /><max value="1" /><base><path value="Location.position.altitude" /><min value="0" /><max value="1" /></base><type><code value="decimal" /></type><mapping><identity value="rim" /><map value="(RIM Opted not to map the sub-elements of GPS location, is now an OBS)" /></mapping></element><element><path value="Location.managingOrganization" /><short value="Organization responsible for provisioning and upkeep" /><definition value="The organization responsible for the provisioning and upkeep of the location." /><comments value="This can also be used as the part of the organization hierarchy where this location provides services. These services can be defined through the HealthcareService resource." /><requirements value="Need to know who manages the location." /><min value="1" /><max value="1" /><base><path value="Location.managingOrganization" /><min value="0" /><max value="1" /></base><type><code value="Organization" /><profile value="http://fhir.nhs.net/StructureDefinition/adw-organization-1-0" /><aggregation value="referenced" /></type><mustSupport value="true" /><isSummary value="true" /><mapping><identity value="rim" /><map value=".scopingEntity[classCode=ORG determinerKind=INSTANCE]" /></mapping></element><element><path value="Location.managingOrganization.reference" /><short value="Relative, internal or absolute URL reference" /><definition value="A reference to a location at which the other resource is found. The reference may be a relative reference, in which case it is relative to the service base URL, or an absolute URL that resolves to the location where the resource is found. The reference may be version specific or not. If the reference is not to a FHIR RESTful server, then it should be assumed to be version specific. Internal fragment references (start with '#') refer to contained resources." /><comments value="Using absolute URLs provides a stable scalable approach suitable for a cloud/web context, while using relative/logical references provides a flexible approach suitable for use when trading across closed eco-system boundaries.   Absolute URLs do not need to point to a FHIR RESTful server, though this is the preferred approach. If the URL conforms to the structure &quot;/[type]/[id]&quot; then it should be assumed that the reference is to a FHIR RESTful server." /><min value="1" /><max value="1" /><base><path value="Reference.reference" /><min value="0" /><max value="1" /></base><type><code value="string" /></type><condition value="ref-1" /><isSummary value="true" /><mapping><identity value="rim" /><map value="N/A" /></mapping></element><element><path value="Location.managingOrganization.display" /><short value="Text alternative for the resource" /><definition value="Plain text narrative that identifies the resource in addition to the resource reference." /><comments value="This is generally not the same as the Resource.text of the referenced resource.  The purpose is to identify what's being referenced, not to fully describe it." /><min value="0" /><max value="1" /><base><path value="Reference.display" /><min value="0" /><max value="1" /></base><type><code value="string" /></type><isSummary value="true" /><mapping><identity value="rim" /><map value="N/A" /></mapping></element><element><path value="Location.partOf" /><short value="Another Location this one is physically part of" /><definition value="Another Location which this Location is physically part of." /><requirements value="For purposes of location, display and identification, knowing which locations are located within other locations is important." /><min value="0" /><max value="0" /><base><path value="Location.partOf" /><min value="0" /><max value="1" /></base><type><code value="Reference" /><profile value="http://fhir.nhs.net/StructureDefinition/adw-location-1-0" /></type><mapping><identity value="rim" /><map value=".inboundLink[typeCode=PART].source[classCode=SDLC]" /></mapping></element><element><path value="Location.partOf.reference" /><short value="Relative, internal or absolute URL reference" /><definition value="A reference to a location at which the other resource is found. The reference may be a relative reference, in which case it is relative to the service base URL, or an absolute URL that resolves to the location where the resource is found. The reference may be version specific or not. If the reference is not to a FHIR RESTful server, then it should be assumed to be version specific. Internal fragment references (start with '#') refer to contained resources." /><comments value="Using absolute URLs provides a stable scalable approach suitable for a cloud/web context, while using relative/logical references provides a flexible approach suitable for use when trading across closed eco-system boundaries.   Absolute URLs do not need to point to a FHIR RESTful server, though this is the preferred approach. If the URL conforms to the structure &quot;/[type]/[id]&quot; then it should be assumed that the reference is to a FHIR RESTful server." /><min value="0" /><max value="1" /><base><path value="Reference.reference" /><min value="0" /><max value="1" /></base><type><code value="string" /></type><condition value="ref-1" /><isSummary value="true" /><mapping><identity value="rim" /><map value="N/A" /></mapping></element><element><path value="Location.partOf.display" /><short value="Text alternative for the resource" /><definition value="Plain text narrative that identifies the resource in addition to the resource reference." /><comments value="This is generally not the same as the Resource.text of the referenced resource.  The purpose is to identify what's being referenced, not to fully describe it." /><min value="0" /><max value="1" /><base><path value="Reference.display" /><min value="0" /><max value="1" /></base><type><code value="string" /></type><isSummary value="true" /><mapping><identity value="rim" /><map value="N/A" /></mapping></element></snapshot><differential><element><path value="Location" /><short value="Details and position information for a physical place, in this case a Hospital Ward." /><definition value="Details and position information for a physical place where services are provided  and resources and participants may be stored, found, contained or accommodated." /><min value="0" /><max value="*" /><base><path value="Location" /><min value="0" /><max value="*" /></base><type><code value="Location" /></type><mapping><identity value="rim" /><map value=".Role[classCode=SDLC]" /></mapping><mapping><identity value="w5" /><map value="administrative.entity" /></mapping></element><element><path value="Location.identifier.type" /><short value="Description of identifier" /><definition value="A coded type for the identifier that can be used to determine which identifier to use for a specific purpose." /><comments value="This element deals only with general categories of identifiers.  It SHOULD not be used for codes that correspond 1..1 with the Identifier.system. Some identifiers may fall into multiple categories due to common usage.   Where the system is known, a type is unnecessary because the type is always part of the system definition. However systems often need to handle identifiers where the system is not known. There is not a 1:1 relationship between type and system, since many different systems have the same type." /><requirements value="Allows users to make use of identifiers when the identifier system is not known." /><min value="0" /><max value="0" /><base><path value="Identifier.type" /><min value="0" /><max value="1" /></base><type><code value="CodeableConcept" /></type><isSummary value="true" /><binding><strength value="extensible" /><description value="A coded type for an identifier that can be used to determine which identifier to use for a specific purpose." /><valueSetReference><reference value="http://hl7.org/fhir/ValueSet/identifier-type" /></valueSetReference></binding><mapping><identity value="v2" /><map value="CX.5" /></mapping><mapping><identity value="rim" /><map value="Role.code or implied by context" /></mapping></element><element><path value="Location.identifier.system" /><short value="The namespace for the identifier" /><definition value="Establishes the namespace in which set of possible id values is unique." /><requirements value="There are many sequences of identifiers.  To perform matching, we need to know what sequence we're dealing with. The system identifies a particular sequence or set of unique identifiers." /><min value="1" /><max value="1" /><base><path value="Identifier.system" /><min value="0" /><max value="1" /></base><type><code value="uri" /></type><exampleUri value="http://fhir.nhs.net/Id/ods-organization-code" /><isSummary value="true" /><mapping><identity value="v2" /><map value="CX.4 / EI-2-4" /></mapping><mapping><identity value="rim" /><map value="II.root or Role.id.root" /></mapping><mapping><identity value="servd" /><map value="./IdentifierType" /></mapping></element><element><path value="Location.identifier.value" /><short value="The value that is unique" /><definition value="The portion of the identifier typically displayed to the user and which is unique within the context of the system." /><comments value="If the value is a full URI, then the system SHALL be urn:ietf:rfc:3986." /><min value="1" /><max value="1" /><base><path value="Identifier.value" /><min value="0" /><max value="1" /></base><type><code value="string" /></type><exampleString value="RFM7C7" /><isSummary value="true" /><mapping><identity value="v2" /><map value="CX.1 / EI.1" /></mapping><mapping><identity value="rim" /><map value="II.extension or II.root if system indicates OID or GUID (Or Role.id.extension or root)" /></mapping><mapping><identity value="servd" /><map value="./Value" /></mapping></element><element><path value="Location.identifier.period" /><short value="Time period when id is/was valid for use" /><definition value="Time period during which identifier is/was valid for use." /><min value="0" /><max value="0" /><base><path value="Identifier.period" /><min value="0" /><max value="1" /></base><type><code value="Period" /></type><isSummary value="true" /><mapping><identity value="v2" /><map value="CX.7 + CX.8" /></mapping><mapping><identity value="rim" /><map value="Role.effectiveTime or implied by context" /></mapping><mapping><identity value="servd" /><map value="./StartDate and ./EndDate" /></mapping></element><element><path value="Location.identifier.assigner.reference" /><short value="Relative, internal or absolute URL reference" /><definition value="A reference to a location at which the other resource is found. The reference may be a relative reference, in which case it is relative to the service base URL, or an absolute URL that resolves to the location where the resource is found. The reference may be version specific or not. If the reference is not to a FHIR RESTful server, then it should be assumed to be version specific. Internal fragment references (start with '#') refer to contained resources." /><comments value="Using absolute URLs provides a stable scalable approach suitable for a cloud/web context, while using relative/logical references provides a flexible approach suitable for use when trading across closed eco-system boundaries.   Absolute URLs do not need to point to a FHIR RESTful server, though this is the preferred approach. If the URL conforms to the structure &quot;/[type]/[id]&quot; then it should be assumed that the reference is to a FHIR RESTful server." /><min value="1" /><max value="1" /><base><path value="Reference.reference" /><min value="0" /><max value="1" /></base><type><code value="string" /></type><condition value="ref-1" /><isSummary value="true" /><mapping><identity value="rim" /><map value="N/A" /></mapping></element><element><path value="Location.status" /><short value="active | suspended | inactive" /><definition value="active | suspended | inactive." /><min value="0" /><max value="0" /><base><path value="Location.status" /><min value="0" /><max value="1" /></base><type><code value="code" /></type><isModifier value="true" /><isSummary value="true" /><binding><strength value="required" /><description value="Indicates whether the location is still in use." /><valueSetReference><reference value="http://hl7.org/fhir/ValueSet/location-status" /></valueSetReference></binding><mapping><identity value="rim" /><map value=".statusCode" /></mapping><mapping><identity value="w5" /><map value="status" /></mapping></element><element><path value="Location.name" /><name value="Ward name" /><short value="The name of the hospital ward within the hospital where the patient has been admitted." /><definition value="Name of the location as used by humans. Does not need to be unique." /><min value="0" /><max value="1" /><base><path value="Location.name" /><min value="0" /><max value="1" /></base><type><code value="string" /></type><mustSupport value="true" /><isSummary value="true" /><mapping><identity value="rim" /><map value=".name" /></mapping></element><element><path value="Location.description" /><short value="Description of the location" /><definition value="Description of the Location, which helps in finding or referencing the place." /><requirements value="Humans need additional information to verify a correct location has been identified." /><min value="0" /><max value="0" /><base><path value="Location.description" /><min value="0" /><max value="1" /></base><type><code value="string" /></type><isSummary value="true" /><mapping><identity value="rim" /><map value=".playingEntity[classCode=PLC determinerCode=INSTANCE].desc" /></mapping></element><element><path value="Location.mode" /><short value="instance | kind" /><definition value="Indicates whether a resource instance represents a specific location or a class of locations." /><requirements value="When using a Location resource for scheduling or orders, we need to be able to refer to a class of Locations instead of a specific Location." /><min value="0" /><max value="0" /><base><path value="Location.mode" /><min value="0" /><max value="1" /></base><type><code value="code" /></type><isModifier value="true" /><isSummary value="true" /><binding><strength value="required" /><description value="Indicates whether a resource instance represents a specific location or a class of locations." /><valueSetReference><reference value="http://hl7.org/fhir/ValueSet/location-mode" /></valueSetReference></binding><mapping><identity value="rim" /><map value=".playingEntity[classCode=PLC].determinerCode" /></mapping><mapping><identity value="w5" /><map value="class" /></mapping></element><element><path value="Location.type" /><short value="Type of function performed" /><definition value="Indicates the type of function performed at the location." /><min value="0" /><max value="0" /><base><path value="Location.type" /><min value="0" /><max value="1" /></base><type><code value="CodeableConcept" /></type><isSummary value="true" /><binding><strength value="extensible" /><description value="Indicates the type of function performed at the location." /><valueSetReference><reference value="http://hl7.org/fhir/ValueSet/v3-ServiceDeliveryLocationRoleType" /></valueSetReference></binding><mapping><identity value="rim" /><map value=".code" /></mapping><mapping><identity value="w5" /><map value="class" /></mapping></element><element><path value="Location.telecom" /><short value="Contact details of the location" /><definition value="The contact details of communication devices available at the location. This can include phone numbers, fax numbers, mobile numbers, email addresses and web sites." /><min value="0" /><max value="0" /><base><path value="Location.telecom" /><min value="0" /><max value="*" /></base><type><code value="ContactPoint" /></type><mapping><identity value="rim" /><map value=".telecom" /></mapping></element><element><path value="Location.address" /><short value="Physical location" /><definition value="Physical location." /><comments value="This was kept as 0..1 as there is no use property on the address, so wouldn't be able to identify different address types." /><requirements value="If locations can be visited, we need to keep track of their address." /><min value="0" /><max value="0" /><base><path value="Location.address" /><min value="0" /><max value="1" /></base><type><code value="Address" /></type><mapping><identity value="rim" /><map value=".addr" /></mapping></element><element><path value="Location.physicalType" /><short value="Physical form of the location" /><definition value="Physical form of the location, e.g. building, room, vehicle, road." /><requirements value="For purposes of showing relevant locations in queries, we need to categorize locations." /><min value="0" /><max value="0" /><base><path value="Location.physicalType" /><min value="0" /><max value="1" /></base><type><code value="CodeableConcept" /></type><isSummary value="true" /><binding><strength value="example" /><description value="Physical form of the location" /><valueSetReference><reference value="http://hl7.org/fhir/ValueSet/location-physical-type" /></valueSetReference></binding><mapping><identity value="rim" /><map value=".playingEntity [classCode=PLC].code" /></mapping><mapping><identity value="w5" /><map value="class" /></mapping></element><element><path value="Location.position" /><short value="The absolute geographic location" /><definition value="The absolute geographic location of the Location, expressed using the WGS84 datum (This is the same co-ordinate system used in KML)." /><requirements value="For mobile applications and automated route-finding knowing the exact location of the Location is required." /><min value="0" /><max value="0" /><base><path value="Location.position" /><min value="0" /><max value="1" /></base><type><code value="BackboneElement" /></type><mapping><identity value="rim" /><map value=".playingEntity [classCode=PLC determinerCode=INSTANCE].positionText" /></mapping></element><element><path value="Location.managingOrganization" /><short value="Organization responsible for provisioning and upkeep" /><definition value="The organization responsible for the provisioning and upkeep of the location." /><comments value="This can also be used as the part of the organization hierarchy where this location provides services. These services can be defined through the HealthcareService resource." /><requirements value="Need to know who manages the location." /><min value="1" /><max value="1" /><base><path value="Location.managingOrganization" /><min value="0" /><max value="1" /></base><type><code value="Organization" /><profile value="http://fhir.nhs.net/StructureDefinition/adw-organization-1-0" /><aggregation value="referenced" /></type><mustSupport value="true" /><isSummary value="true" /><mapping><identity value="rim" /><map value=".scopingEntity[classCode=ORG determinerKind=INSTANCE]" /></mapping></element><element><path value="Location.managingOrganization.reference" /><short value="Relative, internal or absolute URL reference" /><definition value="A reference to a location at which the other resource is found. The reference may be a relative reference, in which case it is relative to the service base URL, or an absolute URL that resolves to the location where the resource is found. The reference may be version specific or not. If the reference is not to a FHIR RESTful server, then it should be assumed to be version specific. Internal fragment references (start with '#') refer to contained resources." /><comments value="Using absolute URLs provides a stable scalable approach suitable for a cloud/web context, while using relative/logical references provides a flexible approach suitable for use when trading across closed eco-system boundaries.   Absolute URLs do not need to point to a FHIR RESTful server, though this is the preferred approach. If the URL conforms to the structure &quot;/[type]/[id]&quot; then it should be assumed that the reference is to a FHIR RESTful server." /><min value="1" /><max value="1" /><base><path value="Reference.reference" /><min value="0" /><max value="1" /></base><type><code value="string" /></type><condition value="ref-1" /><isSummary value="true" /><mapping><identity value="rim" /><map value="N/A" /></mapping></element><element><path value="Location.partOf" /><short value="Another Location this one is physically part of" /><definition value="Another Location which this Location is physically part of." /><requirements value="For purposes of location, display and identification, knowing which locations are located within other locations is important." /><min value="0" /><max value="0" /><base><path value="Location.partOf" /><min value="0" /><max value="1" /></base><type><code value="Reference" /><profile value="http://fhir.nhs.net/StructureDefinition/adw-location-1-0" /></type><mapping><identity value="rim" /><map value=".inboundLink[typeCode=PART].source[classCode=SDLC]" /></mapping></element></differential></StructureDefinition>