<Encounter xmlns="http://hl7.org/fhir"><id value="9abe04e9-c508-492c-94fc-349d34b85bd5" /><meta><profile value="http://fhir.nhs.net/StructureDefinition/adw-discharge-encounter-1-0" /></meta><identifier><value value="2562b8b6-c0db-424a-8c6b-0fa43b0d6c2f" /></identifier><status value="in-progress" /><class value="inpatient" /><patient><reference value="Patient/42840151-1fe1-4967-88c1-bcbd2a191243" /></patient><period><end value="2016-07-17T10:00:00+00:00" /></period><location><location><reference value="Location/64a7a96b-a259-4b39-b50a-ea36e2a0464c" /></location></location><serviceProvider><reference value="Organization/c7bf094c-6581-4771-bafc-88c58e7d8fcd" /></serviceProvider></Encounter>