<Composition xmlns="http://hl7.org/fhir"><id value="40d8d66d-e931-4f59-a51f-9365f81239af" /><meta><profile value="http://fhir.nhs.net/StructureDefinition/adw-discharge-composition-1-0" /></meta><identifier><value value="8aa052bd-eb17-4a42-89ed-cc51987da190" /></identifier><date value="2016-07-25T10:30:00+00:00" /><type><coding><system value="http://snomed.info/sct" /><code value="715641000000104 " /><display value="Discharge Notification Agreement Under Section 5 of the Community Care (Delayed Discharges etc) Act 2003" /></coding></type><title value="Discharge Notification" /><status value="final" /><subject><reference value="Patient/42840151-1fe1-4967-88c1-bcbd2a191243" /></subject><author><reference value="Practitioner/0e0d9a25-bfae-4770-b43f-c98646af55af" /></author><encounter><reference value="Encounter/9abe04e9-c508-492c-94fc-349d34b85bd5" /><display value="Discharge Encounter" /></encounter><section><title value="Key Dates Section" /><text><status value="generated" /><div xmlns="http://www.w3.org/1999/xhtml">
  <table>
    <tbody>
      <tr>
        <th>Proposed Discharge Date</th>
        <td>2016-07-26T10:30:00+00:00</td>
      </tr>
      <tr>
        <th>Discharge Notice Issued Date</th>
        <td>2016-07-25T10:30:00+00:00</td>
      </tr>
      <tr>
        <th>Notification Date and Time</th>
        <td>2016-07-25T12:00:00+00:00</td>
      </tr>
    </tbody>
  </table>
</div></text></section><section><title value="Hospital Liaison" /><text><status value="generated" /><div xmlns="http://www.w3.org/1999/xhtml">
  <b>Ward Contact Details</b>
  <table width="100%">
    <tbody>
      <tr>
        <td>Contact the Discharge Coordinator between 09:00 and 17:30</td>
      </tr>
      <tr>
        <td>Discharge Coordinator: Leticia Gulliver</td>
        <td>Email: Leticia.gulliver45@nhs.net</td>
        <td>Tel:01234 56789</td>
      </tr>
    </tbody>
  </table>
</div></text></section><section><title value="Discharge details" /><code><coding><system value="http://fhir.nhs.net/Id/snomed.info/sct" /><code value="886811000000106 " /><display value="Discharge details" /></coding></code><text><status value="generated" /><div xmlns="http://www.w3.org/1999/xhtml">
  <table width="100%">
    <tbody>
      <tr>
        <td>Discharge details</td>
        <td>Patient has recovered from their illness</td>
      </tr>
    </tbody>
  </table>
</div></text></section><section><title value="Supporting Information" /><text><status value="generated" /><div xmlns="http://www.w3.org/1999/xhtml">
  <table width="100%">
    <tbody>
      <tr>
        <td>Has the patient been consulted regarding this Discharge Notice?</td>
        <td>Yes</td>
      </tr>
      <tr>
        <td>Has the patient's carer (if applicable) been consulted regarding the Discharge Notice?</td>
        <td>Yes</td>
      </tr>
    </tbody>
  </table>
</div></text></section></Composition>