<Composition xmlns="http://hl7.org/fhir"><identifier id="78fa1f70-e972-4f4d-a7a3-a1f7232b134f" /><date value="2016-07-25T12:00:00+00:00" /><type><coding><system value="http://fhir.nhs.net/Id/snomed.info/sct" /><code value="715721000000100" /><display value="Assessment Notification Under Section 2 of the Community Care (Delayed Discharges etc) Act 2003 Document" /></coding></type><title value="Assessment Notification" /><status value="final" /><subject><reference value="Patient/bc3027a7-924c-44b5-8f1b-bfd5266c6905" /></subject><author><reference value="Practitioner/be4f73b4-2969-4ae8-8ff1-e2e798967f91" /></author><encounter><reference value="Encounter/fd60ffd5-3e41-4b68-aa62-37f5407d8c0" /><display value="Encounter" /></encounter><section><title value="Key Dates Section" /><text><status value="generated" /><div xmlns="http://www.w3.org/1999/xhtml">
  <table>
    <tbody>
      <tr>
        <th>Date of Admision</th>
        <td>2016-07-14T09:00:00+00:00</td>
      </tr>
      <tr>
        <th>Expected Date of Discharge</th>
        <td>2016-07-26T10:30:00+00:00</td>
      </tr>
      <tr>
        <th>Notification Date and Time</th>
        <td>2016-07-25T12:00:00+00:00</td>
      </tr>
    </tbody>
  </table>
</div></text></section><section><title value="Hospital Liaison" /><text><status value="generated" /><div xmlns="http://www.w3.org/1999/xhtml">
  <b>Ward Contact Details</b>
  <table width="100%">
    <tbody>
      <tr>
        <td>Contact the Discharge Coordinator between 09:00 and 17:30</td>
      </tr>
      <tr>
        <td>Discharge Coordinator: Leticia Gulliver</td>
        <td>Email: Leticia.gulliver45@nhs.net</td>
        <td>Tel:01234 56789</td>
      </tr>
    </tbody>
  </table>
</div></text></section><section><title value="Reason for admission" /><code><coding><system value="http://fhir.nhs.net/Id/snomed.info/sct" /><code value="886861000000108" /><display value="Reason for admission" /></coding></code><text><status value="generated" /><div xmlns="http://www.w3.org/1999/xhtml">
  <table width="100%">
    <tbody>
      <tr>
        <td>Reason for admission</td>
        <td>Chest pain, shortness of breath, nausea</td>
      </tr>
    </tbody>
  </table>
</div></text></section><section><title value="Supporting Information" /><text><status value="generated" /><div xmlns="http://www.w3.org/1999/xhtml">
  <table width="100%">
    <tbody>
      <tr>
        <td>Has the patient been consulted regarding this Assessment Notice?</td>
        <td>Yes</td>
      </tr>
      <tr>
        <td>Has the patient's carer (if applicable) been consulted regarding the Assessment Notice?</td>
        <td>Yes</td>
      </tr>
      <tr>
        <td>Are there any safeguarding issues associated with the patient?</td>
        <td>No</td>
      </tr>
      <tr>
        <td>Has the patient consented to this Assessment Notice?</td>
        <td>Yes</td>
      </tr>
      <tr>
        <td>What is the source of the third party consent for this assessment notice?</td>
        <td>TBA</td>
      </tr>
      <tr>
        <td>Has the provision of NHS Continuing Health Care been considered?</td>
        <td>Yes</td>
      </tr>
      <tr>
        <td>If the provision of NHS Continuing Health Care has been considered, what was the result of that consideration?</td>
        <td>Ongoing care/support requires timely assessment by NHS</td>
      </tr>
    </tbody>
  </table>
</div></text></section></Composition>