<Bundle xmlns="http://hl7.org/fhir"><id value="d12dc439-ca5c-4177-bb70-4fece88edab0" /><meta><profile value="https://fhir.nhs.uk/StructureDefinition/itk-message-bundle-1" /></meta><type value="message" /><entry><fullUrl value="https://fhir.nhs.uk/StructureDefinition/itk-infack-messageheader-1" /><resource><MessageHeader><id value="a4409d7c-b613-477c-b623-87e60406c2f0" /><meta><profile value="https://fhir.nhs.uk/StructureDefinition/itk-infack-messageheader-1" /></meta><extension url="https://fhir.nhs.uk/StructureDefinition/extension-itk-messagehandling-1"><extension url="key"><valueCodeableConcept><coding><system value="https://fhir.nhs.uk/itk-handling-key-1" /><code value="SNDSRVC" /><display value="Sending Service" /></coding></valueCodeableConcept></extension><extension url="value"><valueString value="SendDocument-v1-0" /></extension></extension><extension url="https://fhir.nhs.uk/StructureDefinition/extension-itk-messagehandling-1"><extension url="key"><valueCodeableConcept><coding><system value="https://fhir.nhs.uk/itk-handling-key-1" /><code value="INTID" /><display value="Interaction ID" /></coding></valueCodeableConcept></extension><extension url="value"><valueString value="RSP-ITK-Infrastructure-Acknowledgement-Response-1" /></extension></extension><extension url="https://fhir.nhs.uk/StructureDefinition/extension-itk-messagehandling-1"><extension url="key"><valueCodeableConcept><coding><system value="https://fhir.nhs.uk/itk-handling-key-1" /><code value="INFACK" /><display value="Infrastructure Acknowledgement" /></coding></valueCodeableConcept></extension><extension url="value"><valueBoolean value="false" /></extension></extension><timestamp value="2017-01-23T10:10:16+00:00" /><event><system value="https://fhir.nhs.uk/itk-message-event-1" /><code value="ITK001" /><display value="Message structure validation check" /></event><response><identifier value="ea7221b8-3cc0-4b11-bc95-585b056b5428" /><code value="fatal-error" /></response><source><endpoint value="urn:nhs-uk:addressing:ods:RHM" /></source><destination><endpoint value="urn:nhs-uk:addressing:ods:B83019" /></destination></MessageHeader></resource></entry></Bundle>