<Practitioner xmlns="http://hl7.org/fhir"><id value="88563c7f-b040-486a-9018-296bf9b94f32" /><meta><profile value="http://fhir.nhs.net/StructureDefinition/adw-lead-clinician-practitioner-1-0" /></meta><identifier><use value="official" /><system value="http://fhir.nhs.net/Id/sds-user-identifier" /><value value="044445750555" /></identifier><name><use value="official" /><family value="Stibbs" /><given value="Nigel" /><prefix value="Dr" /></name><practitionerRole><managingOrganization><reference value="Organization/e3453363-1887-4b98-a12b-60f5852e0a2b" /><display value="Hebburn Hospital" /></managingOrganization><role><coding><system value="http://fhir.nhs.net/ValueSet/job-role-name-1-0" /><code value="NR0050" /><display value="Consultant" /></coding><text value="Lead Clinician" /></role></practitionerRole></Practitioner>