<Organization xmlns="http://hl7.org/fhir"><id value="dab4b872-e000-42ec-bd4e-0d804fc3b92e" /><meta><profile value="http://fhir.nhs.net/StructureDefinition/adw-organization-1-0" /></meta><identifier><use value="official" /><system value="http://fhir.nhs.net/Id/ods-organization-code" /><value value="V396BB" /></identifier><type><coding><system value="http://hl7.org/fhir/ValueSet/organization-type" /><code value="govt" /><display value="Government" /></coding><text value="Local Authority" /></type><name value="Hebburn Council" /></Organization>