<Encounter xmlns="http://hl7.org/fhir"><id value="fd60ffd5-3e41-4b68-aa62-37f5407d8c03" /><meta><profile value="http://fhir.nhs.net/StructureDefinition/adw-encounter-1-0" /></meta><identifier><value value="2562b8b6-c0db-424a-8c6b-0fa43b0d6c2f" /></identifier><status value="in-progress" /><class value="inpatient" /><priority><coding><system value="http://fhir.nhs.net/ValueSet/adw-admission-type-1-0" /><code value="P" /><display value="Elective" /></coding></priority><patient><reference value="Patient/bc3027a7-924c-44b5-8f1b-bfd5266c6905" /></patient><period><start value="2016-07-14T09:00:00+00:00" /></period><hospitalization><admittingDiagnosis><reference value="Condition/af7ba23c-8ad3-11e6-ae22-56b6b6499611" /></admittingDiagnosis></hospitalization><location><location><reference value="Location/ce114cdd-cfeb-4533-b3c4-3c0dd450b25c" /></location></location><serviceProvider><reference value="Organization/1ebc76fd-9612-4c72-81dd-de294a0e7287" /></serviceProvider></Encounter>