<MessageHeader xmlns="http://hl7.org/fhir"><id value="5bfa2a2e-923b-440d-82d6-38e24b666be6" /><meta><profile value="http://fhir.nhs.net/StructureDefinition/adw-assessment-notice-message-header-1-0" /></meta><timestamp value="2016-07-25T12:00:00+00:00" /><event><system value="http://fhir.nhs.net/ValueSet/adw-message-event-1-0" /><code value="975701000000106" /></event><source><name value="Hospital Sending System" /><endpoint value="urn:nhs-uk:addressing:ods:RFM8C2" /></source><destination><name value="Local Authority Receiving System" /><endpoint value="urn:nhs-uk:addressing:ods:V396BB" /></destination><author><reference value="Practitioner/5b5d3bab-c1bb-434a-ab0d-82c4860bb098" /></author><receiver><reference value="Practitioner/64e5b82e-773d-4c67-b583-8cb075e63620" /></receiver><responsible><reference value="Practitioner/be4f73b4-2969-4ae8-8ff1-e2e798967f91" /></responsible><data><reference value="ReferralRequest/37c1099d-638c-4970-bcc6-539403f6ca8e" /></data></MessageHeader>