<Practitioner xmlns="http://hl7.org/fhir"><id value="5b5d3bab-c1bb-434a-ab0d-82c4860bb098" /><meta><profile value="http://fhir.nhs.net/StructureDefinition/adw-practitioner-1-0" /></meta><name><family value="Gulliver" /><given value="Leticia" /></name><telecom><system value="phone" /><value value="0191223344" /><use value="work" /></telecom><telecom><system value="email" /><value value="leticia.gulliver@nhs.net" /><use value="work" /></telecom><practitionerRole><managingOrganization><reference value="Organization/1ebc76fd-9612-4c72-81dd-de294a0e7287" /><display value="Hebburn Hospital" /></managingOrganization><role><coding><system value="http://fhir.nhs.net/ValueSet/job-role-name-1-0" /><code value="NR2060" /><display value="Discharge coordinator" /></coding><text value="Hospital Liaison" /></role></practitionerRole></Practitioner>