<Practitioner xmlns="http://hl7.org/fhir"><id value="64e5b82e-773d-4c67-b583-8cb075e63620" /><meta><profile value="http://fhir.nhs.net/StructureDefinition/adw-practitioner-1-0" /></meta><name><family value="Jones" /><given value="Lee" /></name><telecom><system value="phone" /><value value="0191223888" /><use value="work" /></telecom><telecom><system value="email" /><value value="lee.jones@nhs.net" /><use value="work" /></telecom><practitionerRole><managingOrganization><reference value="Organization/ac831651-0ed4-4b25-97d9-2f204a51c182" /><display value="Local Authority Social Services' department Community Team" /></managingOrganization><role><coding><system value="http://fhir.nhs.net/ValueSet/job-role-name-1-0" /><code value="NR1340" /><display value="Approved Social Worker" /></coding><text value="Local Authority Contact (Social Worker)" /></role></practitionerRole></Practitioner>