<Composition xmlns="http://hl7.org/fhir"><id value="b5f24590-473b-4228-bfc7-f37ed063a844" /><meta><profile value="http://fhir.nhs.net/StructureDefinition/adw-composition-1-0" /></meta><identifier id="8aa052bd-eb17-4a42-89ed-cc51987da190" /><date value="2016-07-25T10:30:00+00:00" /><type><coding><system value="http://fhir.nhs.net/Id/snomed.info/sct" /><code value="975731000000100 " /><display value="Discharge Notice under the Care Act 2014 Schedule 3" /></coding></type><title value="Discharge Notification" /><status value="final" /><subject><reference value="Patient/bc3027a7-924c-44b5-8f1b-bfd5266c6905" /></subject><author><reference value="Practitioner/be4f73b4-2969-4ae8-8ff1-e2e798967f91" /></author><encounter><reference value="Encounter/fd60ffd5-3e41-4b68-aa62-37f5407d8c03" /><display value="Encounter" /></encounter><section><title value="Key Dates Section" /><text><status value="generated" /><div xmlns="http://www.w3.org/1999/xhtml">
  <table>
    <tbody>
      <tr>
        <th>Proposed Discharge Date</th>
        <td>2016-07-26T10:30:00+00:00</td>
      </tr>
      <tr>
        <th>Discharge Notice Issued Date</th>
        <td>2016-07-25T10:30:00+00:00</td>
      </tr>
    </tbody>
  </table>
</div></text></section><section><title value="Hospital Liaison" /><text><status value="generated" /><div xmlns="http://www.w3.org/1999/xhtml">
  <b>Ward Contact Details</b>
  <table width="100%">
    <tbody>
      <tr>
        <td>Contact the Discharge Coordinator between 09:00 and 17:30</td>
      </tr>
      <tr>
        <td>Discharge Coordinator: Leticia Gulliver</td>
        <td>Email: Leticia.gulliver45@nhs.net</td>
        <td>Tel:01234 56789</td>
      </tr>
    </tbody>
  </table>
</div></text></section><section><title value="Discharge details" /><code><coding><system value="http://fhir.nhs.net/Id/snomed.info/sct" /><code value="886811000000106 " /><display value="Discharge details" /></coding></code><text><status value="generated" /><div xmlns="http://www.w3.org/1999/xhtml">
  <table width="100%">
    <tbody>
      <tr>
        <td>Discharge details</td>
        <td>Patient has recovered from his illness</td>
      </tr>
    </tbody>
  </table>
</div></text></section><section><title value="Supporting Information" /><text><status value="generated" /><div xmlns="http://www.w3.org/1999/xhtml">
  <table width="100%">
    <tbody>
      <tr>
        <td>Has the patient been consulted regarding the proposed discharge date ?</td>
        <td>Yes</td>
      </tr>
      <tr>
        <td>Has the patient's carer (if applicable) been consulted regarding the proposed discharge date?</td>
        <td>Yes</td>
      </tr>
    </tbody>
  </table>
</div></text></section></Composition>