<Organization xmlns="http://hl7.org/fhir"><id value="1ebc76fd-9612-4c72-81dd-de294a0e7287" /><meta><profile value="http://fhir.nhs.net/StructureDefinition/adw-organization-1-0" /></meta><identifier><use value="official" /><system value="http://fhir.nhs.net/Id/ods-organization-code" /><value value="RFM8C2" /></identifier><type><coding><system value="http://hl7.org/fhir/ValueSet/organization-type" /><code value="prov" /><display value="Healthcare Provider" /></coding><text value="Hospital" /></type><name value="Hebburn Hospital" /><address><type value="both" /><line value="Hebburn Hospital" /><line value="East View" /><city value="Newcastle Upon Tyne" /><district value="Tyne and Wear" /><postalCode value="NE31 1DR" /></address></Organization>