<QuestionnaireResponse xmlns="http://hl7.org/fhir"><id value="9c7eb664-d257-4250-aee2-20ad202919e8" /><meta><profile value="http://fhir.nhs.net/StructureDefinition/adw-questionnaire-response-1-0" /></meta><identifier><value value="fd60ffd5-3e41-4b68-aa62-37f5407d8c04" /></identifier><status value="completed" /><author><reference value="Practitioner/5b5d3bab-c1bb-434a-ab0d-82c4860bb098" /></author><group><question><text value="Reason for Admission?" /><answer><valueString value="Chest pain, shortness of breath, nausea" /></answer></question><question><text value="Has the patient been consulted regarding this Assessment Notice?" /><answer><valueCoding><system value="http://fhir.nhs.net/ValueSet/adw-consultation-status-1-0" /><code value="Y" /><display value="Yes" /></valueCoding></answer></question><question><text value="Has the patient's carer (if applicable) been consulted regarding the Assessment Notice?" /><answer><valueCoding><system value="http://fhir.nhs.net/ValueSet/adw-consultation-status-1-0" /><code value="Y" /><display value="Yes" /></valueCoding></answer></question><question><text value="Are there any safeguarding issues associated with the patient?" /><answer><valueCoding><system value="http://fhir.nhs.net/ValueSet/adw-consultation-status-1-0" /><code value="N" /><display value="No" /></valueCoding></answer></question><question><text value="Has the patient consented to this Assessment Notice?" /><answer><valueCoding><system value="http://fhir.nhs.net/ValueSet/adw-consultation-status-1-0" /><code value="Y" /><display value="Yes" /></valueCoding></answer></question><question><text value="What is the source of the third party consent for this assessment notice?" /><answer><valueCoding><system value="http://fhir.nhs.net/ValueSet/adw-third-party-consent-source-1-0" /><code value="B" /><display value="Best Interest Decision" /></valueCoding></answer></question><question><text value="Has the provision of NHS Continuing Health Care been considered?" /><answer><valueCoding><system value="http://fhir.nhs.net/ValueSet/adw-consultation-status-1-0" /><code value="Y" /><display value="Yes" /></valueCoding></answer></question><question><text value="If the provision of NHS Continuing Health Care has been considered, what was the result of that consideration?" /><answer><valueString value="Ongoing care/support requires timely assessment by NHS" /></answer></question></group></QuestionnaireResponse>