<Organization xmlns="http://hl7.org/fhir"><id value="ac831651-0ed4-4b25-97d9-2f204a51c182" /><meta><profile value="http://fhir.nhs.net/StructureDefinition/adw-social-services-team-organization-1-0" /></meta><type><coding><system value="http://hl7.org/fhir/ValueSet/organization-type" /><code value="other" /><display value="Other" /></coding><text value="Local Authority Social Services' department Community Team" /></type><name value="Social Services' Community Team" /><partOf><reference value="Organization/dab4b872-e000-42ec-bd4e-0d804fc3b92e" /><display value="Hebburn Social Services" /></partOf></Organization>