<StructureDefinition xmlns="http://hl7.org/fhir"><meta><lastUpdated value="2017-03-16T14:41:15.168+00:00" /><tag><system value="urn:hscic:publishOrder" /><code value="1" /></tag><tag><system value="urn:hscic:examples" /><code value="ITK-InfAck-Fail-Example-1" /><display value="Example of a Infrastructure Acknowledgement response to an invalid message" /></tag><tag><system value="urn:hscic:examples" /><code value="ITK-InfAck-Success-Example-1" /><display value="Example of a Infrastructure Acknowledgement response to a valid message" /></tag></meta><extension url="http://hl7.org/fhir/StructureDefinition/structuredefinition-fmm"><valueInteger value="3" /></extension><url value="https://fhir.nhs.uk/StructureDefinition/itk-message-bundle-1" /><version value="1" /><name value="ITK-Message-Bundle-1" /><status value="draft" /><publisher value="NHS Digital" /><date value="2015-09-22T11:02:49+01:00" /><description value="ITK message bundle where the first resource is a message header." /><copyright value="Copyright © 2016 Health and Social Care Information Centre" /><fhirVersion value="1.0.1" /><kind value="resource" /><constrainedType value="Bundle" /><abstract value="false" /><base value="http://hl7.org/fhir/StructureDefinition/Bundle" /><snapshot><element><path value="Bundle" /><short value="Contains a collection of resources" /><definition value="A container for a collection of resources." /><min value="0" /><max value="*" /><base><path value="Resource" /><min value="0" /><max value="*" /></base><type><code value="Bundle" /></type><constraint><extension url="http://hl7.org/fhir/StructureDefinition/structuredefinition-expression"><valueString value="entry.search.empty() or (type = 'searchset')" /></extension><key value="bdl-2" /><severity value="error" /><human value="entry.search only when a search" /><xpath value="not(f:entry/f:search) or (f:type/@value = 'searchset')" /></constraint><constraint><extension url="http://hl7.org/fhir/StructureDefinition/structuredefinition-expression"><valueString value="total.empty() or (type = 'searchset') or (type = 'history')" /></extension><key value="bdl-1" /><severity value="error" /><human value="total only when a search or history" /><xpath value="not(f:total) or (f:type/@value = 'searchset') or (f:type/@value = 'history')" /></constraint><constraint><extension url="http://hl7.org/fhir/StructureDefinition/structuredefinition-expression"><valueString value="entry.where(fullUrl).select(fullUrl|resource.meta.versionId).isDistinct()" /></extension><key value="bdl-7" /><severity value="error" /><human value="FullUrl must be unique in a bundle, or else entries with the same fullUrl must have different meta.versionId" /><xpath value="count(for $entry in f:entry[f:resource] return $entry[count(parent::f:Bundle/f:entry[f:fullUrl/@value=$entry/f:fullUrl/@value and ((not(f:resource/*/f:meta/f:versionId/@value) and not($entry/f:resource/*/f:meta/f:versionId/@value)) or f:resource/*/f:meta/f:versionId/@value=$entry/f:resource/*/f:meta/f:versionId/@value)])!=1])=0" /></constraint><constraint><extension url="http://hl7.org/fhir/StructureDefinition/structuredefinition-expression"><valueString value="entry.request.empty() or type = 'batch' or type = 'transaction' or type = 'history'" /></extension><key value="bdl-3" /><severity value="error" /><human value="entry.request only for some types of bundles" /><xpath value="not(f:entry/f:request) or (f:type/@value = 'batch') or (f:type/@value = 'transaction') or (f:type/@value = 'history')" /></constraint><constraint><extension url="http://hl7.org/fhir/StructureDefinition/structuredefinition-expression"><valueString value="entry.response.empty() or type = 'batch-response' or type = 'transaction-response'" /></extension><key value="bdl-4" /><severity value="error" /><human value="entry.response only for some types of bundles" /><xpath value="not(f:entry/f:response) or (f:type/@value = 'batch-response') or (f:type/@value = 'transaction-response')" /></constraint><constraint><key value="bdl-7" /><severity value="error" /><human value="FullUrl must be unique in a bundle, or else entries with the same fullUrl must have different meta.versionId" /><xpath value="count(for $entry in f:entry[f:resource] return $entry[count(parent::f:Bundle/f:entry[f:fullUrl/@value=$entry/f:fullUrl/@value and ((not(f:resource/*/f:meta/f:versionId/@value) and not($entry/f:resource/*/f:meta/f:versionId/@value)) or f:resource/*/f:meta/f:versionId/@value=$entry/f:resource/*/f:meta/f:versionId/@value)])!=1])=0" /></constraint><constraint><key value="bdl-3" /><severity value="error" /><human value="entry.transaction when (and only when) a transaction" /><xpath value="not(f:entry/f:request) or (f:type/@value = 'batch') or (f:type/@value = 'transaction') or (f:type/@value = 'history')" /></constraint><constraint><key value="bdl-4" /><severity value="error" /><human value="entry.transactionResponse when (and only when) a transaction-response" /><xpath value="not(f:entry/f:response) or (f:type/@value = 'batch-response') or (f:type/@value = 'transaction-response')" /></constraint><constraint><key value="bdl-1" /><severity value="error" /><human value="total only when a search or history" /><xpath value="not(f:total) or (f:type/@value = 'searchset') or (f:type/@value = 'history')" /></constraint><constraint><key value="bdl-2" /><severity value="error" /><human value="entry.search only when a search" /><xpath value="not(f:entry/f:search) or (f:type/@value = 'searchset')" /></constraint><isSummary value="true" /><mapping><identity value="rim" /><map value="Entity. Role, or Act" /></mapping><mapping><identity value="v2" /><map value="N/A" /></mapping><mapping><identity value="rim" /><map value="N/A" /></mapping><mapping><identity value="w5" /><map value="infrastructure.structure" /></mapping></element><element><path value="Bundle.id" /><short value="Logical id of this artifact" /><definition value="The logical id of the resource, as used in the URL for the resource. Once assigned, this value never changes." /><comments value="The only time that a resource does not have an id is when it is being submitted to the server using a create operation. Bundles always have an id, though it is usually a generated UUID." /><min value="0" /><max value="1" /><base><path value="Resource.id" /><min value="0" /><max value="1" /></base><type><code value="id" /></type><condition value="ele-1" /><constraint><extension url="http://hl7.org/fhir/StructureDefinition/structuredefinition-expression"><valueString value="children()" /></extension><key value="ele-1" /><severity value="error" /><human value="All FHIR elements must have a @value or children" /><xpath value="@value|f:*|h:div" /></constraint><isSummary value="true" /><mapping><identity value="rim" /><map value="n/a" /></mapping></element><element><path value="Bundle.meta" /><short value="Metadata about the resource" /><definition value="The metadata about the resource. This is content that is maintained by the infrastructure. Changes to the content may not always be associated with version changes to the resource." /><min value="0" /><max value="1" /><base><path value="Resource.meta" /><min value="0" /><max value="1" /></base><type><code value="Meta" /></type><condition value="ele-1" /><constraint><extension url="http://hl7.org/fhir/StructureDefinition/structuredefinition-expression"><valueString value="children()" /></extension><key value="ele-1" /><severity value="error" /><human value="All FHIR elements must have a @value or children" /><xpath value="@value|f:*|h:div" /></constraint><isSummary value="true" /><mapping><identity value="rim" /><map value="n/a" /></mapping></element><element><path value="Bundle.implicitRules" /><short value="A set of rules under which this content was created" /><definition value="A reference to a set of rules that were followed when the resource was constructed, and which must be understood when processing the content." /><comments value="Asserting this rule set restricts the content to be only understood by a limited set of trading partners. This inherently limits the usefulness of the data in the long term. However, the existing health eco-system is highly fractured, and not yet ready to define, collect, and exchange data in a generally computable sense. Wherever possible, implementers and/or specification writers should avoid using this element as much as possible." /><min value="0" /><max value="1" /><base><path value="Resource.implicitRules" /><min value="0" /><max value="1" /></base><type><code value="uri" /></type><condition value="ele-1" /><constraint><extension url="http://hl7.org/fhir/StructureDefinition/structuredefinition-expression"><valueString value="children()" /></extension><key value="ele-1" /><severity value="error" /><human value="All FHIR elements must have a @value or children" /><xpath value="@value|f:*|h:div" /></constraint><isModifier value="true" /><isSummary value="true" /><mapping><identity value="rim" /><map value="n/a" /></mapping></element><element><path value="Bundle.language" /><short value="Language of the resource content" /><definition value="The base language in which the resource is written." /><comments value="Language is provided to support indexing and accessibility (typically, services such as text to speech use the language tag). The html language tag in the narrative applies  to the narrative. The language tag on the resource may be used to specify the language of other presentations generated from the data in the resource  Not all the content has to be in the base language. The Resource.language should not be assumed to apply to the narrative automatically. If a language is specified, it should it also be specified on the div element in the html (see rules in HTML5 for information about the relationship between xml:lang and the html lang attribute)." /><min value="0" /><max value="1" /><base><path value="Resource.language" /><min value="0" /><max value="1" /></base><type><code value="code" /></type><condition value="ele-1" /><constraint><extension url="http://hl7.org/fhir/StructureDefinition/structuredefinition-expression"><valueString value="children()" /></extension><key value="ele-1" /><severity value="error" /><human value="All FHIR elements must have a @value or children" /><xpath value="@value|f:*|h:div" /></constraint><binding><strength value="required" /><description value="A human language." /><valueSetUri value="http://tools.ietf.org/html/bcp47" /></binding><mapping><identity value="rim" /><map value="n/a" /></mapping></element><element><path value="Bundle.type" /><short value="Bundle identified by bundle type 'message'." /><definition value="Indicates the purpose of this bundle- how it was intended to be used." /><comments value="It's possible to use a bundle for other purposes (e.g. a document can be accepted as a transaction). This is primarily defined so that there can be specific rules for some of the bundle types." /><min value="1" /><max value="1" /><base><path value="Bundle.type" /><min value="1" /><max value="1" /></base><type><code value="code" /></type><fixedCode value="message" /><condition value="ele-1" /><constraint><extension url="http://hl7.org/fhir/StructureDefinition/structuredefinition-expression"><valueString value="children()" /></extension><key value="ele-1" /><severity value="error" /><human value="All FHIR elements must have a @value or children" /><xpath value="@value|f:*|h:div" /></constraint><isSummary value="true" /><binding><strength value="required" /><description value="Indicates the purpose of a bundle - how it was intended to be used." /><valueSetReference><reference value="http://hl7.org/fhir/ValueSet/bundle-type" /></valueSetReference></binding><mapping><identity value="rim" /><map value="n/a" /></mapping><mapping><identity value="w5" /><map value="class" /></mapping></element><element><path value="Bundle.total" /><short value="If search, the total number of matches" /><definition value="If a set of search matches, this is the total number of matches for the search (as opposed to the number of results in this bundle)." /><comments value="Only used if the bundle is a search result set." /><min value="0" /><max value="0" /><base><path value="Bundle.total" /><min value="0" /><max value="1" /></base><type><code value="unsignedInt" /></type><condition value="ele-1" /><condition value="bdl-1" /><constraint><extension url="http://hl7.org/fhir/StructureDefinition/structuredefinition-expression"><valueString value="children()" /></extension><key value="ele-1" /><severity value="error" /><human value="All FHIR elements must have a @value or children" /><xpath value="@value|f:*|h:div" /></constraint><isSummary value="true" /><mapping><identity value="rim" /><map value="n/a" /></mapping></element><element><path value="Bundle.link" /><name value="link" /><short value="Links related to this Bundle" /><definition value="A series of links that provide context to this bundle." /><min value="0" /><max value="0" /><base><path value="Bundle.link" /><min value="0" /><max value="*" /></base><type><code value="BackboneElement" /></type><condition value="ele-1" /><constraint><extension url="http://hl7.org/fhir/StructureDefinition/structuredefinition-expression"><valueString value="children()" /></extension><key value="ele-1" /><severity value="error" /><human value="All FHIR elements must have a @value or children" /><xpath value="@value|f:*|h:div" /></constraint><isSummary value="true" /><mapping><identity value="rim" /><map value="n/a" /></mapping></element><element><path value="Bundle.link.id" /><short value="xml:id (or equivalent in JSON)" /><definition value="unique id for the element within a resource (for internal references)." /><comments value="RFC 4122" /><min value="0" /><max value="1" /><base><path value="Element.id" /><min value="0" /><max value="1" /></base><type><code value="id" /></type><condition value="ele-1" /><constraint><extension url="http://hl7.org/fhir/StructureDefinition/structuredefinition-expression"><valueString value="children()" /></extension><key value="ele-1" /><severity value="error" /><human value="All FHIR elements must have a @value or children" /><xpath value="@value|f:*|h:div" /></constraint><mapping><identity value="rim" /><map value="n/a" /></mapping></element><element><path value="Bundle.link.extension" /><short value="Additional Content defined by implementations" /><definition value="May be used to represent additional information that is not part of the basic definition of the element. In order to make the use of extensions safe and manageable, there is a strict set of governance  applied to the definition and use of extensions. Though any implementer is allowed to define an extension, there is a set of requirements that SHALL be met as part of the definition of the extension." /><comments value="There can be no stigma associated with the use of extensions by any application, project, or standard - regardless of the institution or jurisdiction that uses or defines the extensions.  The use of extensions is what allows the FHIR specification to retain a core level of simplicity for everyone." /><alias value="extensions" /><alias value="user content" /><min value="0" /><max value="*" /><base><path value="Element.extension" /><min value="0" /><max value="*" /></base><type><code value="Extension" /></type><condition value="ele-1" /><constraint><extension url="http://hl7.org/fhir/StructureDefinition/structuredefinition-expression"><valueString value="children()" /></extension><key value="ele-1" /><severity value="error" /><human value="All FHIR elements must have a @value or children" /><xpath value="@value|f:*|h:div" /></constraint><mapping><identity value="rim" /><map value="n/a" /></mapping><mapping><identity value="rim" /><map value="N/A" /></mapping></element><element><path value="Bundle.link.modifierExtension" /><short value="Extensions that cannot be ignored" /><definition value="May be used to represent additional information that is not part of the basic definition of the element, and that modifies the understanding of the element that contains it. Usually modifier elements provide negation or qualification. In order to make the use of extensions safe and manageable, there is a strict set of governance applied to the definition and use of extensions. Though any implementer is allowed to define an extension, there is a set of requirements that SHALL be met as part of the definition of the extension. Applications processing a resource are required to check for modifier extensions." /><comments value="There can be no stigma associated with the use of extensions by any application, project, or standard - regardless of the institution or jurisdiction that uses or defines the extensions.  The use of extensions is what allows the FHIR specification to retain a core level of simplicity for everyone." /><alias value="extensions" /><alias value="user content" /><alias value="modifiers" /><min value="0" /><max value="*" /><base><path value="BackboneElement.modifierExtension" /><min value="0" /><max value="*" /></base><type><code value="Extension" /></type><condition value="ele-1" /><constraint><extension url="http://hl7.org/fhir/StructureDefinition/structuredefinition-expression"><valueString value="children()" /></extension><key value="ele-1" /><severity value="error" /><human value="All FHIR elements must have a @value or children" /><xpath value="@value|f:*|h:div" /></constraint><isModifier value="true" /><mapping><identity value="rim" /><map value="n/a" /></mapping><mapping><identity value="rim" /><map value="N/A" /></mapping></element><element><path value="Bundle.link.relation" /><short value="http://www.iana.org/assignments/link-relations/link-relations.xhtml" /><definition value="A name which details the functional use for this link - see [[http://www.iana.org/assignments/link-relations/link-relations.xhtml]]." /><comments value="Note that FHIR strings may not exceed 1MB in size" /><min value="1" /><max value="1" /><base><path value="Bundle.link.relation" /><min value="1" /><max value="1" /></base><type><code value="string" /></type><condition value="ele-1" /><constraint><extension url="http://hl7.org/fhir/StructureDefinition/structuredefinition-expression"><valueString value="children()" /></extension><key value="ele-1" /><severity value="error" /><human value="All FHIR elements must have a @value or children" /><xpath value="@value|f:*|h:div" /></constraint><isSummary value="true" /><mapping><identity value="rim" /><map value="n/a" /></mapping></element><element><path value="Bundle.link.url" /><short value="Reference details for the link" /><definition value="The reference details for the link." /><comments value="see http://en.wikipedia.org/wiki/Uniform_resource_identifier" /><min value="1" /><max value="1" /><base><path value="Bundle.link.url" /><min value="1" /><max value="1" /></base><type><code value="uri" /></type><condition value="ele-1" /><constraint><extension url="http://hl7.org/fhir/StructureDefinition/structuredefinition-expression"><valueString value="children()" /></extension><key value="ele-1" /><severity value="error" /><human value="All FHIR elements must have a @value or children" /><xpath value="@value|f:*|h:div" /></constraint><isSummary value="true" /><mapping><identity value="rim" /><map value="n/a" /></mapping></element><element><path value="Bundle.entry" /><short value="Entry in the bundle - will have a resource, or information" /><definition value="An entry in a bundle resource - will either contain a resource, or information about a resource (transactions and history only)." /><min value="1" /><max value="*" /><base><path value="Bundle.entry" /><min value="0" /><max value="*" /></base><type><code value="BackboneElement" /></type><condition value="ele-1" /><constraint><extension url="http://hl7.org/fhir/StructureDefinition/structuredefinition-expression"><valueString value="children()" /></extension><key value="ele-1" /><severity value="error" /><human value="All FHIR elements must have a @value or children" /><xpath value="@value|f:*|h:div" /></constraint><constraint><extension url="http://hl7.org/fhir/StructureDefinition/structuredefinition-expression"><valueString value="resource or request or response" /></extension><key value="bdl-5" /><severity value="error" /><human value="must be a resource unless there's a request or response" /><xpath value="f:resource or f:request or f:response" /></constraint><constraint><extension url="http://hl7.org/fhir/StructureDefinition/structuredefinition-expression"><valueString value="fullUrl.empty() xor resource" /></extension><key value="bdl-6" /><severity value="error" /><human value="The fullUrl element must be present when a resource is present, and not present otherwise" /><xpath value="(not(exists(f:fullUrl)) and not(exists(f:resource))) or (exists(f:fullUrl) and exists(f:resource))" /></constraint><isSummary value="true" /><mapping><identity value="rim" /><map value="n/a" /></mapping></element><element><path value="Bundle.entry.id" /><short value="xml:id (or equivalent in JSON)" /><definition value="unique id for the element within a resource (for internal references)." /><comments value="RFC 4122" /><min value="0" /><max value="1" /><base><path value="Element.id" /><min value="0" /><max value="1" /></base><type><code value="id" /></type><condition value="ele-1" /><constraint><extension url="http://hl7.org/fhir/StructureDefinition/structuredefinition-expression"><valueString value="children()" /></extension><key value="ele-1" /><severity value="error" /><human value="All FHIR elements must have a @value or children" /><xpath value="@value|f:*|h:div" /></constraint><mapping><identity value="rim" /><map value="n/a" /></mapping></element><element><path value="Bundle.entry.extension" /><short value="Additional Content defined by implementations" /><definition value="May be used to represent additional information that is not part of the basic definition of the element. In order to make the use of extensions safe and manageable, there is a strict set of governance  applied to the definition and use of extensions. Though any implementer is allowed to define an extension, there is a set of requirements that SHALL be met as part of the definition of the extension." /><comments value="There can be no stigma associated with the use of extensions by any application, project, or standard - regardless of the institution or jurisdiction that uses or defines the extensions.  The use of extensions is what allows the FHIR specification to retain a core level of simplicity for everyone." /><alias value="extensions" /><alias value="user content" /><min value="0" /><max value="*" /><base><path value="Element.extension" /><min value="0" /><max value="*" /></base><type><code value="Extension" /></type><condition value="ele-1" /><constraint><extension url="http://hl7.org/fhir/StructureDefinition/structuredefinition-expression"><valueString value="children()" /></extension><key value="ele-1" /><severity value="error" /><human value="All FHIR elements must have a @value or children" /><xpath value="@value|f:*|h:div" /></constraint><mapping><identity value="rim" /><map value="n/a" /></mapping><mapping><identity value="rim" /><map value="N/A" /></mapping></element><element><path value="Bundle.entry.modifierExtension" /><short value="Extensions that cannot be ignored" /><definition value="May be used to represent additional information that is not part of the basic definition of the element, and that modifies the understanding of the element that contains it. Usually modifier elements provide negation or qualification. In order to make the use of extensions safe and manageable, there is a strict set of governance applied to the definition and use of extensions. Though any implementer is allowed to define an extension, there is a set of requirements that SHALL be met as part of the definition of the extension. Applications processing a resource are required to check for modifier extensions." /><comments value="There can be no stigma associated with the use of extensions by any application, project, or standard - regardless of the institution or jurisdiction that uses or defines the extensions.  The use of extensions is what allows the FHIR specification to retain a core level of simplicity for everyone." /><alias value="extensions" /><alias value="user content" /><alias value="modifiers" /><min value="0" /><max value="*" /><base><path value="BackboneElement.modifierExtension" /><min value="0" /><max value="*" /></base><type><code value="Extension" /></type><condition value="ele-1" /><constraint><extension url="http://hl7.org/fhir/StructureDefinition/structuredefinition-expression"><valueString value="children()" /></extension><key value="ele-1" /><severity value="error" /><human value="All FHIR elements must have a @value or children" /><xpath value="@value|f:*|h:div" /></constraint><isModifier value="true" /><mapping><identity value="rim" /><map value="n/a" /></mapping><mapping><identity value="rim" /><map value="N/A" /></mapping></element><element><path value="Bundle.entry.link" /><short value="Links related to this entry" /><definition value="A series of links that provide context to this entry." /><min value="0" /><max value="0" /><base><path value="Bundle.entry.link" /><min value="0" /><max value="*" /></base><nameReference value="link" /><isSummary value="true" /></element><element><path value="Bundle.entry.fullUrl" /><short value="Absolute URL for resource (server address, or UUID/OID)" /><definition value="The Absolute URL for the resource. This must be provided for all resources. The fullUrl SHALL not disagree with the id in the resource. The fullUrl is a version independent reference to the resource." /><comments value="fullUrl may not be unique in the context of a resource.  Note that since FHIR resources do not need to be served through the FHIR API, the absolute URL may not end with the logical id of the resource (Resource.id), but if the fullUrl does look like a RESTful server URL (e.g. meets the regex, then it SHALL end with the Resource.id." /><min value="0" /><max value="1" /><base><path value="Bundle.entry.fullUrl" /><min value="0" /><max value="1" /></base><type><code value="uri" /></type><condition value="ele-1" /><constraint><extension url="http://hl7.org/fhir/StructureDefinition/structuredefinition-expression"><valueString value="children()" /></extension><key value="ele-1" /><severity value="error" /><human value="All FHIR elements must have a @value or children" /><xpath value="@value|f:*|h:div" /></constraint><isSummary value="true" /><mapping><identity value="rim" /><map value="n/a" /></mapping></element><element><path value="Bundle.entry.resource" /><short value="A resource in the bundle" /><definition value="The Resources for the entry." /><min value="1" /><max value="1" /><base><path value="Bundle.entry.resource" /><min value="0" /><max value="1" /></base><type><code value="Resource" /></type><isSummary value="true" /><mapping><identity value="rim" /><map value="Entity. Role, or Act" /></mapping></element><element><path value="Bundle.entry.resource.id" /><short value="Logical id of this artifact" /><definition value="The logical id of the resource, as used in the URL for the resource. Once assigned, this value never changes." /><comments value="The only time that a resource does not have an id is when it is being submitted to the server using a create operation. Bundles always have an id, though it is usually a generated UUID." /><min value="0" /><max value="1" /><base><path value="Resource.id" /><min value="0" /><max value="1" /></base><type><code value="id" /></type><condition value="ele-1" /><constraint><extension url="http://hl7.org/fhir/StructureDefinition/structuredefinition-expression"><valueString value="children()" /></extension><key value="ele-1" /><severity value="error" /><human value="All FHIR elements must have a @value or children" /><xpath value="@value|f:*|h:div" /></constraint><isSummary value="true" /><mapping><identity value="rim" /><map value="n/a" /></mapping></element><element><path value="Bundle.entry.resource.meta" /><short value="Metadata about the resource" /><definition value="The metadata about the resource. This is content that is maintained by the infrastructure. Changes to the content may not always be associated with version changes to the resource." /><min value="0" /><max value="1" /><base><path value="Resource.meta" /><min value="0" /><max value="1" /></base><type><code value="Meta" /></type><condition value="ele-1" /><constraint><extension url="http://hl7.org/fhir/StructureDefinition/structuredefinition-expression"><valueString value="children()" /></extension><key value="ele-1" /><severity value="error" /><human value="All FHIR elements must have a @value or children" /><xpath value="@value|f:*|h:div" /></constraint><isSummary value="true" /><mapping><identity value="rim" /><map value="n/a" /></mapping></element><element><path value="Bundle.entry.resource.implicitRules" /><short value="A set of rules under which this content was created" /><definition value="A reference to a set of rules that were followed when the resource was constructed, and which must be understood when processing the content." /><comments value="Asserting this rule set restricts the content to be only understood by a limited set of trading partners. This inherently limits the usefulness of the data in the long term. However, the existing health eco-system is highly fractured, and not yet ready to define, collect, and exchange data in a generally computable sense. Wherever possible, implementers and/or specification writers should avoid using this element as much as possible." /><min value="0" /><max value="1" /><base><path value="Resource.implicitRules" /><min value="0" /><max value="1" /></base><type><code value="uri" /></type><condition value="ele-1" /><constraint><extension url="http://hl7.org/fhir/StructureDefinition/structuredefinition-expression"><valueString value="children()" /></extension><key value="ele-1" /><severity value="error" /><human value="All FHIR elements must have a @value or children" /><xpath value="@value|f:*|h:div" /></constraint><isModifier value="true" /><isSummary value="true" /><mapping><identity value="rim" /><map value="n/a" /></mapping></element><element><path value="Bundle.entry.resource.language" /><short value="Language of the resource content" /><definition value="The base language in which the resource is written." /><comments value="Language is provided to support indexing and accessibility (typically, services such as text to speech use the language tag). The html language tag in the narrative applies  to the narrative. The language tag on the resource may be used to specify the language of other presentations generated from the data in the resource  Not all the content has to be in the base language. The Resource.language should not be assumed to apply to the narrative automatically. If a language is specified, it should it also be specified on the div element in the html (see rules in HTML5 for information about the relationship between xml:lang and the html lang attribute)." /><min value="0" /><max value="1" /><base><path value="Resource.language" /><min value="0" /><max value="1" /></base><type><code value="code" /></type><condition value="ele-1" /><constraint><extension url="http://hl7.org/fhir/StructureDefinition/structuredefinition-expression"><valueString value="children()" /></extension><key value="ele-1" /><severity value="error" /><human value="All FHIR elements must have a @value or children" /><xpath value="@value|f:*|h:div" /></constraint><binding><strength value="required" /><description value="A human language." /><valueSetUri value="http://tools.ietf.org/html/bcp47" /></binding><mapping><identity value="rim" /><map value="n/a" /></mapping></element><element><path value="Bundle.entry.search" /><short value="Search related information" /><definition value="Information about the search process that lead to the creation of this entry." /><min value="0" /><max value="0" /><base><path value="Bundle.entry.search" /><min value="0" /><max value="1" /></base><type><code value="BackboneElement" /></type><condition value="ele-1" /><condition value="bdl-2" /><constraint><extension url="http://hl7.org/fhir/StructureDefinition/structuredefinition-expression"><valueString value="children()" /></extension><key value="ele-1" /><severity value="error" /><human value="All FHIR elements must have a @value or children" /><xpath value="@value|f:*|h:div" /></constraint><isSummary value="true" /><mapping><identity value="rim" /><map value="n/a" /></mapping></element><element><path value="Bundle.entry.search.id" /><short value="xml:id (or equivalent in JSON)" /><definition value="unique id for the element within a resource (for internal references)." /><comments value="RFC 4122" /><min value="0" /><max value="1" /><base><path value="Element.id" /><min value="0" /><max value="1" /></base><type><code value="id" /></type><condition value="ele-1" /><constraint><extension url="http://hl7.org/fhir/StructureDefinition/structuredefinition-expression"><valueString value="children()" /></extension><key value="ele-1" /><severity value="error" /><human value="All FHIR elements must have a @value or children" /><xpath value="@value|f:*|h:div" /></constraint><mapping><identity value="rim" /><map value="n/a" /></mapping></element><element><path value="Bundle.entry.search.extension" /><short value="Additional Content defined by implementations" /><definition value="May be used to represent additional information that is not part of the basic definition of the element. In order to make the use of extensions safe and manageable, there is a strict set of governance  applied to the definition and use of extensions. Though any implementer is allowed to define an extension, there is a set of requirements that SHALL be met as part of the definition of the extension." /><comments value="There can be no stigma associated with the use of extensions by any application, project, or standard - regardless of the institution or jurisdiction that uses or defines the extensions.  The use of extensions is what allows the FHIR specification to retain a core level of simplicity for everyone." /><alias value="extensions" /><alias value="user content" /><min value="0" /><max value="*" /><base><path value="Element.extension" /><min value="0" /><max value="*" /></base><type><code value="Extension" /></type><condition value="ele-1" /><constraint><extension url="http://hl7.org/fhir/StructureDefinition/structuredefinition-expression"><valueString value="children()" /></extension><key value="ele-1" /><severity value="error" /><human value="All FHIR elements must have a @value or children" /><xpath value="@value|f:*|h:div" /></constraint><mapping><identity value="rim" /><map value="n/a" /></mapping><mapping><identity value="rim" /><map value="N/A" /></mapping></element><element><path value="Bundle.entry.search.modifierExtension" /><short value="Extensions that cannot be ignored" /><definition value="May be used to represent additional information that is not part of the basic definition of the element, and that modifies the understanding of the element that contains it. Usually modifier elements provide negation or qualification. In order to make the use of extensions safe and manageable, there is a strict set of governance applied to the definition and use of extensions. Though any implementer is allowed to define an extension, there is a set of requirements that SHALL be met as part of the definition of the extension. Applications processing a resource are required to check for modifier extensions." /><comments value="There can be no stigma associated with the use of extensions by any application, project, or standard - regardless of the institution or jurisdiction that uses or defines the extensions.  The use of extensions is what allows the FHIR specification to retain a core level of simplicity for everyone." /><alias value="extensions" /><alias value="user content" /><alias value="modifiers" /><min value="0" /><max value="*" /><base><path value="BackboneElement.modifierExtension" /><min value="0" /><max value="*" /></base><type><code value="Extension" /></type><condition value="ele-1" /><constraint><extension url="http://hl7.org/fhir/StructureDefinition/structuredefinition-expression"><valueString value="children()" /></extension><key value="ele-1" /><severity value="error" /><human value="All FHIR elements must have a @value or children" /><xpath value="@value|f:*|h:div" /></constraint><isModifier value="true" /><mapping><identity value="rim" /><map value="n/a" /></mapping><mapping><identity value="rim" /><map value="N/A" /></mapping></element><element><path value="Bundle.entry.search.mode" /><short value="match | include | outcome - why this is in the result set" /><definition value="Why this entry is in the result set - whether it's included as a match or because of an _include requirement." /><comments value="There is only one mode. In some corner cases, a resource may be included because it is both a match and an include. In these circumstances, 'match' takes precedence." /><min value="0" /><max value="1" /><base><path value="Bundle.entry.search.mode" /><min value="0" /><max value="1" /></base><type><code value="code" /></type><condition value="ele-1" /><constraint><extension url="http://hl7.org/fhir/StructureDefinition/structuredefinition-expression"><valueString value="children()" /></extension><key value="ele-1" /><severity value="error" /><human value="All FHIR elements must have a @value or children" /><xpath value="@value|f:*|h:div" /></constraint><isSummary value="true" /><binding><strength value="required" /><description value="Why an entry is in the result set - whether it's included as a match or because of an _include requirement." /><valueSetReference><reference value="http://hl7.org/fhir/ValueSet/search-entry-mode" /></valueSetReference></binding><mapping><identity value="rim" /><map value="n/a" /></mapping></element><element><path value="Bundle.entry.search.score" /><short value="Search ranking (between 0 and 1)" /><definition value="When searching, the server's search ranking score for the entry." /><comments value="Servers are not required to return a ranking score. 1 is most relevant, and 0 is least relevant. Often, search results are sorted by score, but the client may specify a different sort order." /><min value="0" /><max value="1" /><base><path value="Bundle.entry.search.score" /><min value="0" /><max value="1" /></base><type><code value="decimal" /></type><condition value="ele-1" /><constraint><extension url="http://hl7.org/fhir/StructureDefinition/structuredefinition-expression"><valueString value="children()" /></extension><key value="ele-1" /><severity value="error" /><human value="All FHIR elements must have a @value or children" /><xpath value="@value|f:*|h:div" /></constraint><isSummary value="true" /><mapping><identity value="rim" /><map value="n/a" /></mapping></element><element><path value="Bundle.entry.request" /><short value="Transaction Related Information" /><definition value="Additional information about how this entry should be processed as part of a transaction." /><min value="0" /><max value="0" /><base><path value="Bundle.entry.request" /><min value="0" /><max value="1" /></base><type><code value="BackboneElement" /></type><condition value="ele-1" /><condition value="bdl-3" /><constraint><extension url="http://hl7.org/fhir/StructureDefinition/structuredefinition-expression"><valueString value="children()" /></extension><key value="ele-1" /><severity value="error" /><human value="All FHIR elements must have a @value or children" /><xpath value="@value|f:*|h:div" /></constraint><isSummary value="true" /><mapping><identity value="rim" /><map value="n/a" /></mapping></element><element><path value="Bundle.entry.request.id" /><short value="xml:id (or equivalent in JSON)" /><definition value="unique id for the element within a resource (for internal references)." /><comments value="RFC 4122" /><min value="0" /><max value="1" /><base><path value="Element.id" /><min value="0" /><max value="1" /></base><type><code value="id" /></type><condition value="ele-1" /><constraint><extension url="http://hl7.org/fhir/StructureDefinition/structuredefinition-expression"><valueString value="children()" /></extension><key value="ele-1" /><severity value="error" /><human value="All FHIR elements must have a @value or children" /><xpath value="@value|f:*|h:div" /></constraint><mapping><identity value="rim" /><map value="n/a" /></mapping></element><element><path value="Bundle.entry.request.extension" /><short value="Additional Content defined by implementations" /><definition value="May be used to represent additional information that is not part of the basic definition of the element. In order to make the use of extensions safe and manageable, there is a strict set of governance  applied to the definition and use of extensions. Though any implementer is allowed to define an extension, there is a set of requirements that SHALL be met as part of the definition of the extension." /><comments value="There can be no stigma associated with the use of extensions by any application, project, or standard - regardless of the institution or jurisdiction that uses or defines the extensions.  The use of extensions is what allows the FHIR specification to retain a core level of simplicity for everyone." /><alias value="extensions" /><alias value="user content" /><min value="0" /><max value="*" /><base><path value="Element.extension" /><min value="0" /><max value="*" /></base><type><code value="Extension" /></type><condition value="ele-1" /><constraint><extension url="http://hl7.org/fhir/StructureDefinition/structuredefinition-expression"><valueString value="children()" /></extension><key value="ele-1" /><severity value="error" /><human value="All FHIR elements must have a @value or children" /><xpath value="@value|f:*|h:div" /></constraint><mapping><identity value="rim" /><map value="n/a" /></mapping><mapping><identity value="rim" /><map value="N/A" /></mapping></element><element><path value="Bundle.entry.request.modifierExtension" /><short value="Extensions that cannot be ignored" /><definition value="May be used to represent additional information that is not part of the basic definition of the element, and that modifies the understanding of the element that contains it. Usually modifier elements provide negation or qualification. In order to make the use of extensions safe and manageable, there is a strict set of governance applied to the definition and use of extensions. Though any implementer is allowed to define an extension, there is a set of requirements that SHALL be met as part of the definition of the extension. Applications processing a resource are required to check for modifier extensions." /><comments value="There can be no stigma associated with the use of extensions by any application, project, or standard - regardless of the institution or jurisdiction that uses or defines the extensions.  The use of extensions is what allows the FHIR specification to retain a core level of simplicity for everyone." /><alias value="extensions" /><alias value="user content" /><alias value="modifiers" /><min value="0" /><max value="*" /><base><path value="BackboneElement.modifierExtension" /><min value="0" /><max value="*" /></base><type><code value="Extension" /></type><condition value="ele-1" /><constraint><extension url="http://hl7.org/fhir/StructureDefinition/structuredefinition-expression"><valueString value="children()" /></extension><key value="ele-1" /><severity value="error" /><human value="All FHIR elements must have a @value or children" /><xpath value="@value|f:*|h:div" /></constraint><isModifier value="true" /><mapping><identity value="rim" /><map value="n/a" /></mapping><mapping><identity value="rim" /><map value="N/A" /></mapping></element><element><path value="Bundle.entry.request.method" /><short value="GET | POST | PUT | DELETE" /><definition value="The HTTP verb for this entry in either a update history, or a transaction/ transaction response." /><comments value="Note that FHIR strings may not exceed 1MB in size" /><min value="1" /><max value="1" /><base><path value="Bundle.entry.request.method" /><min value="1" /><max value="1" /></base><type><code value="code" /></type><condition value="ele-1" /><constraint><extension url="http://hl7.org/fhir/StructureDefinition/structuredefinition-expression"><valueString value="children()" /></extension><key value="ele-1" /><severity value="error" /><human value="All FHIR elements must have a @value or children" /><xpath value="@value|f:*|h:div" /></constraint><isSummary value="true" /><binding><strength value="required" /><description value="HTTP verbs (in the HTTP command line)." /><valueSetReference><reference value="http://hl7.org/fhir/ValueSet/http-verb" /></valueSetReference></binding><mapping><identity value="rim" /><map value="n/a" /></mapping></element><element><path value="Bundle.entry.request.url" /><short value="URL for HTTP equivalent of this entry" /><definition value="The URL for this entry, relative to the root (the address to which the request is posted)." /><comments value="E.g. for a Patient Create, the method would be &quot;POST&quot; and the URL would be &quot;Patient&quot;. For a Patient Update, the method would be PUT, and the URL would be &quot;Patient/[id]&quot;." /><min value="1" /><max value="1" /><base><path value="Bundle.entry.request.url" /><min value="1" /><max value="1" /></base><type><code value="uri" /></type><condition value="ele-1" /><constraint><extension url="http://hl7.org/fhir/StructureDefinition/structuredefinition-expression"><valueString value="children()" /></extension><key value="ele-1" /><severity value="error" /><human value="All FHIR elements must have a @value or children" /><xpath value="@value|f:*|h:div" /></constraint><isSummary value="true" /><mapping><identity value="rim" /><map value="n/a" /></mapping></element><element><path value="Bundle.entry.request.ifNoneMatch" /><short value="For managing cache currency" /><definition value="If the ETag values match, return a 304 Not modified status. See the API documentation for [&quot;Conditional Read&quot;](http.html#cread)." /><comments value="Note that FHIR strings may not exceed 1MB in size" /><min value="0" /><max value="1" /><base><path value="Bundle.entry.request.ifNoneMatch" /><min value="0" /><max value="1" /></base><type><code value="string" /></type><condition value="ele-1" /><constraint><extension url="http://hl7.org/fhir/StructureDefinition/structuredefinition-expression"><valueString value="children()" /></extension><key value="ele-1" /><severity value="error" /><human value="All FHIR elements must have a @value or children" /><xpath value="@value|f:*|h:div" /></constraint><isSummary value="true" /><mapping><identity value="rim" /><map value="n/a" /></mapping></element><element><path value="Bundle.entry.request.ifModifiedSince" /><short value="For managing update contention" /><definition value="Only perform the operation if the last updated date matches. See the API documentation for [&quot;Conditional Read&quot;](http.html#cread)." /><comments value="Note: This is intended for precisely observed times, typically system logs etc., and not human-reported times - for them, see date and dateTime below. Time zone is always required" /><min value="0" /><max value="1" /><base><path value="Bundle.entry.request.ifModifiedSince" /><min value="0" /><max value="1" /></base><type><code value="instant" /></type><condition value="ele-1" /><constraint><extension url="http://hl7.org/fhir/StructureDefinition/structuredefinition-expression"><valueString value="children()" /></extension><key value="ele-1" /><severity value="error" /><human value="All FHIR elements must have a @value or children" /><xpath value="@value|f:*|h:div" /></constraint><isSummary value="true" /><mapping><identity value="rim" /><map value="n/a" /></mapping></element><element><path value="Bundle.entry.request.ifMatch" /><short value="For managing update contention" /><definition value="Only perform the operation if the Etag value matches. For more information, see the API section [&quot;Managing Resource Contention&quot;](http.html#concurrency)." /><comments value="Note that FHIR strings may not exceed 1MB in size" /><min value="0" /><max value="1" /><base><path value="Bundle.entry.request.ifMatch" /><min value="0" /><max value="1" /></base><type><code value="string" /></type><condition value="ele-1" /><constraint><extension url="http://hl7.org/fhir/StructureDefinition/structuredefinition-expression"><valueString value="children()" /></extension><key value="ele-1" /><severity value="error" /><human value="All FHIR elements must have a @value or children" /><xpath value="@value|f:*|h:div" /></constraint><isSummary value="true" /><mapping><identity value="rim" /><map value="n/a" /></mapping></element><element><path value="Bundle.entry.request.ifNoneExist" /><short value="For conditional creates" /><definition value="Instruct the server not to perform the create if a specified resource already exists. For further information, see the API documentation for [&quot;Conditional Create&quot;](http.html#ccreate). This is just the query portion of the URL - what follows the &quot;?&quot; (not including the &quot;?&quot;)." /><comments value="Note that FHIR strings may not exceed 1MB in size" /><min value="0" /><max value="1" /><base><path value="Bundle.entry.request.ifNoneExist" /><min value="0" /><max value="1" /></base><type><code value="string" /></type><condition value="ele-1" /><constraint><extension url="http://hl7.org/fhir/StructureDefinition/structuredefinition-expression"><valueString value="children()" /></extension><key value="ele-1" /><severity value="error" /><human value="All FHIR elements must have a @value or children" /><xpath value="@value|f:*|h:div" /></constraint><isSummary value="true" /><mapping><identity value="rim" /><map value="n/a" /></mapping></element><element><path value="Bundle.entry.response" /><short value="Transaction Related Information" /><definition value="Additional information about how this entry should be processed as part of a transaction." /><min value="0" /><max value="0" /><base><path value="Bundle.entry.response" /><min value="0" /><max value="1" /></base><type><code value="BackboneElement" /></type><condition value="ele-1" /><condition value="bdl-4" /><constraint><extension url="http://hl7.org/fhir/StructureDefinition/structuredefinition-expression"><valueString value="children()" /></extension><key value="ele-1" /><severity value="error" /><human value="All FHIR elements must have a @value or children" /><xpath value="@value|f:*|h:div" /></constraint><isSummary value="true" /><mapping><identity value="rim" /><map value="n/a" /></mapping></element><element><path value="Bundle.entry.response.id" /><short value="xml:id (or equivalent in JSON)" /><definition value="unique id for the element within a resource (for internal references)." /><comments value="RFC 4122" /><min value="0" /><max value="1" /><base><path value="Element.id" /><min value="0" /><max value="1" /></base><type><code value="id" /></type><condition value="ele-1" /><constraint><extension url="http://hl7.org/fhir/StructureDefinition/structuredefinition-expression"><valueString value="children()" /></extension><key value="ele-1" /><severity value="error" /><human value="All FHIR elements must have a @value or children" /><xpath value="@value|f:*|h:div" /></constraint><mapping><identity value="rim" /><map value="n/a" /></mapping></element><element><path value="Bundle.entry.response.extension" /><short value="Additional Content defined by implementations" /><definition value="May be used to represent additional information that is not part of the basic definition of the element. In order to make the use of extensions safe and manageable, there is a strict set of governance  applied to the definition and use of extensions. Though any implementer is allowed to define an extension, there is a set of requirements that SHALL be met as part of the definition of the extension." /><comments value="There can be no stigma associated with the use of extensions by any application, project, or standard - regardless of the institution or jurisdiction that uses or defines the extensions.  The use of extensions is what allows the FHIR specification to retain a core level of simplicity for everyone." /><alias value="extensions" /><alias value="user content" /><min value="0" /><max value="*" /><base><path value="Element.extension" /><min value="0" /><max value="*" /></base><type><code value="Extension" /></type><condition value="ele-1" /><constraint><extension url="http://hl7.org/fhir/StructureDefinition/structuredefinition-expression"><valueString value="children()" /></extension><key value="ele-1" /><severity value="error" /><human value="All FHIR elements must have a @value or children" /><xpath value="@value|f:*|h:div" /></constraint><mapping><identity value="rim" /><map value="n/a" /></mapping><mapping><identity value="rim" /><map value="N/A" /></mapping></element><element><path value="Bundle.entry.response.modifierExtension" /><short value="Extensions that cannot be ignored" /><definition value="May be used to represent additional information that is not part of the basic definition of the element, and that modifies the understanding of the element that contains it. Usually modifier elements provide negation or qualification. In order to make the use of extensions safe and manageable, there is a strict set of governance applied to the definition and use of extensions. Though any implementer is allowed to define an extension, there is a set of requirements that SHALL be met as part of the definition of the extension. Applications processing a resource are required to check for modifier extensions." /><comments value="There can be no stigma associated with the use of extensions by any application, project, or standard - regardless of the institution or jurisdiction that uses or defines the extensions.  The use of extensions is what allows the FHIR specification to retain a core level of simplicity for everyone." /><alias value="extensions" /><alias value="user content" /><alias value="modifiers" /><min value="0" /><max value="*" /><base><path value="BackboneElement.modifierExtension" /><min value="0" /><max value="*" /></base><type><code value="Extension" /></type><condition value="ele-1" /><constraint><extension url="http://hl7.org/fhir/StructureDefinition/structuredefinition-expression"><valueString value="children()" /></extension><key value="ele-1" /><severity value="error" /><human value="All FHIR elements must have a @value or children" /><xpath value="@value|f:*|h:div" /></constraint><isModifier value="true" /><mapping><identity value="rim" /><map value="n/a" /></mapping><mapping><identity value="rim" /><map value="N/A" /></mapping></element><element><path value="Bundle.entry.response.status" /><short value="Status return code for entry" /><definition value="The status code returned by processing this entry." /><comments value="Note that FHIR strings may not exceed 1MB in size" /><min value="1" /><max value="1" /><base><path value="Bundle.entry.response.status" /><min value="1" /><max value="1" /></base><type><code value="string" /></type><condition value="ele-1" /><constraint><extension url="http://hl7.org/fhir/StructureDefinition/structuredefinition-expression"><valueString value="children()" /></extension><key value="ele-1" /><severity value="error" /><human value="All FHIR elements must have a @value or children" /><xpath value="@value|f:*|h:div" /></constraint><isSummary value="true" /><mapping><identity value="rim" /><map value="n/a" /></mapping></element><element><path value="Bundle.entry.response.location" /><short value="The location, if the operation returns a location" /><definition value="The location header created by processing this operation." /><comments value="see http://en.wikipedia.org/wiki/Uniform_resource_identifier" /><min value="0" /><max value="1" /><base><path value="Bundle.entry.response.location" /><min value="0" /><max value="1" /></base><type><code value="uri" /></type><condition value="ele-1" /><constraint><extension url="http://hl7.org/fhir/StructureDefinition/structuredefinition-expression"><valueString value="children()" /></extension><key value="ele-1" /><severity value="error" /><human value="All FHIR elements must have a @value or children" /><xpath value="@value|f:*|h:div" /></constraint><isSummary value="true" /><mapping><identity value="rim" /><map value="n/a" /></mapping></element><element><path value="Bundle.entry.response.etag" /><short value="The etag for the resource (if relevant)" /><definition value="The etag for the resource, it the operation for the entry produced a versioned resource." /><comments value="This has to match the version id in the header if a resource is included." /><min value="0" /><max value="1" /><base><path value="Bundle.entry.response.etag" /><min value="0" /><max value="1" /></base><type><code value="string" /></type><condition value="ele-1" /><constraint><extension url="http://hl7.org/fhir/StructureDefinition/structuredefinition-expression"><valueString value="children()" /></extension><key value="ele-1" /><severity value="error" /><human value="All FHIR elements must have a @value or children" /><xpath value="@value|f:*|h:div" /></constraint><isSummary value="true" /><mapping><identity value="rim" /><map value="n/a" /></mapping></element><element><path value="Bundle.entry.response.lastModified" /><short value="Server's date time modified" /><definition value="The date/time that the resource was modified on the server." /><comments value="This has to match the same time in the meta header if a resource is included." /><min value="0" /><max value="1" /><base><path value="Bundle.entry.response.lastModified" /><min value="0" /><max value="1" /></base><type><code value="instant" /></type><condition value="ele-1" /><constraint><extension url="http://hl7.org/fhir/StructureDefinition/structuredefinition-expression"><valueString value="children()" /></extension><key value="ele-1" /><severity value="error" /><human value="All FHIR elements must have a @value or children" /><xpath value="@value|f:*|h:div" /></constraint><isSummary value="true" /><mapping><identity value="rim" /><map value="n/a" /></mapping></element><element><path value="Bundle.signature" /><short value="Digital Signature" /><definition value="Digital Signature - base64 encoded. XML DigSIg or a JWT." /><comments value="The signature could be created by the &quot;author&quot; of the bundle or by the originating device.   Requirements around inclusion of a signature, verification of signatures and treatment of signed/non-signed bundles is implementation-environment specific." /><requirements value="This element allows capturing signatures on documents. It also allows signatures on messages, transactions or even query responses. It may support content-authentication, non-repudiation or other business cases. This is primarily relevant where the bundle may travel through multiple hops or via other mechanisms where HTTPS non-repudiation is insufficient." /><min value="0" /><max value="0" /><base><path value="Bundle.signature" /><min value="0" /><max value="1" /></base><type><code value="Signature" /></type><condition value="ele-1" /><constraint><extension url="http://hl7.org/fhir/StructureDefinition/structuredefinition-expression"><valueString value="children()" /></extension><key value="ele-1" /><severity value="error" /><human value="All FHIR elements must have a @value or children" /><xpath value="@value|f:*|h:div" /></constraint><isSummary value="true" /><mapping><identity value="rim" /><map value="n/a" /></mapping></element><element><path value="Bundle.signature.id" /><short value="xml:id (or equivalent in JSON)" /><definition value="unique id for the element within a resource (for internal references)." /><comments value="RFC 4122" /><min value="0" /><max value="1" /><base><path value="Element.id" /><min value="0" /><max value="1" /></base><type><code value="id" /></type><condition value="ele-1" /><constraint><extension url="http://hl7.org/fhir/StructureDefinition/structuredefinition-expression"><valueString value="children()" /></extension><key value="ele-1" /><severity value="error" /><human value="All FHIR elements must have a @value or children" /><xpath value="@value|f:*|h:div" /></constraint><mapping><identity value="rim" /><map value="n/a" /></mapping></element><element><path value="Bundle.signature.extension" /><short value="Additional Content defined by implementations" /><definition value="May be used to represent additional information that is not part of the basic definition of the element. In order to make the use of extensions safe and manageable, there is a strict set of governance  applied to the definition and use of extensions. Though any implementer is allowed to define an extension, there is a set of requirements that SHALL be met as part of the definition of the extension." /><comments value="There can be no stigma associated with the use of extensions by any application, project, or standard - regardless of the institution or jurisdiction that uses or defines the extensions.  The use of extensions is what allows the FHIR specification to retain a core level of simplicity for everyone." /><alias value="extensions" /><alias value="user content" /><min value="0" /><max value="*" /><base><path value="Element.extension" /><min value="0" /><max value="*" /></base><type><code value="Extension" /></type><condition value="ele-1" /><constraint><extension url="http://hl7.org/fhir/StructureDefinition/structuredefinition-expression"><valueString value="children()" /></extension><key value="ele-1" /><severity value="error" /><human value="All FHIR elements must have a @value or children" /><xpath value="@value|f:*|h:div" /></constraint><mapping><identity value="rim" /><map value="n/a" /></mapping><mapping><identity value="rim" /><map value="N/A" /></mapping></element><element><path value="Bundle.signature.type" /><short value="Indication of the reason the entity signed the object(s)" /><definition value="An indication of the reason that the entity signed this document. This may be explicitly included as part of the signature information and can be used when determining accountability for various actions concerning the document." /><comments value="Examples include attesting to: authorship, correct transcription, and witness of specific event. Also known as a &amp;quot;Commitment Type Indication&amp;quot;." /><min value="1" /><max value="*" /><base><path value="Signature.type" /><min value="1" /><max value="*" /></base><type><code value="Coding" /></type><condition value="ele-1" /><constraint><extension url="http://hl7.org/fhir/StructureDefinition/structuredefinition-expression"><valueString value="children()" /></extension><key value="ele-1" /><severity value="error" /><human value="All FHIR elements must have a @value or children" /><xpath value="@value|f:*|h:div" /></constraint><isSummary value="true" /><binding><strength value="preferred" /><description value="An indication of the reason that an entity signed the object" /><valueSetReference><reference value="http://hl7.org/fhir/ValueSet/signature-type" /></valueSetReference></binding><mapping><identity value="rim" /><map value="n/a" /></mapping><mapping><identity value="v2" /><map value="CE/CNE/CWE subset one of the sets of component 1-3 or 4-6" /></mapping><mapping><identity value="rim" /><map value="CV" /></mapping><mapping><identity value="orim" /><map value="fhir:Coding rdfs:subClassOf dt:CDCoding" /></mapping></element><element><path value="Bundle.signature.type.id" /><short value="xml:id (or equivalent in JSON)" /><definition value="unique id for the element within a resource (for internal references)." /><comments value="RFC 4122" /><min value="0" /><max value="1" /><base><path value="Element.id" /><min value="0" /><max value="1" /></base><type><code value="id" /></type><condition value="ele-1" /><constraint><extension url="http://hl7.org/fhir/StructureDefinition/structuredefinition-expression"><valueString value="children()" /></extension><key value="ele-1" /><severity value="error" /><human value="All FHIR elements must have a @value or children" /><xpath value="@value|f:*|h:div" /></constraint><mapping><identity value="rim" /><map value="n/a" /></mapping></element><element><path value="Bundle.signature.type.extension" /><short value="Additional Content defined by implementations" /><definition value="May be used to represent additional information that is not part of the basic definition of the element. In order to make the use of extensions safe and manageable, there is a strict set of governance  applied to the definition and use of extensions. Though any implementer is allowed to define an extension, there is a set of requirements that SHALL be met as part of the definition of the extension." /><comments value="There can be no stigma associated with the use of extensions by any application, project, or standard - regardless of the institution or jurisdiction that uses or defines the extensions.  The use of extensions is what allows the FHIR specification to retain a core level of simplicity for everyone." /><alias value="extensions" /><alias value="user content" /><min value="0" /><max value="*" /><base><path value="Element.extension" /><min value="0" /><max value="*" /></base><type><code value="Extension" /></type><condition value="ele-1" /><constraint><extension url="http://hl7.org/fhir/StructureDefinition/structuredefinition-expression"><valueString value="children()" /></extension><key value="ele-1" /><severity value="error" /><human value="All FHIR elements must have a @value or children" /><xpath value="@value|f:*|h:div" /></constraint><mapping><identity value="rim" /><map value="n/a" /></mapping><mapping><identity value="rim" /><map value="N/A" /></mapping></element><element><path value="Bundle.signature.type.system" /><short value="Identity of the terminology system" /><definition value="The identification of the code system that defines the meaning of the symbol in the code." /><comments value="The URI may be an OID (urn:oid:...) or a UUID (urn:uuid:...).  OIDs and UUIDs SHALL be references to the HL7 OID registry. Otherwise, the URI should come from HL7's list of FHIR defined special URIs or it should de-reference to some definition that establish the system clearly and unambiguously." /><requirements value="Need to be unambiguous about the source of the definition of the symbol." /><min value="0" /><max value="1" /><base><path value="Coding.system" /><min value="0" /><max value="1" /></base><type><code value="uri" /></type><condition value="ele-1" /><constraint><extension url="http://hl7.org/fhir/StructureDefinition/structuredefinition-expression"><valueString value="children()" /></extension><key value="ele-1" /><severity value="error" /><human value="All FHIR elements must have a @value or children" /><xpath value="@value|f:*|h:div" /></constraint><isSummary value="true" /><mapping><identity value="rim" /><map value="n/a" /></mapping><mapping><identity value="v2" /><map value="C*E.3" /></mapping><mapping><identity value="rim" /><map value="./codeSystem" /></mapping><mapping><identity value="orim" /><map value="fhir:Coding.system rdfs:subPropertyOf dt:CDCoding.codeSystem" /></mapping></element><element><path value="Bundle.signature.type.version" /><short value="Version of the system - if relevant" /><definition value="The version of the code system which was used when choosing this code. Note that a well-maintained code system does not need the version reported, because the meaning of codes is consistent across versions. However this cannot consistently be assured. and when the meaning is not guaranteed to be consistent, the version SHOULD be exchanged." /><comments value="Where the terminology does not clearly define what string should be used to identify code system versions, the recommendation is to use the date (expressed in FHIR date format) on which that version was officially published as the version date." /><min value="0" /><max value="1" /><base><path value="Coding.version" /><min value="0" /><max value="1" /></base><type><code value="string" /></type><condition value="ele-1" /><constraint><extension url="http://hl7.org/fhir/StructureDefinition/structuredefinition-expression"><valueString value="children()" /></extension><key value="ele-1" /><severity value="error" /><human value="All FHIR elements must have a @value or children" /><xpath value="@value|f:*|h:div" /></constraint><isSummary value="true" /><mapping><identity value="rim" /><map value="n/a" /></mapping><mapping><identity value="v2" /><map value="C*E.7" /></mapping><mapping><identity value="rim" /><map value="./codeSystemVersion" /></mapping><mapping><identity value="orim" /><map value="fhir:Coding.version rdfs:subPropertyOf dt:CDCoding.codeSystemVersion" /></mapping></element><element><path value="Bundle.signature.type.code" /><short value="Symbol in syntax defined by the system" /><definition value="A symbol in syntax defined by the system. The symbol may be a predefined code or an expression in a syntax defined by the coding system (e.g. post-coordination)." /><comments value="Note that FHIR strings may not exceed 1MB in size" /><requirements value="Need to refer to a particular code in the system." /><min value="0" /><max value="1" /><base><path value="Coding.code" /><min value="0" /><max value="1" /></base><type><code value="code" /></type><condition value="ele-1" /><constraint><extension url="http://hl7.org/fhir/StructureDefinition/structuredefinition-expression"><valueString value="children()" /></extension><key value="ele-1" /><severity value="error" /><human value="All FHIR elements must have a @value or children" /><xpath value="@value|f:*|h:div" /></constraint><isSummary value="true" /><mapping><identity value="rim" /><map value="n/a" /></mapping><mapping><identity value="v2" /><map value="C*E.1" /></mapping><mapping><identity value="rim" /><map value="./code" /></mapping><mapping><identity value="orim" /><map value="fhir:Coding.code rdfs:subPropertyOf dt:CDCoding.code" /></mapping></element><element><path value="Bundle.signature.type.display" /><short value="Representation defined by the system" /><definition value="A representation of the meaning of the code in the system, following the rules of the system." /><comments value="Note that FHIR strings may not exceed 1MB in size" /><requirements value="Need to be able to carry a human-readable meaning of the code for readers that do not know  the system." /><min value="0" /><max value="1" /><base><path value="Coding.display" /><min value="0" /><max value="1" /></base><type><code value="string" /></type><condition value="ele-1" /><constraint><extension url="http://hl7.org/fhir/StructureDefinition/structuredefinition-expression"><valueString value="children()" /></extension><key value="ele-1" /><severity value="error" /><human value="All FHIR elements must have a @value or children" /><xpath value="@value|f:*|h:div" /></constraint><isSummary value="true" /><mapping><identity value="rim" /><map value="n/a" /></mapping><mapping><identity value="v2" /><map value="C*E.2 - but note this is not well followed" /></mapping><mapping><identity value="rim" /><map value="CV.displayName" /></mapping><mapping><identity value="orim" /><map value="fhir:Coding.display rdfs:subPropertyOf dt:CDCoding.displayName" /></mapping></element><element><path value="Bundle.signature.type.userSelected" /><short value="If this coding was chosen directly by the user" /><definition value="Indicates that this coding was chosen by a user directly - i.e. off a pick list of available items (codes or displays)." /><comments value="Amongst a set of alternatives, a directly chosen code is the most appropriate starting point for new translations. There is some ambiguity about what exactly 'directly chosen' implies, and trading partner agreement may be needed to clarify the use of this element and its consequences more completely." /><requirements value="This has been identified as a clinical safety criterium - that this exact system/code pair was chosen explicitly, rather than inferred by the system based on some rules or language processing." /><min value="0" /><max value="1" /><base><path value="Coding.userSelected" /><min value="0" /><max value="1" /></base><type><code value="boolean" /></type><condition value="ele-1" /><constraint><extension url="http://hl7.org/fhir/StructureDefinition/structuredefinition-expression"><valueString value="children()" /></extension><key value="ele-1" /><severity value="error" /><human value="All FHIR elements must have a @value or children" /><xpath value="@value|f:*|h:div" /></constraint><isSummary value="true" /><mapping><identity value="rim" /><map value="n/a" /></mapping><mapping><identity value="v2" /><map value="Sometimes implied by being first" /></mapping><mapping><identity value="rim" /><map value="CD.codingRationale" /></mapping><mapping><identity value="orim" /><map value="fhir:Coding.userSelected fhir:mapsTo dt:CDCoding.codingRationale. fhir:Coding.userSelected fhir:hasMap fhir:Coding.userSelected.map. fhir:Coding.userSelected.map a fhir:Map;   fhir:target dt:CDCoding.codingRationale. fhir:Coding.userSelected\#true a [     fhir:source &quot;true&quot;;     fhir:target dt:CDCoding.codingRationale\#O   ]" /></mapping></element><element><path value="Bundle.signature.when" /><short value="When the signature was created" /><definition value="When the digital signature was signed." /><comments value="This should agree with the information in the signature." /><min value="1" /><max value="1" /><base><path value="Signature.when" /><min value="1" /><max value="1" /></base><type><code value="instant" /></type><condition value="ele-1" /><constraint><extension url="http://hl7.org/fhir/StructureDefinition/structuredefinition-expression"><valueString value="children()" /></extension><key value="ele-1" /><severity value="error" /><human value="All FHIR elements must have a @value or children" /><xpath value="@value|f:*|h:div" /></constraint><isSummary value="true" /><mapping><identity value="rim" /><map value="n/a" /></mapping></element><element><path value="Bundle.signature.who[x]" /><short value="Who signed the signature" /><definition value="A reference to an application-usable description of the person that signed the certificate (e.g. the signature used their private key)." /><comments value="This should agree with the information in the signature." /><min value="1" /><max value="1" /><base><path value="Signature.who[x]" /><min value="1" /><max value="1" /></base><type><code value="uri" /></type><type><code value="Reference" /><profile value="http://hl7.org/fhir/StructureDefinition/RelatedPerson" /></type><type><code value="Reference" /><profile value="http://hl7.org/fhir/StructureDefinition/Device" /></type><condition value="ele-1" /><constraint><extension url="http://hl7.org/fhir/StructureDefinition/structuredefinition-expression"><valueString value="children()" /></extension><key value="ele-1" /><severity value="error" /><human value="All FHIR elements must have a @value or children" /><xpath value="@value|f:*|h:div" /></constraint><isSummary value="true" /><mapping><identity value="rim" /><map value="n/a" /></mapping></element><element><path value="Bundle.signature.contentType" /><short value="The technical format of the signature" /><definition value="A mime type that indicates the technical format of the signature. Important mime types are application/signature+xml for X ML DigSig, application/jwt for JWT, and image/* for a graphical image of a signature." /><comments value="Note that FHIR strings may not exceed 1MB in size" /><min value="1" /><max value="1" /><base><path value="Signature.contentType" /><min value="1" /><max value="1" /></base><type><code value="code" /></type><condition value="ele-1" /><constraint><extension url="http://hl7.org/fhir/StructureDefinition/structuredefinition-expression"><valueString value="children()" /></extension><key value="ele-1" /><severity value="error" /><human value="All FHIR elements must have a @value or children" /><xpath value="@value|f:*|h:div" /></constraint><isSummary value="true" /><binding><strength value="required" /><description value="The mime type of an attachment. Any valid mime type is allowed." /><valueSetUri value="http://www.rfc-editor.org/bcp/bcp13.txt" /></binding><mapping><identity value="rim" /><map value="n/a" /></mapping></element><element><path value="Bundle.signature.blob" /><short value="The actual signature content (XML DigSig. JWT, picture, etc.)" /><definition value="The base64 encoding of the Signature content." /><comments value="Where the signature type is an XML DigSig, the signed content is a FHIR Resource(s), the signature is of the XML form of the Resource(s) using  XML-Signature (XMLDIG) &quot;Detached Signature&quot; form." /><min value="1" /><max value="1" /><base><path value="Signature.blob" /><min value="1" /><max value="1" /></base><type><code value="base64Binary" /></type><condition value="ele-1" /><constraint><extension url="http://hl7.org/fhir/StructureDefinition/structuredefinition-expression"><valueString value="children()" /></extension><key value="ele-1" /><severity value="error" /><human value="All FHIR elements must have a @value or children" /><xpath value="@value|f:*|h:div" /></constraint><isSummary value="true" /><mapping><identity value="rim" /><map value="n/a" /></mapping></element></snapshot><differential><element><path value="Bundle" /><type><code value="Bundle" /></type><constraint><key value="bdl-7" /><severity value="error" /><human value="FullUrl must be unique in a bundle, or else entries with the same fullUrl must have different meta.versionId" /><xpath value="count(for $entry in f:entry[f:resource] return $entry[count(parent::f:Bundle/f:entry[f:fullUrl/@value=$entry/f:fullUrl/@value and ((not(f:resource/*/f:meta/f:versionId/@value) and not($entry/f:resource/*/f:meta/f:versionId/@value)) or f:resource/*/f:meta/f:versionId/@value=$entry/f:resource/*/f:meta/f:versionId/@value)])!=1])=0" /></constraint><constraint><key value="bdl-3" /><severity value="error" /><human value="entry.transaction when (and only when) a transaction" /><xpath value="not(f:entry/f:request) or (f:type/@value = 'batch') or (f:type/@value = 'transaction') or (f:type/@value = 'history')" /></constraint><constraint><key value="bdl-4" /><severity value="error" /><human value="entry.transactionResponse when (and only when) a transaction-response" /><xpath value="not(f:entry/f:response) or (f:type/@value = 'batch-response') or (f:type/@value = 'transaction-response')" /></constraint><constraint><key value="bdl-1" /><severity value="error" /><human value="total only when a search or history" /><xpath value="not(f:total) or (f:type/@value = 'searchset') or (f:type/@value = 'history')" /></constraint><constraint><key value="bdl-2" /><severity value="error" /><human value="entry.search only when a search" /><xpath value="not(f:entry/f:search) or (f:type/@value = 'searchset')" /></constraint></element><element><path value="Bundle.type" /><short value="Bundle identified by bundle type 'message'." /><fixedCode value="message" /></element><element><path value="Bundle.total" /><max value="0" /></element><element><path value="Bundle.link" /><name value="link" /><max value="0" /></element><element><path value="Bundle.entry" /><min value="1" /></element><element><path value="Bundle.entry.link" /><max value="0" /></element><element><path value="Bundle.entry.fullUrl" /><comments value="fullUrl may not be unique in the context of a resource.  Note that since FHIR resources do not need to be served through the FHIR API, the absolute URL may not end with the logical id of the resource (Resource.id), but if the fullUrl does look like a RESTful server URL (e.g. meets the regex, then it SHALL end with the Resource.id." /></element><element><path value="Bundle.entry.resource" /><min value="1" /></element><element><path value="Bundle.entry.search" /><max value="0" /></element><element><path value="Bundle.entry.request" /><max value="0" /></element><element><path value="Bundle.entry.response" /><max value="0" /></element><element><path value="Bundle.signature" /><max value="0" /></element><element><path value="Bundle.signature.who[x]" /><type><code value="uri" /></type><type><code value="Reference" /><profile value="http://hl7.org/fhir/StructureDefinition/RelatedPerson" /></type><type><code value="Reference" /><profile value="http://hl7.org/fhir/StructureDefinition/Device" /></type></element></differential></StructureDefinition>