<FamilyMemberHistory xmlns="http://hl7.org/fhir"><id value="3CDC5133-1A2E-461F-8BAF-E09ACFA49AF6" /><meta><profile value="http://fhir.nhs.net/StructureDefinition/dds-report-family-member-history-1-0" /></meta><identifier><use value="usual" /><system value="http://www.mmc.nhs.uk/fmh-id" /><value value="MMCFMH8997654" /><assigner><reference value="Organization/78D64BB3-B5B2-450B-AEB7-D9035EBC711D" /><display value="MGP Medical Centre" /></assigner></identifier><patient><reference value="Patient/B2D4B85D-AC24-4E9C-A368-588C3F34F570" /><display value="William Arthur Smith" /></patient><date value="2013-09-17T10:30:30+01:00" /><status value="completed" /><name value="Muriel Smith" /><relationship><coding><system value="http://fhir.nhs.net/ValueSet/cda-person-relationship-type-1-0" /><code value="12" /><display value="Mother" /></coding></relationship><gender value="female" /><deceasedDate value="2013-07-14" /><condition><code><coding><system value="http://hl7.org/fhir/ValueSet/condition-code" /><code value="371041009" /><display value="Embolic Stroke" /></coding><text value="Stroke" /></code><outcome><coding><system value="http://hl7.org/fhir/ValueSet/condition-outcome" /><code value="deceased" /><display value="Deceased" /></coding></outcome><onsetQuantity><value value="62" /><unit value="year" /><system value="http://unitsofmeasure.org" /><code value="a" /></onsetQuantity></condition></FamilyMemberHistory>