<Observation xmlns="http://hl7.org/fhir"><id value="4862C5DD-8D02-475E-A0EC-66BA47BFD282" /><meta><profile value="http://fhir.nhs.net/StructureDefinition/dds-report-observation-1-0" /></meta><identifier><use value="usual" /><system value="http://www.sampleth.nhs.uk/pathology/cellularpathology/labno" /><value value="CP8667800015" /><assigner><reference value="Organization/223F5C66-66BF-4CEA-A5D7-25AB9348B448" /></assigner></identifier><status value="final" /><category><coding><system value="http://hl7.org/fhir/ValueSet/observation-category" /><code value="laboratory" /><display value="Laboratory" /></coding></category><code><coding><system value="http://snomed.info/sct" /><code value=" 1020451000000104" /><display value="Cervical cytology test" /><userSelected value="true" /></coding></code><subject><reference value="Patient/9A66024B-0546-4088-B20E-DFF3C2C00FCE" /><display value="Chrystal Jones" /></subject><effectiveDateTime value="2016-02-11T11:06:25+01:00" /><issued value="2016-02-14T10:06:27+01:00" /><valueString value="Mild dyskaryosis." /><comments value="Low-grade changes which may be associated with wart virus (HPV) infection." /><bodySite><coding><system value="http://hl7.org/fhir/ValueSet/body-site" /><code value="71252005" /><display value="Cervix uteri structure" /></coding></bodySite><method><coding><system value="http://snomed.info/sct" /><code value="996261000000103" /><display value="Cervical cytology screening test" /></coding></method><specimen><reference value="Specimen/DE756619-4DB4-4C51-9FFB-9DDC8682C96" /></specimen><referenceRange><low /><high /><text /></referenceRange><component><code><coding><system value="http://snomed.info/sct" /><code value="880941000000101" /><display value="Cervical smear - low grade dyskaryosis" /></coding></code><valueString value="Low grade dyskaryosis" /><referenceRange><low /><high /></referenceRange></component><component><code><coding><system value="http://snomed.info/sct" /><code value=" 391147004" /><display value=" Human papillomavirus test positive" /></coding></code><valueString value="Sample shows low-grade changes often associated with HPV; likely to return to normal without treatment." /><referenceRange><low /><high /></referenceRange></component></Observation>