<Observation xmlns="http://hl7.org/fhir"><id value="F1349F62-D2CC-4384-A86E-ABD2A654C571" /><meta><profile value="http://fhir.nhs.net/StructureDefinition/dds-report-observation-1-0" /></meta><identifier><use value="usual" /><system value="http://www.sampleth.nhs.uk/pathology/microbiology/labno" /><value value="MIC8667800012" /><assigner><reference value="Organization/223F5C66-66BF-4CEA-A5D7-25AB9348B448" /></assigner></identifier><status value="final" /><category><coding><system value="http://hl7.org/fhir/ValueSet/observation-category" /><code value="laboratory" /><display value="Laboratory" /></coding></category><code><coding><system value="http://snomed.info/sct" /><code value="1028341000000105" /><display value="Hepatitis B antigen screening" /><userSelected value="true" /></coding></code><subject><reference value="Patient/B2D4B85D-AC24-4E9C-A368-588C3F34F570" /><display value="William Arthur Smith" /></subject><effectiveDateTime value="2016-04-10T12:06:15+01:00" /><issued value="2016-04-12T14:01:10+01:00" /><valueString value="Immune to Hepatitis B." /><interpretation><coding><system value="http://hl7.org/fhir/ValueSet/observation-interpretation" /><code value="R" /><display value="Resistant" /></coding></interpretation><comments value="Immunity due to vaccination." /><bodySite><coding><system value="http://hl7.org/fhir/ValueSet/body-site" /><code value="308046002" /><display value="Structure of superficial forearm vein" /></coding></bodySite><method><coding><system value="http://snomed.info/sct" /><code value=" 1009211000000104" /><display value="Blood culture" /></coding></method><specimen><reference value="Specimen/B603CEDE-8C3F-4909-9CB1-D47C0FDE9F8A" /></specimen><component><code><coding><system value="http://snomed.info/sct" /><code value="1008791000000106" /><display value="Hepatitis B surface antigen antibody level" /></coding><text value="HBsAG" /></code><valueCodeableConcept><coding><system value="http://hl7.org/fhir/ValueSet/observation-interpretation" /><code value="NEG" /><display value="Negative" /></coding></valueCodeableConcept><referenceRange><low /><high /></referenceRange></component><component><code><coding><system value="http://snomed.info/sct" /><code value="1014201000000102" /><display value="Hepatitis B surface antibody level" /></coding><text value="Anti-HBs" /></code><valueCodeableConcept><coding><system value="http://hl7.org/fhir/ValueSet/observation-interpretation" /><code value="POS" /><display value="Positive" /></coding></valueCodeableConcept></component><component><code><coding><system value="http://snomed.info/sct" /><code value="1014231000000108" /><display value="Hepatitis B core antibody level" /></coding><text value="Anti-HBc IgG+IgM" /></code><valueCodeableConcept><coding><system value="http://hl7.org/fhir/ValueSet/observation-interpretation" /><code value="NEG" /><display value="Negative" /></coding></valueCodeableConcept><referenceRange><low /><high /></referenceRange></component></Observation>