<Observation xmlns="http://hl7.org/fhir"><id value="1A2ABF38-02EC-471E-BB47-7929F853321A" /><meta><profile value="http://fhir.nhs.net/StructureDefinition/dds-report-observation-1-0" /></meta><identifier><use value="official" /><system value="http://www.sampleth.nhs.uk/pathology/bloodsciences/labno" /><value value="HAEM8667800009" /><assigner><reference value="Organization/223F5C66-66BF-4CEA-A5D7-25AB9348B448" /></assigner></identifier><status value="final" /><category><coding><system value="http://hl7.org/fhir/ValueSet/observation-category" /><code value="laboratory" /><display value="Laboratory" /></coding></category><code><coding><system value="http://snomed.info/sct" /><code value="1022441000000101" /><display value="Full blood count" /></coding></code><subject><reference value="Patient/B2D4B85D-AC24-4E9C-A368-588C3F34F570" /><display value="William Arthur Smith" /></subject><effectiveDateTime value="2016-05-17T15:30:10+01:00" /><issued value="2016-05-16T15:30:10+01:00" /><valueString value="All test results within normal ranges." /><interpretation><coding><system value="http://hl7.org/fhir/ValueSet/observation-interpretation" /><code value="N" /><display value="Normal" /></coding></interpretation><comments value="Platelets are clumped, but appear adequate in number. Red cells are mainly normocytic normochromic with mild rouleaux. White cells appear normal." /><bodySite><coding><system value="http://hl7.org/fhir/ValueSet/body-site" /><code value="308046002" /><display value="Structure of superficial forearm vein" /></coding></bodySite><method><coding><system value="http://snomed.info/sct" /><code value="To be decided" /><display value="To be decided" /></coding></method><specimen><reference value="Specimen/B603CEDE-8C3F-4909-9CB1-D47C0FDE9F8A" /></specimen><component><code><text value="Hb (Haemoglobin)" /></code><valueQuantity><value value="129" /><unit value="Grammes per Litre" /><system value="http://unitsofmeasure.org" /><code value="g/L" /></valueQuantity><referenceRange><low><value value="115" /><unit value="Grammes per Litre" /><system value="http://unitsofmeasure.org" /><code value="g/L" /></low><high><value value="150" /><unit value="Grammes per Litre" /><system value="http://unitsofmeasure.org" /><code value="g/L" /></high></referenceRange></component><component><code><coding><system value="http://snomed.info/sct" /><code value="1022541000000102" /><display value="Total white cell count" /></coding><text value="White Cell Count" /></code><valueQuantity><value value="8.6" /><unit value="x10^9/L" /><system value="http://unitsofmeasure.org" /><code value="x10^9/L" /></valueQuantity><referenceRange><low><value value="4.0" /><unit value="x10^9/L" /><system value="http://unitsofmeasure.org" /><code value="x10^9/L" /></low><high><value value="11.0" /><unit value="x10^9/L" /><system value="http://unitsofmeasure.org" /><code value="x10^9/L" /></high></referenceRange></component><component><code><text value="Platelets" /></code><valueQuantity><value value="213" /><unit value="x10^9/L" /><system value="http://unitsofmeasure.org" /><code value="x10^9/L" /></valueQuantity><referenceRange><low><value value="140" /><unit value="x10^9/L" /><system value="http://unitsofmeasure.org" /><code value="x10^9/L" /></low><high><value value="400" /><unit value="x10^9/L" /><system value="http://unitsofmeasure.org" /><code value="x10^9/L" /></high></referenceRange></component><component><code><coding><system value="http://snomed.info/sct" /><code value="1022491000000106" /><display value="Mean corpuscular volume " /></coding><text value="MCV" /></code><valueQuantity><value value="86" /><unit value="femtolitre" /><system value="http://unitsofmeasure.org" /><code value="fL" /></valueQuantity><referenceRange><low><value value="80" /><unit value="femtolitre" /><system value="http://unitsofmeasure.org" /><code value="fL" /></low><high><value value="96" /><unit value="femtolitre" /><system value="http://unitsofmeasure.org" /><code value="fL" /></high></referenceRange></component><component><code><coding><system value="http://snomed.info/sct" /><code value=" 365616005" /><display value="Finding of hematocrit" /></coding><text value="PCV" /></code><valueQuantity><value value="0.38" /><unit value="litre per litre" /><system value="http://unitsofmeasure.org" /><code value="L/L" /></valueQuantity><referenceRange><low><value value="0.35" /><unit value="litre per litre" /><system value="http://unitsofmeasure.org" /><code value="L/L" /></low><high><value value="0.45" /><unit value="litre per litre" /><system value="http://unitsofmeasure.org" /><code value="L/L" /></high></referenceRange></component><component><code><coding><system value="http://snomed.info/sct" /><code value="1022451000000103" /><display value="Red blood cell count" /></coding><text value="RCC" /></code><valueQuantity><value value="4.42" /><unit value="x10^12/L" /><system value="http://unitsofmeasure.org" /><code value="x10^12/L" /></valueQuantity><referenceRange><low><value value="3.80" /><unit value="x10^12/L" /><system value="http://unitsofmeasure.org" /><code value="x10^12/L" /></low><high><value value="5.10" /><unit value="x10^12/L" /><system value="http://unitsofmeasure.org" /><code value="x10^12/L" /></high></referenceRange></component><component><code><coding><system value="http://snomed.info/sct" /><code value="1022471000000107" /><display value="Mean corpuscular haemoglobin" /></coding><text value="MCH" /></code><valueQuantity><value value="29.3" /><unit value="picogram" /><system value="http://unitsofmeasure.org" /><code value="pg" /></valueQuantity><referenceRange><low><value value="27.0" /><unit value="picogram" /><system value="http://unitsofmeasure.org" /><code value="pg" /></low><high><value value="33.0" /><unit value="picogram" /><system value="http://unitsofmeasure.org" /><code value="pg" /></high></referenceRange></component><component><code><coding><system value="http://snomed.info/sct" /><code value="1022481000000109" /><display value="Mean corpuscular hemoglobin concentration" /></coding><text value="MCHC" /></code><valueQuantity><value value="341" /><unit value="Grammes per Litre" /><system value="http://unitsofmeasure.org" /><code value="g/L" /></valueQuantity><referenceRange><low><value value="320" /><unit value="Grammes per Litre" /><system value="http://unitsofmeasure.org" /><code value="g/L" /></low><high><value value="360" /><unit value="Grammes per Litre" /><system value="http://unitsofmeasure.org" /><code value="g/L" /></high></referenceRange></component><component><code><coding><system value="http://snomed.info/sct" /><code value="993501000000105" /><display value="Red blood cell distribution width" /></coding><text value="RDW" /></code><valueQuantity><value value="14.0" /><unit value="percent" /><system value="http://unitsofmeasure.org" /><code value="%" /></valueQuantity><referenceRange><low><value value="11.0" /><unit value="percent" /><system value="http://unitsofmeasure.org" /><code value="%" /></low><high><value value="15.0" /><unit value="percent" /><system value="http://unitsofmeasure.org" /><code value="%" /></high></referenceRange></component><component><code><coding><system value="http://snomed.info/sct" /><code value="1022551000000104" /><display value="Neutrophil count" /></coding></code><valueQuantity><value value="6.2" /><unit value="billion per litre" /><system value="http://unitsofmeasure.org" /><code value="10*9/L" /></valueQuantity><referenceRange><low><value value="2.0" /><unit value="billion per litre" /><system value="http://unitsofmeasure.org" /><code value="10*9/L" /></low><high><value value="8.0" /><unit value="billion per litre" /><system value="http://unitsofmeasure.org" /><code value="10*9/L" /></high></referenceRange></component><component><code><coding><system value="http://snomed.info/sct" /><code value="1022581000000105" /><display value="Lymphocyte count" /></coding></code><valueQuantity><value value="1.5" /><unit value="billion per litre" /><system value="http://unitsofmeasure.org" /><code value="10*9/L" /></valueQuantity><referenceRange><low><value value="1.2" /><unit value="billion per litre" /><system value="http://unitsofmeasure.org" /><code value="10*9/L" /></low><high><value value="4.0" /><unit value="billion per litre" /><system value="http://unitsofmeasure.org" /><code value="10*9/L" /></high></referenceRange></component><component><code><coding><system value="http://snomed.info/sct" /><code value="1022591000000107" /><display value="Monocyte count" /></coding></code><valueQuantity><value value="0.8" /><unit value="billion per litre" /><system value="http://unitsofmeasure.org" /><code value="10*9/L" /></valueQuantity><referenceRange><low><value value="0.1" /><unit value="billion per litre" /><system value="http://unitsofmeasure.org" /><code value="10*9/L" /></low><high><value value="1.0" /><unit value="billion per litre" /><system value="http://unitsofmeasure.org" /><code value="10*9/L" /></high></referenceRange></component><component><code><coding><system value="http://snomed.info/sct" /><code value="1022561000000101" /><display value="Eosinophil count" /></coding></code><valueQuantity><value value="0.0" /><unit value="billion per litre" /><system value="http://unitsofmeasure.org" /><code value="10*9/L" /></valueQuantity><referenceRange><low><value value="0.0" /><unit value="billion per litre" /><system value="http://unitsofmeasure.org" /><code value="10*9/L" /></low><high><value value="0.5" /><unit value="billion per litre" /><system value="http://unitsofmeasure.org" /><code value="10*9/L" /></high></referenceRange></component><component><code><coding><system value="http://snomed.info/sct" /><code value="1022571000000108" /><display value="Basophil count" /></coding><text value="Band cells" /></code><valueQuantity><value value="0.1" /><unit value="billion per litre" /><system value="http://unitsofmeasure.org" /><code value="10*9/L" /></valueQuantity><referenceRange><low><value value="0.0" /><unit value="billion per litre" /><system value="http://unitsofmeasure.org" /><code value="10*9/L" /></low><high><value value="0.1" /><unit value="billion per litre" /><system value="http://unitsofmeasure.org" /><code value="10*9/L" /></high></referenceRange></component></Observation>