<Specimen xmlns="http://hl7.org/fhir"><id value="DE756619-4DB4-4C51-9FFB-9DDC8682C96" /><meta><profile value="http://fhir.nhs.net/StructureDefinition/dds-report-specimen-1-0" /></meta><identifier><use value="official" /><system value="http://mgp.nhs.uk/id/specimen-id" /><value value="DDD1F740-9CAB-4F2C-A34B-C18E92F377CA" /><assigner><reference value="Organization/78D64BB3-B5B2-450B-AEB7-D9035EBC711D" /><display value="MGP Medical Centre" /></assigner></identifier><type><coding><system value="http://snomed.info/sct" /><code value="276446009" /><display value="Cervical smear sample" /></coding></type><subject><reference value="Patient/9A66024B-0546-4088-B20E-DFF3C2C00FCE" /><display value="Chrystal Jones" /></subject><accessionIdentifier><system value="http://www.sampleth.nhs.uk/pathology/cytologyservices/labno" /><value value="CS8667800001" /><period><start value="2016-04-04T09:16:00+01:00" /></period><assigner><reference value="Organization/223F5C66-66BF-4CEA-A5D7-25AB9348B448" /></assigner></accessionIdentifier><receivedTime value="2016-04-04T09:20:00+01:00" /><collection><collector><reference value="Practitioner/4BFCA0EF-85D0-4C5E-B662-D4910BB83D82" /><display value="Dr. Jones" /></collector><quantity /><method><coding><system value="http://snomed.info/sct" /><code value="839611000000107" /><display value="Collection of specimen by smear" /></coding></method><bodySite><coding><system value="http://snomed.info/sct" /><code value="71252005" /><display value="Cervix" /></coding></bodySite></collection><treatment><procedure><coding><system value="http://snomed.info/sct" /><code value=" 446914005" /><display value="Preparation and staining of smear using Papanicolaou technique" /></coding></procedure></treatment><treatment><procedure><coding><system value="http://snomed.info/sct" /><code value="700152009" /><display value="Human papilloma virus screening" /></coding></procedure></treatment><container><identifier><system value="http://mmp.nhs.uk/id/container-id" /><value value="678E680B-2D32-4A7A-85A1-CC79D57D4142" /><assigner><reference value="Organisation/78D64BB3-B5B2-450B-AEB7-D9035EBC711D" /><display value="MGP Medical Centre" /></assigner></identifier><type><coding><system value="http://snomed.info/sct" /><code value="434746001" /><display value="Specimen vial" /></coding></type><capacity><value value="10" /><unit value="mL" /><system value="http://unitsofmeasure.org" /></capacity></container></Specimen>