<Observation xmlns="http://hl7.org/fhir"><id value="26B1B97A-EB9F-443A-9DF6-32EE27DDFEF3" /><meta><profile value="http://fhir.nhs.net/StructureDefinition/dds-report-observation-1-0" /></meta><identifier><use value="usual" /><system value="http://www.sampleth.nhs.uk/pathology/bloodtransfusion/labno" /><value value="BT8667800011" /><assigner><reference value="Organization/223F5C66-66BF-4CEA-A5D7-25AB9348B448" /></assigner></identifier><status value="final" /><category><coding><system value="http://hl7.org/fhir/ValueSet/observation-category" /><code value="laboratory" /><display value="Laboratory" /></coding></category><code><coding><system value="http://snomed.info/sct" /><code value="250373003" /><display value="Blood transfusion observation" /><userSelected value="true" /></coding></code><subject><reference value="Patient/B2D4B85D-AC24-4E9C-A368-588C3F34F570" /><display value="William Arthur Smith" /></subject><effectiveDateTime value="2016-05-10T12:06:15+01:00" /><issued value="2016-05-10T14:01:10+01:00" /><valueString value="Blood Group: O negative" /><comments value="No atypical antibodies detected in this sample." /><bodySite><coding><system value="http://hl7.org/fhir/ValueSet/body-site" /><code value="308046002" /><display value="Structure of superficial forearm vein" /></coding></bodySite><method><coding><system value="http://snomed.info/sct" /><code value="To be determined" /><display value="To be determined" /></coding></method><specimen><reference value="Specimen/B603CEDE-8C3F-4909-9CB1-D47C0FDE9F8A" /></specimen><component><code><coding><system value="http://snomed.info/sct" /><code value="991901000000101" /><display value="ABO blood grouping" /></coding><text value="ABO typing" /></code><valueString value="Blood Group O" /><referenceRange><low /><high /></referenceRange></component><component><code><coding><system value="http://snomed.info/sct" /><code value="165746003" /><display value="RhD negative" /></coding></code><valueString value="RH negative" /><referenceRange><low /><high /></referenceRange></component><component><code><text value="Red cell antibody screen" /></code><valueString value="Antibodies not present." /><referenceRange><low /><high /></referenceRange></component></Observation>