<Organization xmlns="http://hl7.org/fhir"><id value="0A6F71A7-161D-4A84-8573-AB55DBB19340" /><meta><profile value="http://fhir.nhs.net/StructureDefinition/dds-report-organisation-1-0" /></meta><identifier><use value="usual" /><system value="http://fhir.nhs.net/Id/local-organization-code" /><value value="PHARM001" /><assigner><reference value="Organization/0A6F71A7-161D-4A84-8573-AB55DBB19340" /></assigner></identifier><type><coding><system value="http://fhir.nhs.net/ValueSet/organisation-type-1-0" /><code value="NN" /><display value="Non-NHS Organisation" /></coding></type><name value="Pharm Pharmaceuticals Limited" /><telecom><system value="phone" /><value value="01136870000" /><use value="work" /></telecom><telecom><system value="other" /><value value="www.pharm.com" /><use value="work" /></telecom><address><type value="both" /><line value="Pharm Pharmaceuticals Limited" /><line value="North Industrial Estate" /><city value="Sampletown" /><district value="West Yorkshire" /><postalCode value="LS10 7BY" /></address></Organization>