<Specimen xmlns="http://hl7.org/fhir"><id value="B603CEDE-8C3F-4909-9CB1-D47C0FDE9F8A" /><meta><profile value="http://fhir.nhs.net/StructureDefinition/dds-report-specimen-1-0" /></meta><identifier><use value="official" /><system value="http://mmp.nhs.uk/id/specimen-id" /><value value="B603CEDE-8C3F-4909-9CB1-D47C0FDE9F8A" /><assigner><reference value="Organization/78D64BB3-B5B2-450B-AEB7-D9035EBC711D" /><display value="MGP Medical Centre" /></assigner></identifier><type><coding><system value="http://snomed.info/sct" /><version value=" 20150731" /><code value="119297000" /><display value="blood specimen" /></coding></type><subject><reference value="Patient/B2D4B85D-AC24-4E9C-A368-588C3F34F570" /><display value="William Arthur Smith" /></subject><accessionIdentifier><system value="http://www.sampleth.nhs.uk/pathology/bloodsciences/labno" /><value value="HAEM8667800001" /><period><start value="2016-01-03T09:00:00+01:00" /></period><assigner><reference value="Organization/223F5C66-66BF-4CEA-A5D7-25AB9348B448" /></assigner></accessionIdentifier><receivedTime value="2016-01-03T09:05:00+01:00" /><collection><collector><reference value="Practitioner/4BFCA0EF-85D0-4C5E-B662-D4910BB83D82" /><display value="Dr. Jones" /></collector><quantity><value value="6" /><unit value="millilitre" /><system value="http://unitsofmeasure.org" /><code value="mL" /></quantity><method><coding><system value="http://snomed.info/sct" /><code value="32564009" /><display value="arterial specimen collection for laboratory test" /></coding></method><bodySite><coding><system value="http://hl7.org/fhir/ValueSet/body-site" /><code value="308046002" /><display value="Structure of superficial forearm vein" /></coding></bodySite></collection><treatment /><container><identifier><system value="http://mmp.nhs.uk/id/container-id" /><value value="08FC96C4-EB3A-46D3-93C5-4B23792DCC1C" /><assigner><reference value="Organisation/78D64BB3-B5B2-450B-AEB7-D9035EBC711D" /><display value="MGP Medical Centre" /></assigner></identifier><type><coding><system value="http://snomed.info/sct" /><version value=" 20150731" /><code value="434746001" /><display value="Specimen vial" /></coding></type><capacity><value value="10" /><unit value="mL" /><system value="http://unitsofmeasure.org" /></capacity><specimenQuantity><value value="6" /><unit value="mL" /><system value="http://unitsofmeasure.org" /></specimenQuantity></container></Specimen>