<DiagnosticReport xmlns="http://hl7.org/fhir"><id value="50BA1013-55F8-4740-880E-1FBB9B4AA125" /><meta><profile value="http://fhir.nhs.net/StructureDefinition/dds-report-1-0" /></meta><identifier><use value="official" /><system value="http://www.sampleth.nhs.uk/pathology/report-identifier" /><value value="STHTPATH89000000003" /><assigner><reference value="Organization/223F5C66-66BF-4CEA-A5D7-25AB9348B448" /><display value="Sampletown Teaching Hospitals, Pathology Services" /></assigner></identifier><status value="final" /><category><coding><system value="http://hl7.org/fhir/ValueSet/diagnostic-service-sections" /><code value="MB" /><display value="Microbiology" /></coding></category><code><coding><system value="http://snomed.info/sct" /><code value="1028341000000105" /><display value="Hepatitis B antigen screening" /></coding></code><subject><reference value="Patient/B2D4B85D-AC24-4E9C-A368-588C3F34F570" /><display value="William Arthur Smith" /></subject><effectiveDateTime value="2013-04-15T03:45:00+01:00" /><issued value="2013-04-15T10:28:00+01:00" /><performer><reference value="Practitioner/4BFCA0EF-85D0-4C5E-B662-D4910BB83D82" /></performer><request><display value="D4910BB83D82" /></request><specimen><reference value="Specimen/B603CEDE-8C3F-4909-9CB1-D47C0FDE9F8A" /></specimen><result><reference value="Observation/F1349F62-D2CC-4384-A86E-ABD2A654C571" /><display value="Results for Hepatitis B antigen screening" /></result><conclusion value="Immune to Hepatitis B. Immunity due to vaccination." /><codedDiagnosis><coding><system value="http://hl7.org/fhir/ValueSet/clinical-findings" /><code value="271511000" /><display value="Hepatitis B immune" /></coding></codedDiagnosis><presentedForm><contentType value="text/plain; charset=UTF-8, image/png" /><language value="English" /><url value="http://www.sampleth.nhs.uk/pathology/logo-small.png" /></presentedForm></DiagnosticReport>