<Organization xmlns="http://hl7.org/fhir"><id value="223F5C66-66BF-4CEA-A5D7-25AB9348B448" /><meta><profile value="http://fhir.nhs.net/StructureDefinition/dds-report-organisation-1-0" /></meta><identifier><use value="usual" /><system value="http://fhir.nhs.net/Id/local-organization-code" /><value value="RR80001PATH" /><assigner><reference value="Organization/223F5C66-66BF-4CEA-A5D7-25AB9348B448" /></assigner></identifier><type><coding><system value="http://fhir.nhs.net/ValueSet/organisation-type-1-0" /><code value="TR" /><display value="NHS Trust" /></coding></type><name value="Sampletown Teaching Hospitals, Pathology Services" /><telecom><system value="phone" /><value value="01133928766" /><use value="work" /></telecom><address><type value="both" /><line value="Pathology Services" /><line value="Sampletown Teaching Hospitals NHS Trust" /><city value="Sampletown" /><district value="West Yorkshire" /><postalCode value="LS1 3EX" /></address></Organization>