<Device xmlns="http://hl7.org/fhir"><id value="197DF56D-2A69-4DC4-937C-A10426D9B565" /><meta><profile value="http://fhir.nhs.net/StructureDefinition/dds-report-device-1-0" /></meta><text><status value="generated" /><div xmlns="http://www.w3.org/1999/xhtml">
  <p>
    <b>Generated Narrative with Details</b>
  </p>
  <p>
    <b>id</b>:example-pacemaker</p>
  <p>
    <b>identifier</b>:1234-5678-90AB-CDEF</p>
  <p>
    <b>type</b>: Performance pace maker for high octane patients <span>(Details : {http://acme.com/devices code 'octane2014' = '??', given as 'Performance pace maker for high octane patients'})</span></p>
  <p>
    <b>manufacturer</b>:Acme Devices, Inc</p>
  <p>
    <b>model</b>: PM/Octane 2014</p>
  <p>
    <b>lotNumber</b>: 1234-5678</p>
  <p>
    <b>patient</b>: <a>Patient/B2D4B85D-AC24-4E9C-A368-588C3F34F570</a></p>
  <p>
    <b>contact</b>: ph: ext 4352</p>
</div></text><identifier><type><coding><system value="http://hl7.org/fhir/ValueSet/identifier-type" /><code value="SNO" /><display value="Serial Number" /></coding></type><system value="http://acme.com/devices/pacemakers/octane/serial" /><value value="1234-5678-90AB-CDEF" /></identifier><type><coding><system value="http://acme.com/devices" /><code value="octane2014" /><display value="Performance pace maker for high octane patients" /></coding></type><manufacturer value="Acme Devices, Inc" /><model value="PM/Octane 2014" /><lotNumber value="1234-5678" /><contact><system value="phone" /><value value="ext 4352" /></contact></Device>