<Patient xmlns="http://hl7.org/fhir"><id value="9A66024B-0546-4088-B20E-DFF3C2C00FCE" /><meta><profile value="http://fhir.nhs.net/StructureDefinition/dds-report-patient-1-0" /></meta><identifier><use value="official" /><type><coding><system value="http://fhir.nhs.net/ValueSet/nhs-number-status-indicator-1-0" /><code value="01" /><display value="Number present and verified" /></coding></type><system value="http://fhir.nhs.net/Id/nhs-number" /><value value="9900000277" /></identifier><active value="true" /><name><use value="official" /><text value="Chrystal Jones" /><family value="Jones" /><given value="Chrystal" /><prefix value="Ms" /></name><gender value="female" /><birthDate value="1994-10-18" /><deceasedBoolean value="false" /><address><use value="home" /><type value="both" /><text value="2 Muirfield Crescent, Sampletown, West Yorkshire, LS20 1BB" /><line value="2 Muirfield Crescent" /><city value="Sampletown" /><district value="West Yorkshire" /><postalCode value="LS20 1BB" /><country value="United Kingdom" /></address><maritalStatus><coding><system value="http://hl7.org/fhir/valueset-marital-status.html" /><code value="S" /><display value="Single" /><userSelected value="true" /></coding><text /></maritalStatus><multipleBirthInteger value="1" /><contact><relationship><coding><system value="http://fhir.nhs.net/ValueSet/cda-person-relationship-type-1-0" /><code value="12" /><display value="Mother" /><userSelected value="true" /></coding><text /></relationship><name><use value="official" /><text value="Patricia Jones" /><family value="Jones" /><given value="Patricia" /><prefix value="Mrs" /></name><telecom><system value="phone" /><value value="01254783577" /><use value="home" /><rank value="1" /></telecom><address><use value="home" /><type value="both" /><line value="2 Muirfield Crescent" /><city value="Sampletown" /><district value="West Yorkshire" /><postalCode value="LS20 1BB" /><country value="United Kingdom" /></address><gender value="female" /></contact><communication><language><coding><system value="http://fhir.nhs.net/ValueSet/human-language-1-0.html" /><code value="en" /><display value="English" /><userSelected value="true" /></coding></language><preferred value="true" /></communication><careProvider><reference value="Practitioner/4BFCA0EF-85D0-4C5E-B662-D4910BB83D82" /><display value="Dr. Jones" /></careProvider><careProvider><reference value="Organization/78D64BB3-B5B2-450B-AEB7-D9035EBC711D" /><display value="MGP Medical Centre" /></careProvider></Patient>