<Observation xmlns="http://hl7.org/fhir"><id value="CE773525-85D2-4214-A4C3-8EB5984152C4" /><meta><profile value="http://fhir.nhs.net/StructureDefinition/dds-report-supporting-information-observation-1-0" /></meta><identifier><use value="official" /><system value="http://www.sampleth.nhs.uk/pathology/bloodsciences/labno" /><value value="HAEM2667800009" /><assigner><reference value="Organization/223F5C66-66BF-4CEA-A5D7-25AB9348B448" /><display value="Sampletown Teaching Hospitals, Pathology Services" /></assigner></identifier><status value="cancelled" /><category><coding><system value="http://hl7.org/fhir/ValueSet/observation-category" /><code value="laboratory" /><display value="Laboratory" /></coding></category><code><coding><system value="http://snomed.info/sct" /><code value="1022441000000101" /><display value="Full blood count" /></coding></code><subject><reference value="Patient/B2D4B85D-AC24-4E9C-A368-588C3F34F570" /><display value="William Arthur Smith" /></subject><issued value="2016-01-08T12:35:40+01:00" /><dataAbsentReason><coding><system value="http://snomed.info/sct" /><code value="125154007" /><display value="Specimen unsatisfactory for evaluation." /></coding></dataAbsentReason><comments value="Tube broken in transit and sample leaked." /><bodySite><coding><system value="http://hl7.org/fhir/ValueSet/body-site" /><code value="308046002" /><display value="Structure of superficial forearm vein" /></coding></bodySite></Observation>